  0
SECTION
  2
HEADER
  9
$ANGBASE
  50
0.0
  9
$ANGDIR
  70
1
  9
$MEASUREMENT
  70
1
  9
$INSUNITS
  70
4
  0
ENDSEC
  0
SECTION
  2
TABLES
  0
TABLE
  2
LTYPE
  70
4
  0
LTYPE
  5
40F
  2
CONTINUOUS
  70
0
  3
Solid line
  72
65
  73
0
  40
0.0
  0
LTYPE
  5
410
  2
DASHDOT
 70
0
  3
Dash Dot ____ _ ____ _
 72
65
 73
4
 40
2.0
 49
1.25
 49
-0.25
 49
0.25
 49
-0.25
  0
LTYPE
  5
411
  2
DASHED
 70
0
  3
Dashed __ __ __ __ __
 72
65
 73
2
 40
0.75
 49
0.5
 49
-0.25
  0
LTYPE
  5
43B
  2
DOTTED
 70
0
  3
Dotted .  .  .  .
 72
65
 73
2
 40
0.2
 49
0.0
 49
-0.2
  0
ENDTAB
  0
TABLE
  2
STYLE
  70
4
  0
STYLE
  2
KICAD
  70
0
  40
0
  41
1
  42
1
  50
0
  71
0
  3
isocp.shx
  0
STYLE
  2
KICADB
  70
0
  40
0
  41
1
  42
1
  50
0
  71
0
  3
isocp.shx
  0
STYLE
  2
KICADI
  70
0
  40
0
  41
1
  42
1
  50
15
  71
0
  3
isocp.shx
  0
STYLE
  2
KICADBI
  70
0
  40
0
  41
1
  42
1
  50
15
  71
0
  3
isocp.shx
  0
ENDTAB
  0
TABLE
  2
LAYER
  70
1
  0
LAYER
  2
Edge.Cuts
  70
0
  62
254
  420
13685453
  6
CONTINUOUS
  0
ENDTAB
  0
ENDSEC
  0
SECTION
  2
ENTITIES
0
LINE
8
Edge.Cuts
6
CONTINUOUS
10
61.5950819999999979
20
-96.8999999999999915
11
16.5950819999999979
21
-96.8999999999999915
0
ARC
8
Edge.Cuts
10
149.9450819999999851
20
-96.3999999999999915
40
0.5
50
-270.00000000
51
-90.00000000
0
ARC
8
Edge.Cuts
10
194.9450819999999851
20
-96.3999999999999915
40
0.5
50
-90.00000000
51
90.00000000
0
LINE
8
Edge.Cuts
6
CONTINUOUS
10
269.1548819999999864
20
-96.8999999999999915
11
224.1548819999999864
21
-96.8999999999999915
0
LINE
8
Edge.Cuts
6
CONTINUOUS
10
224.1548819999999864
20
-95.8999999999999915
11
269.1548819999999864
21
-95.8999999999999915
0
LINE
8
Edge.Cuts
6
CONTINUOUS
10
149.9450819999999851
20
-95.8999999999999915
11
194.9450819999999851
21
-95.8999999999999915
0
ARC
8
Edge.Cuts
10
135.8048819999999921
20
-96.3999999999999915
40
0.5
50
-90.00000000
51
90.00000000
0
ARC
8
Edge.Cuts
10
224.1548819999999864
20
-96.3999999999999915
40
0.5
50
-270.00000000
51
-90.00000000
0
ARC
8
Edge.Cuts
10
16.5950819999999979
20
-96.3999999999999915
40
0.5
50
-270.00000000
51
-90.00000000
0
LINE
8
Edge.Cuts
6
CONTINUOUS
10
16.5950819999999979
20
-95.8999999999999915
11
61.5950819999999979
21
-95.8999999999999915
0
ARC
8
Edge.Cuts
10
90.8048819999999921
20
-96.3999999999999915
40
0.5
50
-270.00000000
51
-90.00000000
0
LINE
8
Edge.Cuts
6
CONTINUOUS
10
135.8048819999999921
20
-96.8999999999999915
11
90.8048819999999921
21
-96.8999999999999915
0
LINE
8
Edge.Cuts
6
CONTINUOUS
10
194.9450819999999851
20
-96.8999999999999915
11
149.9450819999999851
21
-96.8999999999999915
0
ARC
8
Edge.Cuts
10
269.1548819999999864
20
-96.3999999999999915
40
0.5
50
-90.00000000
51
90.00000000
0
LINE
8
Edge.Cuts
6
CONTINUOUS
10
90.8048819999999921
20
-95.8999999999999915
11
135.8048819999999921
21
-95.8999999999999915
0
ARC
8
Edge.Cuts
10
61.5950819999999979
20
-96.3999999999999915
40
0.5
50
-90.00000000
51
90.00000000
0
LINE
8
Edge.Cuts
6
CONTINUOUS
10
224.1549179999999808
20
4.8499999999999996
11
269.1549180000000092
21
4.8499999999999996
0
ARC
8
Edge.Cuts
10
135.8049179999999865
20
4.3499999999999996
40
0.5
50
-90.00000000
51
90.00000000
0
ARC
8
Edge.Cuts
10
90.8049180000000007
20
4.3499999999999996
40
0.5
50
-270.00000000
51
-90.00000000
0
LINE
8
Edge.Cuts
6
CONTINUOUS
10
16.5951179999999994
20
4.8499999999999996
11
61.5951179999999994
21
4.8499999999999996
0
LINE
8
Edge.Cuts
6
CONTINUOUS
10
61.5951179999999994
20
3.8499999999999996
11
16.5951179999999994
21
3.8499999999999996
0
LINE
8
Edge.Cuts
6
CONTINUOUS
10
135.8049179999999865
20
3.8499999999999996
11
90.8049180000000007
21
3.8499999999999996
0
ARC
8
Edge.Cuts
10
149.9451179999999795
20
4.3499999999999996
40
0.5
50
-270.00000000
51
-90.00000000
0
ARC
8
Edge.Cuts
10
61.5951179999999994
20
4.3499999999999996
40
0.5
50
-90.00000000
51
90.00000000
0
ARC
8
Edge.Cuts
10
269.1549180000000092
20
4.3499999999999996
40
0.5
50
-90.00000000
51
90.00000000
0
LINE
8
Edge.Cuts
6
CONTINUOUS
10
269.1549180000000092
20
3.8499999999999996
11
224.1549179999999808
21
3.8499999999999996
0
ARC
8
Edge.Cuts
10
194.9451179999999795
20
4.3499999999999996
40
0.5
50
-90.00000000
51
90.00000000
0
LINE
8
Edge.Cuts
6
CONTINUOUS
10
149.9451179999999795
20
4.8499999999999996
11
194.9451179999999795
21
4.8499999999999996
0
LINE
8
Edge.Cuts
6
CONTINUOUS
10
90.8049180000000007
20
4.8499999999999996
11
135.8049179999999865
21
4.8499999999999996
0
ARC
8
Edge.Cuts
10
16.5951179999999994
20
4.3499999999999996
40
0.5
50
-270.00000000
51
-90.00000000
0
LINE
8
Edge.Cuts
6
CONTINUOUS
10
194.9451179999999795
20
3.8499999999999996
11
149.9451179999999795
21
3.8499999999999996
0
ARC
8
Edge.Cuts
10
224.1549179999999808
20
4.3499999999999996
40
0.5
50
-270.00000000
51
-90.00000000
0
ARC
8
Edge.Cuts
10
223.2548999999999921
20
7.
40
1.599982
50
89.99935542
51
180.00000000
0
ARC
8
Edge.Cuts
10
62.4950999999999937
20
-99.0499999999999972
40
1.599982
50
-90.00064458
51
-0.00000000
0
LINE
8
Edge.Cuts
6
CONTINUOUS
10
206.9827310000000011
20
-93.2131189999999918
11
206.9744799999999998
21
-93.2208579999999927
0
LINE
8
Edge.Cuts
6
CONTINUOUS
10
206.9744799999999998
20
-93.2208579999999927
11
206.9661749999999927
21
-93.2285380000000004
0
LINE
8
Edge.Cuts
6
CONTINUOUS
10
206.9661749999999927
20
-93.2285380000000004
11
206.9578159999999798
21
-93.2361590000000007
0
LINE
8
Edge.Cuts
6
CONTINUOUS
10
206.9578159999999798
20
-93.2361590000000007
11
206.9494029999999896
21
-93.2437209999999936
0
LINE
8
Edge.Cuts
6
CONTINUOUS
10
206.9494029999999896
20
-93.2437209999999936
11
206.940936999999991
21
-93.251222999999996
0
LINE
8
Edge.Cuts
6
CONTINUOUS
10
206.940936999999991
20
-93.251222999999996
11
206.9324179999999842
21
-93.2586649999999935
0
LINE
8
Edge.Cuts
6
CONTINUOUS
10
206.9324179999999842
20
-93.2586649999999935
11
206.923846999999995
21
-93.2660470000000004
0
LINE
8
Edge.Cuts
6
CONTINUOUS
10
206.923846999999995
20
-93.2660470000000004
11
206.9152239999999949
21
-93.2733679999999907
0
LINE
8
Edge.Cuts
6
CONTINUOUS
10
206.9152239999999949
20
-93.2733679999999907
11
206.9065489999999841
21
-93.280627999999993
0
LINE
8
Edge.Cuts
6
CONTINUOUS
10
206.9065489999999841
20
-93.280627999999993
11
206.8978219999999908
21
-93.2878269999999929
0
LINE
8
Edge.Cuts
6
CONTINUOUS
10
206.8978219999999908
20
-93.2878269999999929
11
206.8890449999999817
21
-93.2949629999999956
0
LINE
8
Edge.Cuts
6
CONTINUOUS
10
206.8890449999999817
20
-93.2949629999999956
11
206.8802179999999851
21
-93.302037999999996
0
LINE
8
Edge.Cuts
6
CONTINUOUS
10
206.8802179999999851
20
-93.302037999999996
11
206.871341000000001
21
-93.3090499999999992
0
LINE
8
Edge.Cuts
6
CONTINUOUS
10
206.871341000000001
20
-93.3090499999999992
11
206.8624140000000011
21
-93.3159989999999908
0
LINE
8
Edge.Cuts
6
CONTINUOUS
10
206.8624140000000011
20
-93.3159989999999908
11
206.8534389999999803
21
-93.3228849999999994
0
LINE
8
Edge.Cuts
6
CONTINUOUS
10
206.8534389999999803
20
-93.3228849999999994
11
206.8444149999999979
21
-93.3297069999999991
0
LINE
8
Edge.Cuts
6
CONTINUOUS
10
206.8444149999999979
20
-93.3297069999999991
11
206.8353419999999971
21
-93.3364660000000015
0
LINE
8
Edge.Cuts
6
CONTINUOUS
10
206.8353419999999971
20
-93.3364660000000015
11
206.8262220000000013
21
-93.3431599999999975
0
LINE
8
Edge.Cuts
6
CONTINUOUS
10
206.8262220000000013
20
-93.3431599999999975
11
206.8170549999999821
21
-93.3497899999999987
0
LINE
8
Edge.Cuts
6
CONTINUOUS
10
206.8170549999999821
20
-93.3497899999999987
11
206.8078409999999963
21
-93.3563539999999961
0
LINE
8
Edge.Cuts
6
CONTINUOUS
10
206.8078409999999963
20
-93.3563539999999961
11
206.7985809999999844
21
-93.3628539999999987
0
LINE
8
Edge.Cuts
6
CONTINUOUS
10
206.7985809999999844
20
-93.3628539999999987
11
206.7892750000000035
21
-93.3692879999999974
0
LINE
8
Edge.Cuts
6
CONTINUOUS
10
206.7892750000000035
20
-93.3692879999999974
11
206.7799239999999941
21
-93.3756559999999922
0
LINE
8
Edge.Cuts
6
CONTINUOUS
10
206.7799239999999941
20
-93.3756559999999922
11
206.7705279999999846
21
-93.3819569999999999
0
LINE
8
Edge.Cuts
6
CONTINUOUS
10
206.7705279999999846
20
-93.3819569999999999
11
206.7610870000000034
21
-93.3881930000000011
0
LINE
8
Edge.Cuts
6
CONTINUOUS
10
206.7610870000000034
20
-93.3881930000000011
11
206.7516029999999887
21
-93.3943609999999893
0
LINE
8
Edge.Cuts
6
CONTINUOUS
10
206.7516029999999887
20
-93.3943609999999893
11
206.7420749999999998
21
-93.4004619999999903
0
LINE
8
Edge.Cuts
6
CONTINUOUS
10
206.7420749999999998
20
-93.4004619999999903
11
206.7325039999999774
21
-93.40649599999999
0
LINE
8
Edge.Cuts
6
CONTINUOUS
10
206.7325039999999774
20
-93.40649599999999
11
206.7277029999999911
21
-93.4094869999999986
0
LINE
8
Edge.Cuts
6
CONTINUOUS
10
206.7277029999999911
20
-93.4094869999999986
11
206.7228910000000042
21
-93.4124619999999908
0
LINE
8
Edge.Cuts
6
CONTINUOUS
10
206.7228910000000042
20
-93.4124619999999908
11
206.7180679999999882
21
-93.415419
0
LINE
8
Edge.Cuts
6
CONTINUOUS
10
206.7180679999999882
20
-93.415419
11
206.7132349999999974
21
-93.4183599999999927
0
LINE
8
Edge.Cuts
6
CONTINUOUS
10
206.7132349999999974
20
-93.4183599999999927
11
206.7083920000000035
21
-93.4212830000000025
0
LINE
8
Edge.Cuts
6
CONTINUOUS
10
206.7083920000000035
20
-93.4212830000000025
11
206.7035379999999805
21
-93.4241889999999984
0
LINE
8
Edge.Cuts
6
CONTINUOUS
10
206.7035379999999805
20
-93.4241889999999984
11
206.6986749999999802
21
-93.4270779999999945
0
LINE
8
Edge.Cuts
6
CONTINUOUS
10
206.6986749999999802
20
-93.4270779999999945
11
206.6938009999999792
21
-93.429949999999991
0
LINE
8
Edge.Cuts
6
CONTINUOUS
10
206.6938009999999792
20
-93.429949999999991
11
206.6889159999999777
21
-93.4328039999999902
0
LINE
8
Edge.Cuts
6
CONTINUOUS
10
206.6889159999999777
20
-93.4328039999999902
11
206.6840219999999988
21
-93.4356420000000014
0
LINE
8
Edge.Cuts
6
CONTINUOUS
10
206.6840219999999988
20
-93.4356420000000014
11
206.6791179999999883
21
-93.4384609999999896
0
LINE
8
Edge.Cuts
6
CONTINUOUS
10
206.6791179999999883
20
-93.4384609999999896
11
206.6742040000000031
21
-93.4412639999999897
0
LINE
8
Edge.Cuts
6
CONTINUOUS
10
206.6742040000000031
20
-93.4412639999999897
11
206.6692799999999863
21
-93.4440489999999926
0
LINE
8
Edge.Cuts
6
CONTINUOUS
10
206.6692799999999863
20
-93.4440489999999926
11
206.6643459999999948
21
-93.4468169999999958
0
LINE
8
Edge.Cuts
6
CONTINUOUS
10
206.6643459999999948
20
-93.4468169999999958
11
206.659402
21
-93.4495670000000018
0
LINE
8
Edge.Cuts
6
CONTINUOUS
10
206.659402
20
-93.4495670000000018
11
206.6544489999999996
21
-93.4522999999999939
0
LINE
8
Edge.Cuts
6
CONTINUOUS
10
206.6544489999999996
20
-93.4522999999999939
11
206.649485999999996
21
-93.4550149999999888
0
LINE
8
Edge.Cuts
6
CONTINUOUS
10
206.649485999999996
20
-93.4550149999999888
11
206.6445129999999892
21
-93.4577129999999983
0
LINE
8
Edge.Cuts
6
CONTINUOUS
10
206.6445129999999892
20
-93.4577129999999983
11
206.6395309999999768
21
-93.4603929999999963
0
LINE
8
Edge.Cuts
6
CONTINUOUS
10
206.6395309999999768
20
-93.4603929999999963
11
206.6345389999999895
21
-93.4630559999999946
0
LINE
8
Edge.Cuts
6
CONTINUOUS
10
206.6345389999999895
20
-93.4630559999999946
11
206.6295389999999941
21
-93.4656999999999982
0
LINE
8
Edge.Cuts
6
CONTINUOUS
10
206.6295389999999941
20
-93.4656999999999982
11
206.624527999999998
21
-93.4683279999999996
0
LINE
8
Edge.Cuts
6
CONTINUOUS
10
206.624527999999998
20
-93.4683279999999996
11
206.6195089999999936
21
-93.4709369999999922
0
LINE
8
Edge.Cuts
6
CONTINUOUS
10
206.6195089999999936
20
-93.4709369999999922
11
206.6144799999999861
21
-93.4735289999999992
0
LINE
8
Edge.Cuts
6
CONTINUOUS
10
206.6144799999999861
20
-93.4735289999999992
11
206.6094420000000014
21
-93.4761019999999974
0
LINE
8
Edge.Cuts
6
CONTINUOUS
10
206.6094420000000014
20
-93.4761019999999974
11
206.6043949999999825
21
-93.4786589999999933
0
LINE
8
Edge.Cuts
6
CONTINUOUS
10
206.6043949999999825
20
-93.4786589999999933
11
206.5993399999999838
21
-93.4811969999999945
0
LINE
8
Edge.Cuts
6
CONTINUOUS
10
206.5993399999999838
20
-93.4811969999999945
11
206.5942739999999844
21
-93.4837169999999986
0
LINE
8
Edge.Cuts
6
CONTINUOUS
10
206.5942739999999844
20
-93.4837169999999986
11
206.5892010000000028
21
-93.4862189999999913
0
LINE
8
Edge.Cuts
6
CONTINUOUS
10
206.5892010000000028
20
-93.4862189999999913
11
206.5841179999999895
21
-93.4887039999999985
0
LINE
8
Edge.Cuts
6
CONTINUOUS
10
206.5841179999999895
20
-93.4887039999999985
11
206.5790269999999964
21
-93.4911699999999968
0
LINE
8
Edge.Cuts
6
CONTINUOUS
10
206.5790269999999964
20
-93.4911699999999968
11
206.5739269999999976
21
-93.4936189999999954
0
LINE
8
Edge.Cuts
6
CONTINUOUS
10
206.5739269999999976
20
-93.4936189999999954
11
206.5688179999999932
21
-93.4960489999999993
0
LINE
8
Edge.Cuts
6
CONTINUOUS
10
206.5688179999999932
20
-93.4960489999999993
11
206.5637009999999805
21
-93.4984609999999918
0
LINE
8
Edge.Cuts
6
CONTINUOUS
10
206.5637009999999805
20
-93.4984609999999918
11
206.5585749999999905
21
-93.5008550000000014
0
LINE
8
Edge.Cuts
6
CONTINUOUS
10
206.5585749999999905
20
-93.5008550000000014
11
206.5534409999999923
21
-93.5032309999999995
0
LINE
8
Edge.Cuts
6
CONTINUOUS
10
206.5534409999999923
20
-93.5032309999999995
11
206.5482979999999884
21
-93.5055890000000005
0
LINE
8
Edge.Cuts
6
CONTINUOUS
10
206.5482979999999884
20
-93.5055890000000005
11
206.5431470000000047
21
-93.5079289999999901
0
LINE
8
Edge.Cuts
6
CONTINUOUS
10
206.5431470000000047
20
-93.5079289999999901
11
206.5379879999999844
21
-93.5102499999999992
0
LINE
8
Edge.Cuts
6
CONTINUOUS
10
206.5379879999999844
20
-93.5102499999999992
11
206.5328209999999842
21
-93.5125539999999944
0
LINE
8
Edge.Cuts
6
CONTINUOUS
10
206.5328209999999842
20
-93.5125539999999944
11
206.5276460000000043
21
-93.5148379999999975
0
LINE
8
Edge.Cuts
6
CONTINUOUS
10
206.5276460000000043
20
-93.5148379999999975
11
206.5224619999999902
21
-93.5171050000000008
0
LINE
8
Edge.Cuts
6
CONTINUOUS
10
206.5224619999999902
20
-93.5171050000000008
11
206.5172709999999938
21
-93.5193529999999953
0
LINE
8
Edge.Cuts
6
CONTINUOUS
10
206.5172709999999938
20
-93.5193529999999953
11
206.5120709999999917
21
-93.5215829999999926
0
LINE
8
Edge.Cuts
6
CONTINUOUS
10
206.5120709999999917
20
-93.5215829999999926
11
206.5068639999999789
21
-93.5237949999999927
0
LINE
8
Edge.Cuts
6
CONTINUOUS
10
206.5068639999999789
20
-93.5237949999999927
11
206.5016479999999888
21
-93.5259879999999981
0
LINE
8
Edge.Cuts
6
CONTINUOUS
10
206.5016479999999888
20
-93.5259879999999981
11
206.4964259999999854
21
-93.5281619999999947
0
LINE
8
Edge.Cuts
6
CONTINUOUS
10
206.4964259999999854
20
-93.5281619999999947
11
206.4911950000000047
21
-93.5303189999999915
0
LINE
8
Edge.Cuts
6
CONTINUOUS
10
206.4911950000000047
20
-93.5303189999999915
11
206.4859569999999849
21
-93.5324559999999963
0
LINE
8
Edge.Cuts
6
CONTINUOUS
10
206.4859569999999849
20
-93.5324559999999963
11
206.4807109999999852
21
-93.5345760000000013
0
LINE
8
Edge.Cuts
6
CONTINUOUS
10
206.4807109999999852
20
-93.5345760000000013
11
206.4754580000000033
21
-93.5366759999999999
0
LINE
8
Edge.Cuts
6
CONTINUOUS
10
206.4754580000000033
20
-93.5366759999999999
11
206.4701969999999847
21
-93.5387580000000014
0
LINE
8
Edge.Cuts
6
CONTINUOUS
10
206.4701969999999847
20
-93.5387580000000014
11
206.4649289999999837
21
-93.5408219999999915
0
LINE
8
Edge.Cuts
6
CONTINUOUS
10
206.4649289999999837
20
-93.5408219999999915
11
206.4596540000000005
21
-93.5428670000000011
0
LINE
8
Edge.Cuts
6
CONTINUOUS
10
206.4596540000000005
20
-93.5428670000000011
11
206.4588919999999916
21
-93.5431600000000003
0
LINE
8
Edge.Cuts
6
CONTINUOUS
10
75.173144999999991
20
-0.7338439999999999
11
75.1614709999999917
21
-0.72695
0
LINE
8
Edge.Cuts
6
CONTINUOUS
10
75.1614709999999917
20
-0.72695
11
75.1498179999999962
21
-0.7199749999999999
0
LINE
8
Edge.Cuts
6
CONTINUOUS
10
75.1498179999999962
20
-0.7199749999999999
11
75.1381839999999954
21
-0.712919
0
LINE
8
Edge.Cuts
6
CONTINUOUS
10
75.1381839999999954
20
-0.712919
11
75.1265709999999984
21
-0.705782
0
LINE
8
Edge.Cuts
6
CONTINUOUS
10
75.1265709999999984
20
-0.705782
11
75.1149779999999936
21
-0.6985629999999999
0
LINE
8
Edge.Cuts
6
CONTINUOUS
10
75.1149779999999936
20
-0.6985629999999999
11
75.1034059999999926
21
-0.691264
0
LINE
8
Edge.Cuts
6
CONTINUOUS
10
75.1034059999999926
20
-0.691264
11
75.0918549999999954
21
-0.683882
0
LINE
8
Edge.Cuts
6
CONTINUOUS
10
75.0918549999999954
20
-0.683882
11
75.0803239999999903
21
-0.67642
0
LINE
8
Edge.Cuts
6
CONTINUOUS
10
75.0803239999999903
20
-0.67642
11
75.0688140000000033
21
-0.668875
0
LINE
8
Edge.Cuts
6
CONTINUOUS
10
75.0688140000000033
20
-0.668875
11
75.0573260000000033
21
-0.661249
0
LINE
8
Edge.Cuts
6
CONTINUOUS
10
75.0573260000000033
20
-0.661249
11
75.0458579999999955
21
-0.6535409999999999
0
LINE
8
Edge.Cuts
6
CONTINUOUS
10
75.0458579999999955
20
-0.6535409999999999
11
75.0344120000000032
21
-0.645752
0
LINE
8
Edge.Cuts
6
CONTINUOUS
10
75.0344120000000032
20
-0.645752
11
75.022987999999998
21
-0.63788
0
LINE
8
Edge.Cuts
6
CONTINUOUS
10
75.022987999999998
20
-0.63788
11
75.0115849999999966
21
-0.629926
0
LINE
8
Edge.Cuts
6
CONTINUOUS
10
75.0115849999999966
20
-0.629926
11
75.000204999999994
21
-0.6218899999999999
0
LINE
8
Edge.Cuts
6
CONTINUOUS
10
75.000204999999994
20
-0.6218899999999999
11
74.9888459999999952
21
-0.613772
0
LINE
8
Edge.Cuts
6
CONTINUOUS
10
74.9888459999999952
20
-0.613772
11
74.9775099999999952
21
-0.605572
0
LINE
8
Edge.Cuts
6
CONTINUOUS
10
74.9775099999999952
20
-0.605572
11
74.9661959999999965
21
-0.597289
0
LINE
8
Edge.Cuts
6
CONTINUOUS
10
74.9661959999999965
20
-0.597289
11
74.9549049999999966
21
-0.588924
0
LINE
8
Edge.Cuts
6
CONTINUOUS
10
74.9549049999999966
20
-0.588924
11
74.9436369999999954
21
-0.580476
0
LINE
8
Edge.Cuts
6
CONTINUOUS
10
74.9436369999999954
20
-0.580476
11
74.932391999999993
21
-0.571946
0
LINE
8
Edge.Cuts
6
CONTINUOUS
10
74.932391999999993
20
-0.571946
11
74.9211700000000036
21
-0.563333
0
LINE
8
Edge.Cuts
6
CONTINUOUS
10
74.9211700000000036
20
-0.563333
11
74.9099719999999962
21
-0.5546369999999999
0
LINE
8
Edge.Cuts
6
CONTINUOUS
10
74.9099719999999962
20
-0.5546369999999999
11
74.8987979999999993
21
-0.545859
0
LINE
8
Edge.Cuts
6
CONTINUOUS
10
74.8987979999999993
20
-0.545859
11
74.8876470000000012
21
-0.536998
0
LINE
8
Edge.Cuts
6
CONTINUOUS
10
74.8876470000000012
20
-0.536998
11
74.8765209999999968
21
-0.528054
0
LINE
8
Edge.Cuts
6
CONTINUOUS
10
74.8765209999999968
20
-0.528054
11
74.8654190000000028
21
-0.519027
0
LINE
8
Edge.Cuts
6
CONTINUOUS
10
74.8654190000000028
20
-0.519027
11
74.8543420000000026
21
-0.509918
0
LINE
8
Edge.Cuts
6
CONTINUOUS
10
74.8543420000000026
20
-0.509918
11
74.8432899999999961
21
-0.500725
0
LINE
8
Edge.Cuts
6
CONTINUOUS
10
74.8432899999999961
20
-0.500725
11
74.8322629999999975
21
-0.49145
0
LINE
8
Edge.Cuts
6
CONTINUOUS
10
74.8322629999999975
20
-0.49145
11
74.8212619999999902
21
-0.482091
0
LINE
8
Edge.Cuts
6
CONTINUOUS
10
74.8212619999999902
20
-0.482091
11
74.8102859999999907
21
-0.47265
0
LINE
8
Edge.Cuts
6
CONTINUOUS
10
74.8102859999999907
20
-0.47265
11
74.7993369999999942
21
-0.463125
0
LINE
8
Edge.Cuts
6
CONTINUOUS
10
74.7993369999999942
20
-0.463125
11
74.7884140000000031
21
-0.453518
0
LINE
8
Edge.Cuts
6
CONTINUOUS
10
74.7884140000000031
20
-0.453518
11
74.7775170000000031
21
-0.443827
0
LINE
8
Edge.Cuts
6
CONTINUOUS
10
74.7775170000000031
20
-0.443827
11
74.7666469999999919
21
-0.434054
0
LINE
8
Edge.Cuts
6
CONTINUOUS
10
74.7666469999999919
20
-0.434054
11
74.7558049999999952
21
-0.424197
0
LINE
8
Edge.Cuts
6
CONTINUOUS
10
74.7558049999999952
20
-0.424197
11
74.7449900000000014
21
-0.414258
0
LINE
8
Edge.Cuts
6
CONTINUOUS
10
74.7449900000000014
20
-0.414258
11
74.7342029999999937
21
-0.404235
0
LINE
8
Edge.Cuts
6
CONTINUOUS
10
74.7342029999999937
20
-0.404235
11
74.7234440000000006
21
-0.39413
0
LINE
8
Edge.Cuts
6
CONTINUOUS
10
74.7234440000000006
20
-0.39413
11
74.7127129999999937
21
-0.383942
0
LINE
8
Edge.Cuts
6
CONTINUOUS
10
74.7127129999999937
20
-0.383942
11
74.7020119999999963
21
-0.373671
0
LINE
8
Edge.Cuts
6
CONTINUOUS
10
74.7020119999999963
20
-0.373671
11
74.6913389999999993
21
-0.363317
0
LINE
8
Edge.Cuts
6
CONTINUOUS
10
74.6913389999999993
20
-0.363317
11
74.6806959999999975
21
-0.35288
0
LINE
8
Edge.Cuts
6
CONTINUOUS
10
74.6806959999999975
20
-0.35288
11
74.6700829999999911
21
-0.342361
0
LINE
8
Edge.Cuts
6
CONTINUOUS
10
74.6700829999999911
20
-0.342361
11
74.6594999999999942
21
-0.331759
0
LINE
8
Edge.Cuts
6
CONTINUOUS
10
74.6594999999999942
20
-0.331759
11
74.6489469999999926
21
-0.321074
0
LINE
8
Edge.Cuts
6
CONTINUOUS
10
74.6489469999999926
20
-0.321074
11
74.638424999999998
21
-0.310307
0
LINE
8
Edge.Cuts
6
CONTINUOUS
10
74.638424999999998
20
-0.310307
11
74.6279349999999937
21
-0.299458
0
LINE
8
Edge.Cuts
6
CONTINUOUS
10
74.6279349999999937
20
-0.299458
11
74.6174759999999964
21
-0.288527
0
LINE
8
Edge.Cuts
6
CONTINUOUS
10
74.6174759999999964
20
-0.288527
11
74.607050000000001
21
-0.277513
0
LINE
8
Edge.Cuts
6
CONTINUOUS
10
74.607050000000001
20
-0.277513
11
74.5966549999999984
21
-0.266418
0
LINE
8
Edge.Cuts
6
CONTINUOUS
10
74.5966549999999984
20
-0.266418
11
74.5862939999999952
21
-0.25524
0
LINE
8
Edge.Cuts
6
CONTINUOUS
10
74.5862939999999952
20
-0.25524
11
74.575965999999994
21
-0.243981
0
LINE
8
Edge.Cuts
6
CONTINUOUS
10
74.575965999999994
20
-0.243981
11
74.5656719999999922
21
-0.232641
0
LINE
8
Edge.Cuts
6
CONTINUOUS
10
74.5656719999999922
20
-0.232641
11
74.5554109999999923
21
-0.221219
0
LINE
8
Edge.Cuts
6
CONTINUOUS
10
74.5554109999999923
20
-0.221219
11
74.5451850000000036
21
-0.209716
0
LINE
8
Edge.Cuts
6
CONTINUOUS
10
74.5451850000000036
20
-0.209716
11
74.5349939999999975
21
-0.198132
0
LINE
8
Edge.Cuts
6
CONTINUOUS
10
74.5349939999999975
20
-0.198132
11
74.5248390000000001
21
-0.186467
0
LINE
8
Edge.Cuts
6
CONTINUOUS
10
74.5248390000000001
20
-0.186467
11
74.5147189999999995
21
-0.174722
0
LINE
8
Edge.Cuts
6
CONTINUOUS
10
74.5147189999999995
20
-0.174722
11
74.5046349999999933
21
-0.162896
0
LINE
8
Edge.Cuts
6
CONTINUOUS
10
74.5046349999999933
20
-0.162896
11
74.4945879999999931
21
-0.15099
0
LINE
8
Edge.Cuts
6
CONTINUOUS
10
74.4945879999999931
20
-0.15099
11
74.4845789999999965
21
-0.139004
0
LINE
8
Edge.Cuts
6
CONTINUOUS
10
74.4845789999999965
20
-0.139004
11
74.4771319999999974
21
-0.130006
0
LINE
8
Edge.Cuts
6
CONTINUOUS
10
207.3420490000000029
20
-92.708911999999998
11
207.3373540000000048
21
-92.7192029999999932
0
LINE
8
Edge.Cuts
6
CONTINUOUS
10
207.3373540000000048
20
-92.7192029999999932
11
207.3325869999999895
21
-92.7294610000000006
0
LINE
8
Edge.Cuts
6
CONTINUOUS
10
207.3325869999999895
20
-92.7294610000000006
11
207.327746999999988
21
-92.7396849999999944
0
LINE
8
Edge.Cuts
6
CONTINUOUS
10
207.327746999999988
20
-92.7396849999999944
11
207.3228349999999978
21
-92.7498749999999887
0
LINE
8
Edge.Cuts
6
CONTINUOUS
10
207.3228349999999978
20
-92.7498749999999887
11
207.3178509999999903
21
-92.7600300000000004
0
LINE
8
Edge.Cuts
6
CONTINUOUS
10
207.3178509999999903
20
-92.7600300000000004
11
207.3127959999999916
21
-92.7701489999999893
0
LINE
8
Edge.Cuts
6
CONTINUOUS
10
207.3127959999999916
20
-92.7701489999999893
11
207.3076679999999783
21
-92.780231999999998
0
LINE
8
Edge.Cuts
6
CONTINUOUS
10
207.3076679999999783
20
-92.780231999999998
11
207.3024699999999996
21
-92.7902789999999982
0
LINE
8
Edge.Cuts
6
CONTINUOUS
10
207.3024699999999996
20
-92.7902789999999982
11
207.2972010000000012
21
-92.8002879999999948
0
LINE
8
Edge.Cuts
6
CONTINUOUS
10
207.2972010000000012
20
-92.8002879999999948
11
207.2918609999999831
21
-92.810260999999997
0
LINE
8
Edge.Cuts
6
CONTINUOUS
10
207.2918609999999831
20
-92.810260999999997
11
207.2864509999999996
21
-92.8201949999999982
0
LINE
8
Edge.Cuts
6
CONTINUOUS
10
207.2864509999999996
20
-92.8201949999999982
11
207.2809699999999964
21
-92.8300909999999959
0
LINE
8
Edge.Cuts
6
CONTINUOUS
10
207.2809699999999964
20
-92.8300909999999959
11
207.2754199999999969
21
-92.8399489999999901
0
LINE
8
Edge.Cuts
6
CONTINUOUS
10
207.2754199999999969
20
-92.8399489999999901
11
207.2698000000000036
21
-92.8497660000000025
0
LINE
8
Edge.Cuts
6
CONTINUOUS
10
207.2698000000000036
20
-92.8497660000000025
11
207.2641109999999856
21
-92.8595439999999996
0
LINE
8
Edge.Cuts
6
CONTINUOUS
10
207.2641109999999856
20
-92.8595439999999996
11
207.2583520000000021
21
-92.8692819999999983
0
LINE
8
Edge.Cuts
6
CONTINUOUS
10
207.2583520000000021
20
-92.8692819999999983
11
207.2525249999999915
21
-92.8789790000000011
0
LINE
8
Edge.Cuts
6
CONTINUOUS
10
207.2525249999999915
20
-92.8789790000000011
11
207.2466299999999819
21
-92.8886339999999961
0
LINE
8
Edge.Cuts
6
CONTINUOUS
10
207.2466299999999819
20
-92.8886339999999961
11
207.2406660000000045
21
-92.8982479999999953
0
LINE
8
Edge.Cuts
6
CONTINUOUS
10
207.2406660000000045
20
-92.8982479999999953
11
207.2346339999999998
21
-92.9078189999999893
0
LINE
8
Edge.Cuts
6
CONTINUOUS
10
207.2346339999999998
20
-92.9078189999999893
11
207.2285349999999937
21
-92.9173469999999924
0
LINE
8
Edge.Cuts
6
CONTINUOUS
10
207.2285349999999937
20
-92.9173469999999924
11
207.2223679999999888
21
-92.9268319999999903
0
LINE
8
Edge.Cuts
6
CONTINUOUS
10
207.2223679999999888
20
-92.9268319999999903
11
207.21613499999998
21
-92.9362739999999974
0
LINE
8
Edge.Cuts
6
CONTINUOUS
10
207.21613499999998
20
-92.9362739999999974
11
207.2098349999999982
21
-92.9456709999999902
0
LINE
8
Edge.Cuts
6
CONTINUOUS
10
207.2098349999999982
20
-92.9456709999999902
11
207.2034679999999867
21
-92.9550239999999945
0
LINE
8
Edge.Cuts
6
CONTINUOUS
10
207.2034679999999867
20
-92.9550239999999945
11
207.1970359999999971
21
-92.9643310000000014
0
LINE
8
Edge.Cuts
6
CONTINUOUS
10
207.1970359999999971
20
-92.9643310000000014
11
207.1905369999999778
21
-92.9735929999999939
0
LINE
8
Edge.Cuts
6
CONTINUOUS
10
207.1905369999999778
20
-92.9735929999999939
11
207.1839739999999779
21
-92.9828079999999915
0
LINE
8
Edge.Cuts
6
CONTINUOUS
10
207.1839739999999779
20
-92.9828079999999915
11
207.1806679999999972
21
-92.9873979999999989
0
LINE
8
Edge.Cuts
6
CONTINUOUS
10
207.1806679999999972
20
-92.9873979999999989
11
207.1773450000000025
21
-92.9919769999999914
0
LINE
8
Edge.Cuts
6
CONTINUOUS
10
207.1773450000000025
20
-92.9919769999999914
11
207.1740069999999889
21
-92.9965440000000001
0
LINE
8
Edge.Cuts
6
CONTINUOUS
10
207.1740069999999889
20
-92.9965440000000001
11
207.1706519999999898
21
-93.0010989999999964
0
LINE
8
Edge.Cuts
6
CONTINUOUS
10
207.1706519999999898
20
-93.0010989999999964
11
207.1672810000000027
21
-93.0056419999999946
0
LINE
8
Edge.Cuts
6
CONTINUOUS
10
207.1672810000000027
20
-93.0056419999999946
11
207.1638939999999991
21
-93.0101729999999947
0
LINE
8
Edge.Cuts
6
CONTINUOUS
10
207.1638939999999991
20
-93.0101729999999947
11
207.1604909999999791
21
-93.0146929999999941
0
LINE
8
Edge.Cuts
6
CONTINUOUS
10
207.1604909999999791
20
-93.0146929999999941
11
207.1570719999999994
21
-93.0191999999999979
0
LINE
8
Edge.Cuts
6
CONTINUOUS
10
207.1570719999999994
20
-93.0191999999999979
11
207.1536380000000008
21
-93.0236949999999894
0
LINE
8
Edge.Cuts
6
CONTINUOUS
10
207.1536380000000008
20
-93.0236949999999894
11
207.1501869999999883
21
-93.0281779999999969
0
LINE
8
Edge.Cuts
6
CONTINUOUS
10
207.1501869999999883
20
-93.0281779999999969
11
207.1467199999999877
21
-93.0326489999999922
0
LINE
8
Edge.Cuts
6
CONTINUOUS
10
207.1467199999999877
20
-93.0326489999999922
11
207.1432379999999966
21
-93.0371069999999918
0
LINE
8
Edge.Cuts
6
CONTINUOUS
10
207.1432379999999966
20
-93.0371069999999918
11
207.1397399999999891
21
-93.0415529999999933
0
LINE
8
Edge.Cuts
6
CONTINUOUS
10
207.1397399999999891
20
-93.0415529999999933
11
207.1362259999999935
21
-93.0459869999999967
0
LINE
8
Edge.Cuts
6
CONTINUOUS
10
207.1362259999999935
20
-93.0459869999999967
11
207.132696999999979
21
-93.0504079999999902
0
LINE
8
Edge.Cuts
6
CONTINUOUS
10
207.132696999999979
20
-93.0504079999999902
11
207.1291520000000048
21
-93.0548169999999999
0
LINE
8
Edge.Cuts
6
CONTINUOUS
10
207.1291520000000048
20
-93.0548169999999999
11
207.1255909999999858
21
-93.0592129999999997
0
LINE
8
Edge.Cuts
6
CONTINUOUS
10
207.1255909999999858
20
-93.0592129999999997
11
207.1220150000000046
21
-93.0635970000000015
0
LINE
8
Edge.Cuts
6
CONTINUOUS
10
207.1220150000000046
20
-93.0635970000000015
11
207.1184240000000045
21
-93.0679679999999934
0
LINE
8
Edge.Cuts
6
CONTINUOUS
10
207.1184240000000045
20
-93.0679679999999934
11
207.114816999999988
21
-93.0723259999999897
0
LINE
8
Edge.Cuts
6
CONTINUOUS
10
207.114816999999988
20
-93.0723259999999897
11
207.1111939999999834
21
-93.0766709999999904
0
LINE
8
Edge.Cuts
6
CONTINUOUS
10
207.1111939999999834
20
-93.0766709999999904
11
207.1075569999999857
21
-93.081003999999993
0
LINE
8
Edge.Cuts
6
CONTINUOUS
10
207.1075569999999857
20
-93.081003999999993
11
207.103904
21
-93.085324
0
LINE
8
Edge.Cuts
6
CONTINUOUS
10
207.103904
20
-93.085324
11
207.1002349999999979
21
-93.0896309999999971
0
LINE
8
Edge.Cuts
6
CONTINUOUS
10
207.1002349999999979
20
-93.0896309999999971
11
207.0965520000000026
21
-93.0939240000000012
0
LINE
8
Edge.Cuts
6
CONTINUOUS
10
207.0965520000000026
20
-93.0939240000000012
11
207.092852999999991
21
-93.098204999999993
0
LINE
8
Edge.Cuts
6
CONTINUOUS
10
207.092852999999991
20
-93.098204999999993
11
207.0891389999999888
21
-93.1024729999999892
0
LINE
8
Edge.Cuts
6
CONTINUOUS
10
207.0891389999999888
20
-93.1024729999999892
11
207.085409999999996
21
-93.1067269999999922
0
LINE
8
Edge.Cuts
6
CONTINUOUS
10
207.085409999999996
20
-93.1067269999999922
11
207.0816669999999817
21
-93.1109689999999972
0
LINE
8
Edge.Cuts
6
CONTINUOUS
10
207.0816669999999817
20
-93.1109689999999972
11
207.077906999999982
21
-93.1151969999999949
0
LINE
8
Edge.Cuts
6
CONTINUOUS
10
207.077906999999982
20
-93.1151969999999949
11
207.0741339999999866
21
-93.1194109999999995
0
LINE
8
Edge.Cuts
6
CONTINUOUS
10
207.0741339999999866
20
-93.1194109999999995
11
207.0703450000000032
21
-93.1236129999999918
0
LINE
8
Edge.Cuts
6
CONTINUOUS
10
207.0703450000000032
20
-93.1236129999999918
11
207.0665419999999983
21
-93.1278009999999909
0
LINE
8
Edge.Cuts
6
CONTINUOUS
10
207.0665419999999983
20
-93.1278009999999909
11
207.062722999999977
21
-93.1319749999999971
0
LINE
8
Edge.Cuts
6
CONTINUOUS
10
207.062722999999977
20
-93.1319749999999971
11
207.058889999999991
21
-93.1361359999999934
0
LINE
8
Edge.Cuts
6
CONTINUOUS
10
207.058889999999991
20
-93.1361359999999934
11
207.055041999999986
21
-93.1402839999999941
0
LINE
8
Edge.Cuts
6
CONTINUOUS
10
207.055041999999986
20
-93.1402839999999941
11
207.051179999999988
21
-93.14441699999999
0
LINE
8
Edge.Cuts
6
CONTINUOUS
10
207.051179999999988
20
-93.14441699999999
11
207.0473029999999994
21
-93.1485369999999904
0
LINE
8
Edge.Cuts
6
CONTINUOUS
10
207.0473029999999994
20
-93.1485369999999904
11
207.0434119999999893
21
-93.1526439999999951
0
LINE
8
Edge.Cuts
6
CONTINUOUS
10
207.0434119999999893
20
-93.1526439999999951
11
207.0395049999999912
21
-93.1567359999999951
0
LINE
8
Edge.Cuts
6
CONTINUOUS
10
207.0395049999999912
20
-93.1567359999999951
11
207.0355849999999975
21
-93.1608149999999995
0
LINE
8
Edge.Cuts
6
CONTINUOUS
10
207.0355849999999975
20
-93.1608149999999995
11
207.0316499999999849
21
-93.1648799999999966
0
LINE
8
Edge.Cuts
6
CONTINUOUS
10
207.0316499999999849
20
-93.1648799999999966
11
207.0277009999999791
21
-93.1689310000000006
0
LINE
8
Edge.Cuts
6
CONTINUOUS
10
207.0277009999999791
20
-93.1689310000000006
11
207.0237369999999828
21
-93.1729679999999973
0
LINE
8
Edge.Cuts
6
CONTINUOUS
10
207.0237369999999828
20
-93.1729679999999973
11
207.0197589999999934
21
-93.176991000000001
0
LINE
8
Edge.Cuts
6
CONTINUOUS
10
207.0197589999999934
20
-93.176991000000001
11
207.0157669999999825
21
-93.1809999999999974
0
LINE
8
Edge.Cuts
6
CONTINUOUS
10
207.0157669999999825
20
-93.1809999999999974
11
207.0117609999999786
21
-93.184993999999989
0
LINE
8
Edge.Cuts
6
CONTINUOUS
10
207.0117609999999786
20
-93.184993999999989
11
207.0077399999999841
21
-93.1889749999999992
0
LINE
8
Edge.Cuts
6
CONTINUOUS
10
207.0077399999999841
20
-93.1889749999999992
11
207.003705999999994
21
-93.1929409999999905
0
LINE
8
Edge.Cuts
6
CONTINUOUS
10
207.003705999999994
20
-93.1929409999999905
11
206.9996569999999849
21
-93.1968940000000003
0
LINE
8
Edge.Cuts
6
CONTINUOUS
10
206.9996569999999849
20
-93.1968940000000003
11
206.9955949999999802
21
-93.2008309999999938
0
LINE
8
Edge.Cuts
6
CONTINUOUS
10
206.9955949999999802
20
-93.2008309999999938
11
206.9915189999999825
21
-93.2047549999999916
0
LINE
8
Edge.Cuts
6
CONTINUOUS
10
206.9915189999999825
20
-93.2047549999999916
11
206.9874289999999917
21
-93.2086630000000014
0
LINE
8
Edge.Cuts
6
CONTINUOUS
10
206.9874289999999917
20
-93.2086630000000014
11
206.9833239999999819
21
-93.2125580000000014
0
LINE
8
Edge.Cuts
6
CONTINUOUS
10
206.9833239999999819
20
-93.2125580000000014
11
206.9827310000000011
21
-93.2131189999999918
0
ARC
8
Edge.Cuts
10
137.2048999999999808
20
-94.2103999999999928
40
0.4999878884633107
50
-180.00091677
51
-103.77229043
0
LINE
8
Edge.Cuts
6
CONTINUOUS
10
222.7549180000000035
20
1.5999999999999999
11
213.215974999999986
21
1.5999999999999999
0
ARC
8
Edge.Cuts
10
89.9048999999999978
20
-96.25
40
1.599982
50
103.77350685
51
180.00000000
0
LINE
8
Edge.Cuts
6
CONTINUOUS
10
79.2585339999999974
20
-93.5302080000000018
11
79.2480839999999915
21
-93.5258759999999967
0
LINE
8
Edge.Cuts
6
CONTINUOUS
10
79.2480839999999915
20
-93.5258759999999967
11
79.2376659999999902
21
-93.5214709999999911
0
LINE
8
Edge.Cuts
6
CONTINUOUS
10
79.2376659999999902
20
-93.5214709999999911
11
79.2272779999999983
21
-93.5169920000000019
0
LINE
8
Edge.Cuts
6
CONTINUOUS
10
79.2272779999999983
20
-93.5169920000000019
11
79.2169229999999942
21
-93.512439999999998
0
LINE
8
Edge.Cuts
6
CONTINUOUS
10
79.2169229999999942
20
-93.512439999999998
11
79.2065999999999946
21
-93.5078149999999937
0
LINE
8
Edge.Cuts
6
CONTINUOUS
10
79.2065999999999946
20
-93.5078149999999937
11
79.1963099999999969
21
-93.5031169999999889
0
LINE
8
Edge.Cuts
6
CONTINUOUS
10
79.1963099999999969
20
-93.5031169999999889
11
79.1860530000000011
21
-93.498345999999998
0
LINE
8
Edge.Cuts
6
CONTINUOUS
10
79.1860530000000011
20
-93.498345999999998
11
79.1758299999999906
21
-93.4935029999999898
0
LINE
8
Edge.Cuts
6
CONTINUOUS
10
79.1758299999999906
20
-93.4935029999999898
11
79.1656419999999912
21
-93.4885869999999954
0
LINE
8
Edge.Cuts
6
CONTINUOUS
10
79.1656419999999912
20
-93.4885869999999954
11
79.1554890000000029
21
-93.4835999999999956
0
LINE
8
Edge.Cuts
6
CONTINUOUS
10
79.1554890000000029
20
-93.4835999999999956
11
79.1453709999999973
21
-93.4785409999999928
0
LINE
8
Edge.Cuts
6
CONTINUOUS
10
79.1453709999999973
20
-93.4785409999999928
11
79.1352890000000002
21
-93.4734100000000012
0
LINE
8
Edge.Cuts
6
CONTINUOUS
10
79.1352890000000002
20
-93.4734100000000012
11
79.1252429999999976
21
-93.4682090000000017
0
LINE
8
Edge.Cuts
6
CONTINUOUS
10
79.1252429999999976
20
-93.4682090000000017
11
79.1152340000000009
21
-93.4629359999999991
0
LINE
8
Edge.Cuts
6
CONTINUOUS
10
79.1152340000000009
20
-93.4629359999999991
11
79.1052629999999937
21
-93.4575919999999911
0
LINE
8
Edge.Cuts
6
CONTINUOUS
10
79.1052629999999937
20
-93.4575919999999911
11
79.0953299999999899
21
-93.452179000000001
0
LINE
8
Edge.Cuts
6
CONTINUOUS
10
79.0953299999999899
20
-93.452179000000001
11
79.0854349999999897
21
-93.4466949999999912
0
LINE
8
Edge.Cuts
6
CONTINUOUS
10
79.0854349999999897
20
-93.4466949999999912
11
79.0755789999999905
21
-93.4411410000000018
0
LINE
8
Edge.Cuts
6
CONTINUOUS
10
79.0755789999999905
20
-93.4411410000000018
11
79.0657619999999923
21
-93.4355169999999902
0
LINE
8
Edge.Cuts
6
CONTINUOUS
10
79.0657619999999923
20
-93.4355169999999902
11
79.0559859999999901
21
-93.4298239999999964
0
LINE
8
Edge.Cuts
6
CONTINUOUS
10
79.0559859999999901
20
-93.4298239999999964
11
79.0462490000000031
21
-93.4240629999999896
0
LINE
8
Edge.Cuts
6
CONTINUOUS
10
79.0462490000000031
20
-93.4240629999999896
11
79.0365539999999953
21
-93.4182319999999891
0
LINE
8
Edge.Cuts
6
CONTINUOUS
10
79.0365539999999953
20
-93.4182319999999891
11
79.0268999999999977
21
-93.4123329999999896
0
LINE
8
Edge.Cuts
6
CONTINUOUS
10
79.0268999999999977
20
-93.4123329999999896
11
79.0172879999999935
21
-93.4063659999999913
0
LINE
8
Edge.Cuts
6
CONTINUOUS
10
79.0172879999999935
20
-93.4063659999999913
11
79.007717999999997
21
-93.4003309999999942
0
LINE
8
Edge.Cuts
6
CONTINUOUS
10
79.007717999999997
20
-93.4003309999999942
11
78.9981909999999914
21
-93.3942279999999982
0
LINE
8
Edge.Cuts
6
CONTINUOUS
10
78.9981909999999914
20
-93.3942279999999982
11
78.9887080000000026
21
-93.3880580000000009
0
LINE
8
Edge.Cuts
6
CONTINUOUS
10
78.9887080000000026
20
-93.3880580000000009
11
78.9792679999999905
21
-93.3818210000000022
0
LINE
8
Edge.Cuts
6
CONTINUOUS
10
78.9792679999999905
20
-93.3818210000000022
11
78.9745640000000009
21
-93.3786779999999936
0
LINE
8
Edge.Cuts
6
CONTINUOUS
10
78.9745640000000009
20
-93.3786779999999936
11
78.9698719999999952
21
-93.3755179999999996
0
LINE
8
Edge.Cuts
6
CONTINUOUS
10
78.9698719999999952
20
-93.3755179999999996
11
78.9651909999999901
21
-93.3723409999999916
0
LINE
8
Edge.Cuts
6
CONTINUOUS
10
78.9651909999999901
20
-93.3723409999999916
11
78.960521
21
-93.3691479999999956
0
LINE
8
Edge.Cuts
6
CONTINUOUS
10
78.960521
20
-93.3691479999999956
11
78.9558629999999937
21
-93.3659389999999973
0
LINE
8
Edge.Cuts
6
CONTINUOUS
10
78.9558629999999937
20
-93.3659389999999973
11
78.9512160000000023
21
-93.3627120000000019
0
LINE
8
Edge.Cuts
6
CONTINUOUS
10
78.9512160000000023
20
-93.3627120000000019
11
78.9465799999999973
21
-93.3594700000000017
0
LINE
8
Edge.Cuts
6
CONTINUOUS
10
78.9465799999999973
20
-93.3594700000000017
11
78.9419559999999905
21
-93.3562110000000018
0
LINE
8
Edge.Cuts
6
CONTINUOUS
10
78.9419559999999905
20
-93.3562110000000018
11
78.937343999999996
21
-93.3529359999999997
0
LINE
8
Edge.Cuts
6
CONTINUOUS
10
78.937343999999996
20
-93.3529359999999997
11
78.9327419999999904
21
-93.3496439999999978
0
LINE
8
Edge.Cuts
6
CONTINUOUS
10
78.9327419999999904
20
-93.3496439999999978
11
78.9281529999999947
21
-93.3463369999999912
0
LINE
8
Edge.Cuts
6
CONTINUOUS
10
78.9281529999999947
20
-93.3463369999999912
11
78.9235749999999996
21
-93.3430120000000016
0
LINE
8
Edge.Cuts
6
CONTINUOUS
10
78.9235749999999996
20
-93.3430120000000016
11
78.9190100000000001
21
-93.3396719999999931
0
LINE
8
Edge.Cuts
6
CONTINUOUS
10
78.9190100000000001
20
-93.3396719999999931
11
78.9144549999999896
21
-93.3363159999999965
0
LINE
8
Edge.Cuts
6
CONTINUOUS
10
78.9144549999999896
20
-93.3363159999999965
11
78.9099130000000031
21
-93.3329439999999977
0
LINE
8
Edge.Cuts
6
CONTINUOUS
10
78.9099130000000031
20
-93.3329439999999977
11
78.9053830000000005
21
-93.3295549999999992
0
LINE
8
Edge.Cuts
6
CONTINUOUS
10
78.9053830000000005
20
-93.3295549999999992
11
78.900864999999996
21
-93.3261509999999959
0
LINE
8
Edge.Cuts
6
CONTINUOUS
10
78.900864999999996
20
-93.3261509999999959
11
78.8963589999999897
21
-93.3227299999999929
0
LINE
8
Edge.Cuts
6
CONTINUOUS
10
78.8963589999999897
20
-93.3227299999999929
11
78.8918649999999957
21
-93.3192939999999993
0
LINE
8
Edge.Cuts
6
CONTINUOUS
10
78.8918649999999957
20
-93.3192939999999993
11
78.8873829999999998
21
-93.3158419999999893
0
LINE
8
Edge.Cuts
6
CONTINUOUS
10
78.8873829999999998
20
-93.3158419999999893
11
78.8829130000000021
21
-93.3123739999999913
0
LINE
8
Edge.Cuts
6
CONTINUOUS
10
78.8829130000000021
20
-93.3123739999999913
11
78.8784559999999999
21
-93.308889999999991
0
LINE
8
Edge.Cuts
6
CONTINUOUS
10
78.8784559999999999
20
-93.308889999999991
11
78.8740109999999959
21
-93.3053910000000002
0
LINE
8
Edge.Cuts
6
CONTINUOUS
10
78.8740109999999959
20
-93.3053910000000002
11
78.86957799999999
21
-93.3018759999999929
0
LINE
8
Edge.Cuts
6
CONTINUOUS
10
78.86957799999999
20
-93.3018759999999929
11
78.8651579999999939
21
-93.2983449999999976
0
LINE
8
Edge.Cuts
6
CONTINUOUS
10
78.8651579999999939
20
-93.2983449999999976
11
78.8607499999999959
21
-93.2947980000000001
0
LINE
8
Edge.Cuts
6
CONTINUOUS
10
78.8607499999999959
20
-93.2947980000000001
11
78.8563549999999935
21
-93.2912359999999978
0
LINE
8
Edge.Cuts
6
CONTINUOUS
10
78.8563549999999935
20
-93.2912359999999978
11
78.851973000000001
21
-93.2876589999999908
0
LINE
8
Edge.Cuts
6
CONTINUOUS
10
78.851973000000001
20
-93.2876589999999908
11
78.8476029999999923
21
-93.2840659999999957
0
LINE
8
Edge.Cuts
6
CONTINUOUS
10
78.8476029999999923
20
-93.2840659999999957
11
78.8432459999999935
21
-93.2804569999999984
0
LINE
8
Edge.Cuts
6
CONTINUOUS
10
78.8432459999999935
20
-93.2804569999999984
11
78.8389019999999903
21
-93.2768329999999963
0
LINE
8
Edge.Cuts
6
CONTINUOUS
10
78.8389019999999903
20
-93.2768329999999963
11
78.8345699999999994
21
-93.2731939999999895
0
LINE
8
Edge.Cuts
6
CONTINUOUS
10
78.8345699999999994
20
-93.2731939999999895
11
78.8302520000000015
21
-93.2695399999999921
0
LINE
8
Edge.Cuts
6
CONTINUOUS
10
78.8302520000000015
20
-93.2695399999999921
11
78.8259460000000018
21
-93.2658699999999925
0
LINE
8
Edge.Cuts
6
CONTINUOUS
10
78.8259460000000018
20
-93.2658699999999925
11
78.8216539999999952
21
-93.2621850000000023
0
LINE
8
Edge.Cuts
6
CONTINUOUS
10
78.8216539999999952
20
-93.2621850000000023
11
78.8173740000000009
21
-93.2584849999999932
0
LINE
8
Edge.Cuts
6
CONTINUOUS
10
78.8173740000000009
20
-93.2584849999999932
11
78.8131079999999997
21
-93.2547699999999935
0
LINE
8
Edge.Cuts
6
CONTINUOUS
10
78.8131079999999997
20
-93.2547699999999935
11
78.8088539999999966
21
-93.2510389999999916
0
LINE
8
Edge.Cuts
6
CONTINUOUS
10
78.8088539999999966
20
-93.2510389999999916
11
78.8046140000000008
21
-93.2472939999999966
0
LINE
8
Edge.Cuts
6
CONTINUOUS
10
78.8046140000000008
20
-93.2472939999999966
11
78.8003870000000006
21
-93.2435339999999968
0
LINE
8
Edge.Cuts
6
CONTINUOUS
10
78.8003870000000006
20
-93.2435339999999968
11
78.7961739999999935
21
-93.2397589999999923
0
LINE
8
Edge.Cuts
6
CONTINUOUS
10
78.7961739999999935
20
-93.2397589999999923
11
78.7919739999999962
21
-93.2359679999999997
0
LINE
8
Edge.Cuts
6
CONTINUOUS
10
78.7919739999999962
20
-93.2359679999999997
11
78.7877869999999945
21
-93.2321639999999974
0
LINE
8
Edge.Cuts
6
CONTINUOUS
10
78.7877869999999945
20
-93.2321639999999974
11
78.7836130000000026
21
-93.2283439999999928
0
LINE
8
Edge.Cuts
6
CONTINUOUS
10
78.7836130000000026
20
-93.2283439999999928
11
78.7794540000000012
21
-93.2245089999999976
0
LINE
8
Edge.Cuts
6
CONTINUOUS
10
78.7794540000000012
20
-93.2245089999999976
11
78.7753079999999954
21
-93.2206599999999952
0
LINE
8
Edge.Cuts
6
CONTINUOUS
10
78.7753079999999954
20
-93.2206599999999952
11
78.7711749999999995
21
-93.2167960000000022
0
LINE
8
Edge.Cuts
6
CONTINUOUS
10
78.7711749999999995
20
-93.2167960000000022
11
78.7670559999999966
21
-93.2129180000000019
0
LINE
8
Edge.Cuts
6
CONTINUOUS
10
78.7670559999999966
20
-93.2129180000000019
11
78.762951000000001
21
-93.2090249999999969
0
LINE
8
Edge.Cuts
6
CONTINUOUS
10
78.762951000000001
20
-93.2090249999999969
11
78.7588599999999985
21
-93.2051170000000013
0
LINE
8
Edge.Cuts
6
CONTINUOUS
10
78.7588599999999985
20
-93.2051170000000013
11
78.7547819999999916
21
-93.2011949999999985
0
LINE
8
Edge.Cuts
6
CONTINUOUS
10
78.7547819999999916
20
-93.2011949999999985
11
78.750717999999992
21
-93.1972590000000025
0
LINE
8
Edge.Cuts
6
CONTINUOUS
10
78.750717999999992
20
-93.1972590000000025
11
78.7466689999999971
21
-93.1933080000000018
0
LINE
8
Edge.Cuts
6
CONTINUOUS
10
78.7466689999999971
20
-93.1933080000000018
11
78.7426329999999979
21
-93.1893429999999938
0
LINE
8
Edge.Cuts
6
CONTINUOUS
10
78.7426329999999979
20
-93.1893429999999938
11
78.742052000000001
21
-93.188769999999991
0
ARC
8
Edge.Cuts
10
15.6951000000000001
20
-99.0499999999999972
40
1.6000000001012498
50
-180.00000000
51
-90.00064458
0
ARC
8
Edge.Cuts
10
62.9950999999999937
20
-94.2103999999999928
40
0.4999966981140975
50
-180.00091670
51
-103.77640845
0
LINE
8
Edge.Cuts
6
CONTINUOUS
10
211.7579509999999914
20
0.6589119999999999
11
211.7626459999999895
21
0.669203
0
LINE
8
Edge.Cuts
6
CONTINUOUS
10
211.7626459999999895
20
0.669203
11
211.7674129999999764
21
0.679461
0
LINE
8
Edge.Cuts
6
CONTINUOUS
10
211.7674129999999764
20
0.679461
11
211.7722529999999779
21
0.689685
0
LINE
8
Edge.Cuts
6
CONTINUOUS
10
211.7722529999999779
20
0.689685
11
211.7771649999999966
21
0.6998749999999999
0
LINE
8
Edge.Cuts
6
CONTINUOUS
10
211.7771649999999966
20
0.6998749999999999
11
211.782149000000004
21
0.7100299999999999
0
LINE
8
Edge.Cuts
6
CONTINUOUS
10
211.782149000000004
20
0.7100299999999999
11
211.7872040000000027
21
0.7201489999999999
0
LINE
8
Edge.Cuts
6
CONTINUOUS
10
211.7872040000000027
20
0.7201489999999999
11
211.7923319999999876
21
0.730232
0
LINE
8
Edge.Cuts
6
CONTINUOUS
10
211.7923319999999876
20
0.730232
11
211.7975299999999947
21
0.740279
0
LINE
8
Edge.Cuts
6
CONTINUOUS
10
211.7975299999999947
20
0.740279
11
211.8027989999999932
21
0.750288
0
LINE
8
Edge.Cuts
6
CONTINUOUS
10
211.8027989999999932
20
0.750288
11
211.8081389999999828
21
0.760261
0
LINE
8
Edge.Cuts
6
CONTINUOUS
10
211.8081389999999828
20
0.760261
11
211.8135489999999947
21
0.770195
0
LINE
8
Edge.Cuts
6
CONTINUOUS
10
211.8135489999999947
20
0.770195
11
211.8190299999999979
21
0.780091
0
LINE
8
Edge.Cuts
6
CONTINUOUS
10
211.8190299999999979
20
0.780091
11
211.8245799999999974
21
0.789949
0
LINE
8
Edge.Cuts
6
CONTINUOUS
10
211.8245799999999974
20
0.789949
11
211.8301999999999907
21
0.799766
0
LINE
8
Edge.Cuts
6
CONTINUOUS
10
211.8301999999999907
20
0.799766
11
211.8358889999999803
21
0.8095439999999999
0
LINE
8
Edge.Cuts
6
CONTINUOUS
10
211.8358889999999803
20
0.8095439999999999
11
211.8416479999999922
21
0.819282
0
LINE
8
Edge.Cuts
6
CONTINUOUS
10
211.8416479999999922
20
0.819282
11
211.8474750000000029
21
0.8289789999999999
0
LINE
8
Edge.Cuts
6
CONTINUOUS
10
211.8474750000000029
20
0.8289789999999999
11
211.853369999999984
21
0.838634
0
LINE
8
Edge.Cuts
6
CONTINUOUS
10
211.853369999999984
20
0.838634
11
211.8593339999999898
21
0.848248
0
LINE
8
Edge.Cuts
6
CONTINUOUS
10
211.8593339999999898
20
0.848248
11
211.8653659999999945
21
0.857819
0
LINE
8
Edge.Cuts
6
CONTINUOUS
10
211.8653659999999945
20
0.857819
11
211.8714650000000006
21
0.867347
0
LINE
8
Edge.Cuts
6
CONTINUOUS
10
211.8714650000000006
20
0.867347
11
211.8776319999999771
21
0.8768319999999999
0
LINE
8
Edge.Cuts
6
CONTINUOUS
10
211.8776319999999771
20
0.8768319999999999
11
211.8838649999999859
21
0.886274
0
LINE
8
Edge.Cuts
6
CONTINUOUS
10
211.8838649999999859
20
0.886274
11
211.8901649999999961
21
0.895671
0
LINE
8
Edge.Cuts
6
CONTINUOUS
10
211.8901649999999961
20
0.895671
11
211.8965319999999792
21
0.9050239999999999
0
LINE
8
Edge.Cuts
6
CONTINUOUS
10
211.8965319999999792
20
0.9050239999999999
11
211.9029639999999972
21
0.914331
0
LINE
8
Edge.Cuts
6
CONTINUOUS
10
211.9029639999999972
20
0.914331
11
211.9094629999999881
21
0.923593
0
LINE
8
Edge.Cuts
6
CONTINUOUS
10
211.9094629999999881
20
0.923593
11
211.916025999999988
21
0.932808
0
LINE
8
Edge.Cuts
6
CONTINUOUS
10
211.916025999999988
20
0.932808
11
211.9193319999999972
21
0.937398
0
LINE
8
Edge.Cuts
6
CONTINUOUS
10
211.9193319999999972
20
0.937398
11
211.9226549999999918
21
0.941977
0
LINE
8
Edge.Cuts
6
CONTINUOUS
10
211.9226549999999918
20
0.941977
11
211.925992999999977
21
0.9465439999999999
0
LINE
8
Edge.Cuts
6
CONTINUOUS
10
211.925992999999977
20
0.9465439999999999
11
211.9293480000000045
21
0.9510989999999999
0
LINE
8
Edge.Cuts
6
CONTINUOUS
10
211.9293480000000045
20
0.9510989999999999
11
211.9327189999999916
21
0.955642
0
LINE
8
Edge.Cuts
6
CONTINUOUS
10
211.9327189999999916
20
0.955642
11
211.9361059999999952
21
0.9601729999999999
0
LINE
8
Edge.Cuts
6
CONTINUOUS
10
211.9361059999999952
20
0.9601729999999999
11
211.9395089999999868
21
0.9646929999999999
0
LINE
8
Edge.Cuts
6
CONTINUOUS
10
211.9395089999999868
20
0.9646929999999999
11
211.9429279999999949
21
0.9692
0
LINE
8
Edge.Cuts
6
CONTINUOUS
10
211.9429279999999949
20
0.9692
11
211.9463619999999935
21
0.973695
0
LINE
8
Edge.Cuts
6
CONTINUOUS
10
211.9463619999999935
20
0.973695
11
211.9498129999999776
21
0.978178
0
LINE
8
Edge.Cuts
6
CONTINUOUS
10
211.9498129999999776
20
0.978178
11
211.9532799999999781
21
0.982649
0
LINE
8
Edge.Cuts
6
CONTINUOUS
10
211.9532799999999781
20
0.982649
11
211.9567619999999977
21
0.987107
0
LINE
8
Edge.Cuts
6
CONTINUOUS
10
211.9567619999999977
20
0.987107
11
211.9602599999999768
21
0.9915529999999999
0
LINE
8
Edge.Cuts
6
CONTINUOUS
10
211.9602599999999768
20
0.9915529999999999
11
211.9637740000000008
21
0.995987
0
LINE
8
Edge.Cuts
6
CONTINUOUS
10
211.9637740000000008
20
0.995987
11
211.9673029999999869
21
1.000408
0
LINE
8
Edge.Cuts
6
CONTINUOUS
10
211.9673029999999869
20
1.000408
11
211.9708479999999895
21
1.0048169999999998
0
LINE
8
Edge.Cuts
6
CONTINUOUS
10
211.9708479999999895
20
1.0048169999999998
11
211.9744089999999801
21
1.0092129999999999
0
LINE
8
Edge.Cuts
6
CONTINUOUS
10
211.9744089999999801
20
1.0092129999999999
11
211.9779849999999897
21
1.0135969999999999
0
LINE
8
Edge.Cuts
6
CONTINUOUS
10
211.9779849999999897
20
1.0135969999999999
11
211.9815759999999898
21
1.017968
0
LINE
8
Edge.Cuts
6
CONTINUOUS
10
211.9815759999999898
20
1.017968
11
211.9851829999999779
21
1.0223259999999998
0
LINE
8
Edge.Cuts
6
CONTINUOUS
10
211.9851829999999779
20
1.0223259999999998
11
211.9888059999999825
21
1.0266709999999999
0
LINE
8
Edge.Cuts
6
CONTINUOUS
10
211.9888059999999825
20
1.0266709999999999
11
211.9924429999999802
21
1.031004
0
LINE
8
Edge.Cuts
6
CONTINUOUS
10
211.9924429999999802
20
1.031004
11
211.9960959999999943
21
1.0353239999999999
0
LINE
8
Edge.Cuts
6
CONTINUOUS
10
211.9960959999999943
20
1.0353239999999999
11
211.9997649999999965
21
1.039631
0
LINE
8
Edge.Cuts
6
CONTINUOUS
10
211.9997649999999965
20
1.039631
11
212.0034479999999917
21
1.0439239999999999
0
LINE
8
Edge.Cuts
6
CONTINUOUS
10
212.0034479999999917
20
1.0439239999999999
11
212.0071470000000033
21
1.0482050000000001
0
LINE
8
Edge.Cuts
6
CONTINUOUS
10
212.0071470000000033
20
1.0482050000000001
11
212.0108609999999771
21
1.052473
0
LINE
8
Edge.Cuts
6
CONTINUOUS
10
212.0108609999999771
20
1.052473
11
212.0145899999999983
21
1.056727
0
LINE
8
Edge.Cuts
6
CONTINUOUS
10
212.0145899999999983
20
1.056727
11
212.0183329999999842
21
1.0609690000000001
0
LINE
8
Edge.Cuts
6
CONTINUOUS
10
212.0183329999999842
20
1.0609690000000001
11
212.0220929999999839
21
1.0651969999999999
0
LINE
8
Edge.Cuts
6
CONTINUOUS
10
212.0220929999999839
20
1.0651969999999999
11
212.0258659999999793
21
1.0694109999999999
0
LINE
8
Edge.Cuts
6
CONTINUOUS
10
212.0258659999999793
20
1.0694109999999999
11
212.0296549999999911
21
1.0736129999999999
0
LINE
8
Edge.Cuts
6
CONTINUOUS
10
212.0296549999999911
20
1.0736129999999999
11
212.033457999999996
21
1.077801
0
LINE
8
Edge.Cuts
6
CONTINUOUS
10
212.033457999999996
20
1.077801
11
212.0372769999999889
21
1.0819749999999999
0
LINE
8
Edge.Cuts
6
CONTINUOUS
10
212.0372769999999889
20
1.0819749999999999
11
212.0411100000000033
21
1.086136
0
LINE
8
Edge.Cuts
6
CONTINUOUS
10
212.0411100000000033
20
1.086136
11
212.0449579999999798
21
1.090284
0
LINE
8
Edge.Cuts
6
CONTINUOUS
10
212.0449579999999798
20
1.090284
11
212.0488199999999779
21
1.094417
0
LINE
8
Edge.Cuts
6
CONTINUOUS
10
212.0488199999999779
20
1.094417
11
212.0526969999999949
21
1.0985369999999999
0
LINE
8
Edge.Cuts
6
CONTINUOUS
10
212.0526969999999949
20
1.0985369999999999
11
212.0565879999999765
21
1.102644
0
LINE
8
Edge.Cuts
6
CONTINUOUS
10
212.0565879999999765
20
1.102644
11
212.0604950000000031
21
1.1067359999999999
0
LINE
8
Edge.Cuts
6
CONTINUOUS
10
212.0604950000000031
20
1.1067359999999999
11
212.0644149999999968
21
1.1108149999999999
0
LINE
8
Edge.Cuts
6
CONTINUOUS
10
212.0644149999999968
20
1.1108149999999999
11
212.068349999999981
21
1.1148799999999999
0
LINE
8
Edge.Cuts
6
CONTINUOUS
10
212.068349999999981
20
1.1148799999999999
11
212.0722989999999868
21
1.1189309999999999
0
LINE
8
Edge.Cuts
6
CONTINUOUS
10
212.0722989999999868
20
1.1189309999999999
11
212.0762629999999831
21
1.122968
0
LINE
8
Edge.Cuts
6
CONTINUOUS
10
212.0762629999999831
20
1.122968
11
212.0802410000000009
21
1.1269909999999999
0
LINE
8
Edge.Cuts
6
CONTINUOUS
10
212.0802410000000009
20
1.1269909999999999
11
212.0842329999999833
21
1.131
0
LINE
8
Edge.Cuts
6
CONTINUOUS
10
212.0842329999999833
20
1.131
11
212.0882389999999873
21
1.1349940000000001
0
LINE
8
Edge.Cuts
6
CONTINUOUS
10
212.0882389999999873
20
1.1349940000000001
11
212.0922599999999818
21
1.1389749999999998
0
LINE
8
Edge.Cuts
6
CONTINUOUS
10
212.0922599999999818
20
1.1389749999999998
11
212.0962940000000003
21
1.142941
0
LINE
8
Edge.Cuts
6
CONTINUOUS
10
212.0962940000000003
20
1.142941
11
212.100342999999981
21
1.1468939999999999
0
LINE
8
Edge.Cuts
6
CONTINUOUS
10
212.100342999999981
20
1.1468939999999999
11
212.1044049999999856
21
1.1508309999999999
0
LINE
8
Edge.Cuts
6
CONTINUOUS
10
212.1044049999999856
20
1.1508309999999999
11
212.1084809999999834
21
1.154755
0
LINE
8
Edge.Cuts
6
CONTINUOUS
10
212.1084809999999834
20
1.154755
11
212.1125710000000026
21
1.1586639999999999
0
LINE
8
Edge.Cuts
6
CONTINUOUS
10
212.1125710000000026
20
1.1586639999999999
11
212.116675999999984
21
1.162558
0
LINE
8
Edge.Cuts
6
CONTINUOUS
10
212.116675999999984
20
1.162558
11
212.1172689999999932
21
1.163119
0
LINE
8
Edge.Cuts
6
CONTINUOUS
10
195.8450819999999908
20
8.5999999999999996
11
149.0450819999999794
21
8.5999999999999996
0
LINE
8
Edge.Cuts
6
CONTINUOUS
10
89.904917999999995
20
-100.6499999999999915
11
136.7049179999999922
21
-100.6499999999999915
0
LINE
8
Edge.Cuts
6
CONTINUOUS
10
209.0963769999999897
20
-91.0824499999999944
11
209.102499999999992
21
-91.0809840000000008
0
LINE
8
Edge.Cuts
6
CONTINUOUS
10
209.102499999999992
20
-91.0809840000000008
11
209.1086249999999893
21
-91.0795379999999994
0
LINE
8
Edge.Cuts
6
CONTINUOUS
10
209.1086249999999893
20
-91.0795379999999994
11
209.1147509999999841
21
-91.0781119999999902
0
LINE
8
Edge.Cuts
6
CONTINUOUS
10
209.1147509999999841
20
-91.0781119999999902
11
209.1208799999999997
21
-91.0767060000000015
0
LINE
8
Edge.Cuts
6
CONTINUOUS
10
209.1208799999999997
20
-91.0767060000000015
11
209.1270089999999868
21
-91.0753199999999907
0
LINE
8
Edge.Cuts
6
CONTINUOUS
10
209.1270089999999868
20
-91.0753199999999907
11
209.1331409999999948
21
-91.073954999999998
0
LINE
8
Edge.Cuts
6
CONTINUOUS
10
209.1331409999999948
20
-91.073954999999998
11
209.1392730000000029
21
-91.0726089999999999
0
LINE
8
Edge.Cuts
6
CONTINUOUS
10
209.1392730000000029
20
-91.0726089999999999
11
209.1454080000000033
21
-91.0712839999999915
0
LINE
8
Edge.Cuts
6
CONTINUOUS
10
209.1454080000000033
20
-91.0712839999999915
11
209.1515440000000012
21
-91.0699789999999894
0
LINE
8
Edge.Cuts
6
CONTINUOUS
10
209.1515440000000012
20
-91.0699789999999894
11
209.1576819999999941
21
-91.0686939999999936
0
LINE
8
Edge.Cuts
6
CONTINUOUS
10
209.1576819999999941
20
-91.0686939999999936
11
209.163819999999987
21
-91.06742899999999
0
LINE
8
Edge.Cuts
6
CONTINUOUS
10
209.163819999999987
20
-91.06742899999999
11
209.1699610000000007
21
-91.0661839999999927
0
LINE
8
Edge.Cuts
6
CONTINUOUS
10
209.1699610000000007
20
-91.0661839999999927
11
209.1761029999999835
21
-91.0649599999999992
0
LINE
8
Edge.Cuts
6
CONTINUOUS
10
209.1761029999999835
20
-91.0649599999999992
11
209.1822459999999921
21
-91.0637550000000005
0
LINE
8
Edge.Cuts
6
CONTINUOUS
10
209.1822459999999921
20
-91.0637550000000005
11
209.1883899999999983
21
-91.0625709999999913
0
LINE
8
Edge.Cuts
6
CONTINUOUS
10
209.1883899999999983
20
-91.0625709999999913
11
209.1945369999999969
21
-91.061405999999991
0
LINE
8
Edge.Cuts
6
CONTINUOUS
10
209.1945369999999969
20
-91.061405999999991
11
209.2006829999999979
21
-91.0602619999999945
0
LINE
8
Edge.Cuts
6
CONTINUOUS
10
209.2006829999999979
20
-91.0602619999999945
11
209.2068319999999915
21
-91.0591379999999901
0
LINE
8
Edge.Cuts
6
CONTINUOUS
10
209.2068319999999915
20
-91.0591379999999901
11
209.2129819999999825
21
-91.0580339999999921
0
LINE
8
Edge.Cuts
6
CONTINUOUS
10
209.2129819999999825
20
-91.0580339999999921
11
209.2191329999999994
21
-91.0569500000000005
0
LINE
8
Edge.Cuts
6
CONTINUOUS
10
209.2191329999999994
20
-91.0569500000000005
11
209.2252849999999853
21
-91.0558869999999985
0
LINE
8
Edge.Cuts
6
CONTINUOUS
10
209.2252849999999853
20
-91.0558869999999985
11
209.2314389999999946
21
-91.0548429999999911
0
LINE
8
Edge.Cuts
6
CONTINUOUS
10
209.2314389999999946
20
-91.0548429999999911
11
209.2375930000000039
21
-91.0538189999999901
0
LINE
8
Edge.Cuts
6
CONTINUOUS
10
209.2375930000000039
20
-91.0538189999999901
11
209.2437489999999798
21
-91.0528159999999929
0
LINE
8
Edge.Cuts
6
CONTINUOUS
10
209.2437489999999798
20
-91.0528159999999929
11
209.2499059999999815
21
-91.0518319999999903
0
LINE
8
Edge.Cuts
6
CONTINUOUS
10
209.2499059999999815
20
-91.0518319999999903
11
209.2560639999999808
21
-91.0508689999999916
0
LINE
8
Edge.Cuts
6
CONTINUOUS
10
209.2560639999999808
20
-91.0508689999999916
11
209.2622229999999774
21
-91.0499259999999992
0
LINE
8
Edge.Cuts
6
CONTINUOUS
10
209.2622229999999774
20
-91.0499259999999992
11
209.268383
21
-91.0490020000000015
0
LINE
8
Edge.Cuts
6
CONTINUOUS
10
209.268383
20
-91.0490020000000015
11
209.2745439999999917
21
-91.0480989999999935
0
LINE
8
Edge.Cuts
6
CONTINUOUS
10
209.2745439999999917
20
-91.0480989999999935
11
209.2807059999999808
21
-91.0472159999999917
0
LINE
8
Edge.Cuts
6
CONTINUOUS
10
209.2807059999999808
20
-91.0472159999999917
11
209.2868689999999958
21
-91.0463529999999963
0
LINE
8
Edge.Cuts
6
CONTINUOUS
10
209.2868689999999958
20
-91.0463529999999963
11
209.2930339999999774
21
-91.0455099999999931
0
LINE
8
Edge.Cuts
6
CONTINUOUS
10
209.2930339999999774
20
-91.0455099999999931
11
209.2991979999999899
21
-91.0446869999999961
0
LINE
8
Edge.Cuts
6
CONTINUOUS
10
209.2991979999999899
20
-91.0446869999999961
11
209.3053639999999973
21
-91.0438849999999888
0
LINE
8
Edge.Cuts
6
CONTINUOUS
10
209.3053639999999973
20
-91.0438849999999888
11
209.3115310000000022
21
-91.0431019999999904
0
LINE
8
Edge.Cuts
6
CONTINUOUS
10
209.3115310000000022
20
-91.0431019999999904
11
209.3176990000000046
21
-91.0423389999999984
0
LINE
8
Edge.Cuts
6
CONTINUOUS
10
209.3176990000000046
20
-91.0423389999999984
11
209.3238669999999786
21
-91.0415969999999959
0
LINE
8
Edge.Cuts
6
CONTINUOUS
10
209.3238669999999786
20
-91.0415969999999959
11
209.3300370000000044
21
-91.0408740000000023
0
LINE
8
Edge.Cuts
6
CONTINUOUS
10
209.3300370000000044
20
-91.0408740000000023
11
209.3362070000000017
21
-91.0401710000000008
0
LINE
8
Edge.Cuts
6
CONTINUOUS
10
209.3362070000000017
20
-91.0401710000000008
11
209.3423779999999965
21
-91.039488999999989
0
LINE
8
Edge.Cuts
6
CONTINUOUS
10
209.3423779999999965
20
-91.039488999999989
11
209.3485489999999913
21
-91.0388260000000002
0
LINE
8
Edge.Cuts
6
CONTINUOUS
10
209.3485489999999913
20
-91.0388260000000002
11
209.3547219999999811
21
-91.0381840000000011
0
LINE
8
Edge.Cuts
6
CONTINUOUS
10
209.3547219999999811
20
-91.0381840000000011
11
209.3608949999999993
21
-91.0375609999999966
0
LINE
8
Edge.Cuts
6
CONTINUOUS
10
209.3608949999999993
20
-91.0375609999999966
11
209.3670689999999865
21
-91.036958999999996
0
LINE
8
Edge.Cuts
6
CONTINUOUS
10
209.3670689999999865
20
-91.036958999999996
11
209.3732430000000022
21
-91.0363770000000017
0
LINE
8
Edge.Cuts
6
CONTINUOUS
10
209.3732430000000022
20
-91.0363770000000017
11
209.3794179999999869
21
-91.035814000000002
0
LINE
8
Edge.Cuts
6
CONTINUOUS
10
209.3794179999999869
20
-91.035814000000002
11
209.3855930000000001
21
-91.035271999999992
0
LINE
8
Edge.Cuts
6
CONTINUOUS
10
209.3855930000000001
20
-91.035271999999992
11
209.3917699999999797
21
-91.0347500000000025
0
LINE
8
Edge.Cuts
6
CONTINUOUS
10
209.3917699999999797
20
-91.0347500000000025
11
209.3979459999999904
21
-91.034247999999991
0
LINE
8
Edge.Cuts
6
CONTINUOUS
10
209.3979459999999904
20
-91.034247999999991
11
209.4041239999999959
21
-91.0337650000000025
0
LINE
8
Edge.Cuts
6
CONTINUOUS
10
209.4041239999999959
20
-91.0337650000000025
11
209.410301000000004
21
-91.0333029999999894
0
LINE
8
Edge.Cuts
6
CONTINUOUS
10
209.410301000000004
20
-91.0333029999999894
11
209.4164799999999786
21
-91.0328609999999969
0
LINE
8
Edge.Cuts
6
CONTINUOUS
10
209.4164799999999786
20
-91.0328609999999969
11
209.4226589999999817
21
-91.0324389999999966
0
LINE
8
Edge.Cuts
6
CONTINUOUS
10
209.4226589999999817
20
-91.0324389999999966
11
209.4288379999999847
21
-91.0320370000000025
0
LINE
8
Edge.Cuts
6
CONTINUOUS
10
209.4288379999999847
20
-91.0320370000000025
11
209.4350169999999878
21
-91.0316550000000007
0
LINE
8
Edge.Cuts
6
CONTINUOUS
10
209.4350169999999878
20
-91.0316550000000007
11
209.4411979999999858
21
-91.0312929999999909
0
LINE
8
Edge.Cuts
6
CONTINUOUS
10
209.4411979999999858
20
-91.0312929999999909
11
209.4473779999999863
21
-91.0309510000000017
0
LINE
8
Edge.Cuts
6
CONTINUOUS
10
209.4473779999999863
20
-91.0309510000000017
11
209.4535589999999843
21
-91.030627999999993
0
LINE
8
Edge.Cuts
6
CONTINUOUS
10
209.4535589999999843
20
-91.030627999999993
11
209.4597399999999823
21
-91.0303260000000023
0
LINE
8
Edge.Cuts
6
CONTINUOUS
10
209.4597399999999823
20
-91.0303260000000023
11
209.4659219999999777
21
-91.0300439999999895
0
LINE
8
Edge.Cuts
6
CONTINUOUS
10
209.4659219999999777
20
-91.0300439999999895
11
209.4721030000000042
21
-91.0297819999999973
0
LINE
8
Edge.Cuts
6
CONTINUOUS
10
209.4721030000000042
20
-91.0297819999999973
11
209.4782849999999996
21
-91.0295399999999972
0
LINE
8
Edge.Cuts
6
CONTINUOUS
10
209.4782849999999996
20
-91.0295399999999972
11
209.4844679999999926
21
-91.0293179999999893
0
LINE
8
Edge.Cuts
6
CONTINUOUS
10
209.4844679999999926
20
-91.0293179999999893
11
209.490649999999988
21
-91.0291160000000019
0
LINE
8
Edge.Cuts
6
CONTINUOUS
10
209.490649999999988
20
-91.0291160000000019
11
209.496832999999981
21
-91.0289339999999925
0
LINE
8
Edge.Cuts
6
CONTINUOUS
10
209.496832999999981
20
-91.0289339999999925
11
209.5030160000000024
21
-91.0287719999999894
0
LINE
8
Edge.Cuts
6
CONTINUOUS
10
209.5030160000000024
20
-91.0287719999999894
11
209.5091989999999953
21
-91.0286299999999926
0
LINE
8
Edge.Cuts
6
CONTINUOUS
10
209.5091989999999953
20
-91.0286299999999926
11
209.5153819999999882
21
-91.0285080000000022
0
LINE
8
Edge.Cuts
6
CONTINUOUS
10
209.5153819999999882
20
-91.0285080000000022
11
209.5215649999999812
21
-91.0284059999999897
0
LINE
8
Edge.Cuts
6
CONTINUOUS
10
209.5215649999999812
20
-91.0284059999999897
11
209.527749
21
-91.0283239999999978
0
LINE
8
Edge.Cuts
6
CONTINUOUS
10
209.527749
20
-91.0283239999999978
11
209.533931999999993
21
-91.028261999999998
0
LINE
8
Edge.Cuts
6
CONTINUOUS
10
209.533931999999993
20
-91.028261999999998
11
209.5401159999999834
21
-91.0282199999999904
0
LINE
8
Edge.Cuts
6
CONTINUOUS
10
209.5401159999999834
20
-91.0282199999999904
11
209.5462989999999763
21
-91.0281979999999891
0
LINE
8
Edge.Cuts
6
CONTINUOUS
10
209.5462989999999763
20
-91.0281979999999891
11
209.5524829999999952
21
-91.0281959999999941
0
LINE
8
Edge.Cuts
6
CONTINUOUS
10
209.5524829999999952
20
-91.0281959999999941
11
209.5586659999999881
21
-91.0282139999999913
0
LINE
8
Edge.Cuts
6
CONTINUOUS
10
209.5586659999999881
20
-91.0282139999999913
11
209.5648499999999785
21
-91.0282519999999948
0
LINE
8
Edge.Cuts
6
CONTINUOUS
10
209.5648499999999785
20
-91.0282519999999948
11
209.5710329999999999
21
-91.0283099999999905
0
LINE
8
Edge.Cuts
6
CONTINUOUS
10
209.5710329999999999
20
-91.0283099999999905
11
209.5772159999999928
21
-91.02838899999999
0
LINE
8
Edge.Cuts
6
CONTINUOUS
10
209.5772159999999928
20
-91.02838899999999
11
209.5833989999999858
21
-91.0284869999999984
0
LINE
8
Edge.Cuts
6
CONTINUOUS
10
209.5833989999999858
20
-91.0284869999999984
11
209.5895819999999787
21
-91.0286049999999989
0
LINE
8
Edge.Cuts
6
CONTINUOUS
10
209.5895819999999787
20
-91.0286049999999989
11
209.5957650000000001
21
-91.0287429999999915
0
LINE
8
Edge.Cuts
6
CONTINUOUS
10
209.5957650000000001
20
-91.0287429999999915
11
209.601947999999993
21
-91.0289009999999905
0
LINE
8
Edge.Cuts
6
CONTINUOUS
10
209.601947999999993
20
-91.0289009999999905
11
209.6081299999999885
21
-91.0290789999999959
0
LINE
8
Edge.Cuts
6
CONTINUOUS
10
209.6081299999999885
20
-91.0290789999999959
11
209.6143129999999815
21
-91.0292769999999933
0
LINE
8
Edge.Cuts
6
CONTINUOUS
10
209.6143129999999815
20
-91.0292769999999933
11
209.6204949999999769
21
-91.0294949999999972
0
LINE
8
Edge.Cuts
6
CONTINUOUS
10
209.6204949999999769
20
-91.0294949999999972
11
209.6266770000000008
21
-91.0297329999999931
0
LINE
8
Edge.Cuts
6
CONTINUOUS
10
209.6266770000000008
20
-91.0297329999999931
11
209.6328579999999988
21
-91.0299909999999954
0
LINE
8
Edge.Cuts
6
CONTINUOUS
10
209.6328579999999988
20
-91.0299909999999954
11
209.6390399999999943
21
-91.0302689999999899
0
LINE
8
Edge.Cuts
6
CONTINUOUS
10
209.6390399999999943
20
-91.0302689999999899
11
209.6452209999999923
21
-91.0305669999999907
0
LINE
8
Edge.Cuts
6
CONTINUOUS
10
209.6452209999999923
20
-91.0305669999999907
11
209.6514009999999928
21
-91.0308849999999978
0
LINE
8
Edge.Cuts
6
CONTINUOUS
10
209.6514009999999928
20
-91.0308849999999978
11
209.6575809999999933
21
-91.0312239999999946
0
LINE
8
Edge.Cuts
6
CONTINUOUS
10
209.6575809999999933
20
-91.0312239999999946
11
209.6637609999999938
21
-91.0315820000000002
0
LINE
8
Edge.Cuts
6
CONTINUOUS
10
209.6637609999999938
20
-91.0315820000000002
11
209.6699409999999943
21
-91.031959999999998
0
LINE
8
Edge.Cuts
6
CONTINUOUS
10
209.6699409999999943
20
-91.031959999999998
11
209.6761199999999974
21
-91.0323580000000021
0
LINE
8
Edge.Cuts
6
CONTINUOUS
10
209.6761199999999974
20
-91.0323580000000021
11
209.682298000000003
21
-91.0327759999999984
0
LINE
8
Edge.Cuts
6
CONTINUOUS
10
209.682298000000003
20
-91.0327759999999984
11
209.6884759999999801
21
-91.033214000000001
0
LINE
8
Edge.Cuts
6
CONTINUOUS
10
209.6884759999999801
20
-91.033214000000001
11
209.6946539999999857
21
-91.0336729999999932
0
LINE
8
Edge.Cuts
6
CONTINUOUS
10
209.6946539999999857
20
-91.0336729999999932
11
209.7008309999999938
21
-91.0341509999999943
0
LINE
8
Edge.Cuts
6
CONTINUOUS
10
209.7008309999999938
20
-91.0341509999999943
11
209.7070070000000044
21
-91.0346490000000017
0
LINE
8
Edge.Cuts
6
CONTINUOUS
10
209.7070070000000044
20
-91.0346490000000017
11
209.7131829999999866
21
-91.0351670000000013
0
LINE
8
Edge.Cuts
6
CONTINUOUS
10
209.7131829999999866
20
-91.0351670000000013
11
209.7193589999999972
21
-91.0357059999999905
0
LINE
8
Edge.Cuts
6
CONTINUOUS
10
209.7193589999999972
20
-91.0357059999999905
11
209.7255339999999819
21
-91.0362640000000027
0
LINE
8
Edge.Cuts
6
CONTINUOUS
10
209.7255339999999819
20
-91.0362640000000027
11
209.7317079999999976
21
-91.0368419999999929
0
LINE
8
Edge.Cuts
6
CONTINUOUS
10
209.7317079999999976
20
-91.0368419999999929
11
209.7378809999999874
21
-91.0374410000000012
0
LINE
8
Edge.Cuts
6
CONTINUOUS
10
209.7378809999999874
20
-91.0374410000000012
11
209.7440539999999771
21
-91.0380589999999899
0
LINE
8
Edge.Cuts
6
CONTINUOUS
10
209.7440539999999771
20
-91.0380589999999899
11
209.7502259999999978
21
-91.0386979999999966
0
LINE
8
Edge.Cuts
6
CONTINUOUS
10
209.7502259999999978
20
-91.0386979999999966
11
209.7563969999999927
21
-91.0393559999999979
0
LINE
8
Edge.Cuts
6
CONTINUOUS
10
209.7563969999999927
20
-91.0393559999999979
11
209.7625679999999875
21
-91.0400349999999889
0
LINE
8
Edge.Cuts
6
CONTINUOUS
10
209.7625679999999875
20
-91.0400349999999889
11
209.7687379999999848
21
-91.0407329999999888
0
LINE
8
Edge.Cuts
6
CONTINUOUS
10
209.7687379999999848
20
-91.0407329999999888
11
209.7749069999999847
21
-91.0414519999999925
0
LINE
8
Edge.Cuts
6
CONTINUOUS
10
209.7749069999999847
20
-91.0414519999999925
11
209.7810759999999846
21
-91.0421899999999908
0
LINE
8
Edge.Cuts
6
CONTINUOUS
10
209.7810759999999846
20
-91.0421899999999908
11
209.7872429999999895
21
-91.042948999999993
0
LINE
8
Edge.Cuts
6
CONTINUOUS
10
209.7872429999999895
20
-91.042948999999993
11
209.7934099999999944
21
-91.0437280000000015
0
LINE
8
Edge.Cuts
6
CONTINUOUS
10
209.7934099999999944
20
-91.0437280000000015
11
209.7995760000000018
21
-91.0445270000000022
0
LINE
8
Edge.Cuts
6
CONTINUOUS
10
209.7995760000000018
20
-91.0445270000000022
11
209.8057409999999834
21
-91.045345999999995
0
LINE
8
Edge.Cuts
6
CONTINUOUS
10
209.8057409999999834
20
-91.045345999999995
11
209.8119049999999959
21
-91.0461849999999941
0
LINE
8
Edge.Cuts
6
CONTINUOUS
10
209.8119049999999959
20
-91.0461849999999941
11
209.8180679999999825
21
-91.0470439999999996
0
LINE
8
Edge.Cuts
6
CONTINUOUS
10
209.8180679999999825
20
-91.0470439999999996
11
209.82423
21
-91.0479229999999973
0
LINE
8
Edge.Cuts
6
CONTINUOUS
10
209.82423
20
-91.0479229999999973
11
209.8303919999999891
21
-91.0488220000000013
0
LINE
8
Edge.Cuts
6
CONTINUOUS
10
209.8303919999999891
20
-91.0488220000000013
11
209.8365519999999833
21
-91.0497409999999974
0
LINE
8
Edge.Cuts
6
CONTINUOUS
10
209.8365519999999833
20
-91.0497409999999974
11
209.84271099999998
21
-91.0506799999999998
0
LINE
8
Edge.Cuts
6
CONTINUOUS
10
209.84271099999998
20
-91.0506799999999998
11
209.8488689999999792
21
-91.0516399999999919
0
LINE
8
Edge.Cuts
6
CONTINUOUS
10
209.8488689999999792
20
-91.0516399999999919
11
209.85794199999998
21
-91.0530899999999974
0
ARC
8
Edge.Cuts
10
89.9048999999999978
20
-99.0499999999999972
40
1.6000000001012498
50
-180.00000000
51
-89.99935542
0
LINE
8
Edge.Cuts
6
CONTINUOUS
10
271.6549180000000092
20
-99.0499999999999972
11
271.6549180000000092
21
-96.25
0
ARC
8
Edge.Cuts
10
89.4048999999999978
20
-94.2103999999999928
40
0.5000180000639977
50
-76.22359155
51
0.00091670
0
LINE
8
Edge.Cuts
6
CONTINUOUS
10
88.3049180000000007
20
-96.25
11
88.3049180000000007
21
-99.0499999999999972
0
LINE
8
Edge.Cuts
6
CONTINUOUS
10
73.9920489999999944
20
-92.708911999999998
11
73.9957249999999931
21
-92.7008019999999959
0
LINE
8
Edge.Cuts
6
CONTINUOUS
10
73.9957249999999931
20
-92.7008019999999959
11
73.999416999999994
21
-92.6927049999999895
0
LINE
8
Edge.Cuts
6
CONTINUOUS
10
73.999416999999994
20
-92.6927049999999895
11
74.0031219999999905
21
-92.6846279999999894
0
LINE
8
Edge.Cuts
6
CONTINUOUS
10
74.0031219999999905
20
-92.6846279999999894
11
74.0068430000000035
21
-92.6765639999999991
0
LINE
8
Edge.Cuts
6
CONTINUOUS
10
74.0068430000000035
20
-92.6765639999999991
11
74.0105769999999978
21
-92.6685200000000009
0
LINE
8
Edge.Cuts
6
CONTINUOUS
10
74.0105769999999978
20
-92.6685200000000009
11
74.0143269999999944
21
-92.6604899999999958
0
LINE
8
Edge.Cuts
6
CONTINUOUS
10
74.0143269999999944
20
-92.6604899999999958
11
74.0180890000000034
21
-92.6524799999999971
0
LINE
8
Edge.Cuts
6
CONTINUOUS
10
74.0180890000000034
20
-92.6524799999999971
11
74.0218670000000003
21
-92.6444839999999914
0
LINE
8
Edge.Cuts
6
CONTINUOUS
10
74.0218670000000003
20
-92.6444839999999914
11
74.0256569999999954
21
-92.6365079999999921
0
LINE
8
Edge.Cuts
6
CONTINUOUS
10
74.0256569999999954
20
-92.6365079999999921
11
74.0294629999999927
21
-92.6285450000000026
0
LINE
8
Edge.Cuts
6
CONTINUOUS
10
74.0294629999999927
20
-92.6285450000000026
11
74.0332819999999998
21
-92.6206030000000027
0
LINE
8
Edge.Cuts
6
CONTINUOUS
10
74.0332819999999998
20
-92.6206030000000027
11
74.0371159999999975
21
-92.6126749999999959
0
LINE
8
Edge.Cuts
6
CONTINUOUS
10
74.0371159999999975
20
-92.6126749999999959
11
74.0409619999999933
21
-92.6047669999999954
0
LINE
8
Edge.Cuts
6
CONTINUOUS
10
74.0409619999999933
20
-92.6047669999999954
11
74.0448239999999913
21
-92.5968730000000022
0
LINE
8
Edge.Cuts
6
CONTINUOUS
10
74.0448239999999913
20
-92.5968730000000022
11
74.0486980000000017
21
-92.5889990000000012
0
LINE
8
Edge.Cuts
6
CONTINUOUS
10
74.0486980000000017
20
-92.5889990000000012
11
74.0525880000000001
21
-92.5811389999999932
0
LINE
8
Edge.Cuts
6
CONTINUOUS
10
74.0525880000000001
20
-92.5811389999999932
11
74.0564899999999966
21
-92.5733010000000007
0
LINE
8
Edge.Cuts
6
CONTINUOUS
10
74.0564899999999966
20
-92.5733010000000007
11
74.0604069999999979
21
-92.5654759999999897
0
LINE
8
Edge.Cuts
6
CONTINUOUS
10
74.0604069999999979
20
-92.5654759999999897
11
74.0643359999999973
21
-92.5576709999999991
0
LINE
8
Edge.Cuts
6
CONTINUOUS
10
74.0643359999999973
20
-92.5576709999999991
11
74.0682809999999989
21
-92.5498809999999992
0
LINE
8
Edge.Cuts
6
CONTINUOUS
10
74.0682809999999989
20
-92.5498809999999992
11
74.0722370000000012
21
-92.5421119999999888
0
LINE
8
Edge.Cuts
6
CONTINUOUS
10
74.0722370000000012
20
-92.5421119999999888
11
74.0762089999999915
21
-92.5343560000000025
0
LINE
8
Edge.Cuts
6
CONTINUOUS
10
74.0762089999999915
20
-92.5343560000000025
11
74.0801919999999967
21
-92.526621999999989
0
LINE
8
Edge.Cuts
6
CONTINUOUS
10
74.0801919999999967
20
-92.526621999999989
11
74.0841909999999899
21
-92.5189019999999971
0
LINE
8
Edge.Cuts
6
CONTINUOUS
10
74.0841909999999899
20
-92.5189019999999971
11
74.088200999999998
21
-92.5112029999999947
0
LINE
8
Edge.Cuts
6
CONTINUOUS
10
74.088200999999998
20
-92.5112029999999947
11
74.0922259999999966
21
-92.5035179999999997
0
LINE
8
Edge.Cuts
6
CONTINUOUS
10
74.0922259999999966
20
-92.5035179999999997
11
74.0962629999999933
21
-92.4958549999999917
0
LINE
8
Edge.Cuts
6
CONTINUOUS
10
74.0962629999999933
20
-92.4958549999999917
11
74.1003149999999948
21
-92.4882049999999936
0
LINE
8
Edge.Cuts
6
CONTINUOUS
10
74.1003149999999948
20
-92.4882049999999936
11
74.104377999999997
21
-92.4805769999999967
0
LINE
8
Edge.Cuts
6
CONTINUOUS
10
74.104377999999997
20
-92.4805769999999967
11
74.1084570000000014
21
-92.4729629999999929
0
LINE
8
Edge.Cuts
6
CONTINUOUS
10
74.1084570000000014
20
-92.4729629999999929
11
74.1125469999999922
21
-92.4653709999999904
0
LINE
8
Edge.Cuts
6
CONTINUOUS
10
74.1125469999999922
20
-92.4653709999999904
11
74.1166509999999903
21
-92.4577919999999978
0
LINE
8
Edge.Cuts
6
CONTINUOUS
10
74.1166509999999903
20
-92.4577919999999978
11
74.1207670000000007
21
-92.4502359999999896
0
LINE
8
Edge.Cuts
6
CONTINUOUS
10
74.1207670000000007
20
-92.4502359999999896
11
74.1248980000000017
21
-92.4426929999999913
0
LINE
8
Edge.Cuts
6
CONTINUOUS
10
74.1248980000000017
20
-92.4426929999999913
11
74.1290389999999917
21
-92.4351729999999918
0
LINE
8
Edge.Cuts
6
CONTINUOUS
10
74.1290389999999917
20
-92.4351729999999918
11
74.1331959999999981
21
-92.4276660000000021
0
LINE
8
Edge.Cuts
6
CONTINUOUS
10
74.1331959999999981
20
-92.4276660000000021
11
74.1373639999999909
21
-92.4201819999999969
0
LINE
8
Edge.Cuts
6
CONTINUOUS
10
74.1373639999999909
20
-92.4201819999999969
11
74.1415459999999911
21
-92.4127119999999991
0
LINE
8
Edge.Cuts
6
CONTINUOUS
10
74.1415459999999911
20
-92.4127119999999991
11
74.1457389999999918
21
-92.4052629999999908
0
LINE
8
Edge.Cuts
6
CONTINUOUS
10
74.1457389999999918
20
-92.4052629999999908
11
74.1499469999999974
21
-92.3978290000000015
0
LINE
8
Edge.Cuts
6
CONTINUOUS
10
74.1499469999999974
20
-92.3978290000000015
11
74.1541649999999919
21
-92.3904179999999968
0
LINE
8
Edge.Cuts
6
CONTINUOUS
10
74.1541649999999919
20
-92.3904179999999968
11
74.1583990000000028
21
-92.3830200000000019
0
LINE
8
Edge.Cuts
6
CONTINUOUS
10
74.1583990000000028
20
-92.3830200000000019
11
74.1626419999999911
21
-92.3756449999999916
0
LINE
8
Edge.Cuts
6
CONTINUOUS
10
74.1626419999999911
20
-92.3756449999999916
11
74.1669009999999957
21
-92.3682840000000027
0
LINE
8
Edge.Cuts
6
CONTINUOUS
10
74.1669009999999957
20
-92.3682840000000027
11
74.1711689999999919
21
-92.360945000000001
0
LINE
8
Edge.Cuts
6
CONTINUOUS
10
74.1711689999999919
20
-92.360945000000001
11
74.1754529999999903
21
-92.3536209999999897
0
LINE
8
Edge.Cuts
6
CONTINUOUS
10
74.1754529999999903
20
-92.3536209999999897
11
74.1797459999999944
21
-92.346318999999994
0
LINE
8
Edge.Cuts
6
CONTINUOUS
10
74.1797459999999944
20
-92.346318999999994
11
74.1840550000000007
21
-92.3390319999999889
0
LINE
8
Edge.Cuts
6
CONTINUOUS
10
74.1840550000000007
20
-92.3390319999999889
11
74.1883729999999986
21
-92.3317669999999993
0
LINE
8
Edge.Cuts
6
CONTINUOUS
10
74.1883729999999986
20
-92.3317669999999993
11
74.1927060000000012
21
-92.3245160000000027
0
LINE
8
Edge.Cuts
6
CONTINUOUS
10
74.1927060000000012
20
-92.3245160000000027
11
74.1970489999999927
21
-92.3172879999999907
0
LINE
8
Edge.Cuts
6
CONTINUOUS
10
74.1970489999999927
20
-92.3172879999999907
11
74.2014059999999915
21
-92.3100749999999977
0
LINE
8
Edge.Cuts
6
CONTINUOUS
10
74.2014059999999915
20
-92.3100749999999977
11
74.2057729999999935
21
-92.3028839999999917
0
LINE
8
Edge.Cuts
6
CONTINUOUS
10
74.2057729999999935
20
-92.3028839999999917
11
74.2101550000000003
21
-92.2957079999999905
0
LINE
8
Edge.Cuts
6
CONTINUOUS
10
74.2101550000000003
20
-92.2957079999999905
11
74.2154299999999978
21
-92.2871189999999899
0
LINE
8
Edge.Cuts
6
CONTINUOUS
10
73.9920489999999944
20
-92.708911999999998
11
73.9873539999999963
21
-92.7192029999999932
0
LINE
8
Edge.Cuts
6
CONTINUOUS
10
73.9873539999999963
20
-92.7192029999999932
11
73.9825869999999952
21
-92.7294610000000006
0
LINE
8
Edge.Cuts
6
CONTINUOUS
10
73.9825869999999952
20
-92.7294610000000006
11
73.9777469999999937
21
-92.7396849999999944
0
LINE
8
Edge.Cuts
6
CONTINUOUS
10
73.9777469999999937
20
-92.7396849999999944
11
73.9728350000000034
21
-92.7498749999999887
0
LINE
8
Edge.Cuts
6
CONTINUOUS
10
73.9728350000000034
20
-92.7498749999999887
11
73.967850999999996
21
-92.7600300000000004
0
LINE
8
Edge.Cuts
6
CONTINUOUS
10
73.967850999999996
20
-92.7600300000000004
11
73.9627959999999973
21
-92.7701489999999893
0
LINE
8
Edge.Cuts
6
CONTINUOUS
10
73.9627959999999973
20
-92.7701489999999893
11
73.9576679999999982
21
-92.780231999999998
0
LINE
8
Edge.Cuts
6
CONTINUOUS
10
73.9576679999999982
20
-92.780231999999998
11
73.952469999999991
21
-92.7902789999999982
0
LINE
8
Edge.Cuts
6
CONTINUOUS
10
73.952469999999991
20
-92.7902789999999982
11
73.9472009999999926
21
-92.8002879999999948
0
LINE
8
Edge.Cuts
6
CONTINUOUS
10
73.9472009999999926
20
-92.8002879999999948
11
73.9418610000000029
21
-92.810260999999997
0
LINE
8
Edge.Cuts
6
CONTINUOUS
10
73.9418610000000029
20
-92.810260999999997
11
73.936450999999991
21
-92.8201949999999982
0
LINE
8
Edge.Cuts
6
CONTINUOUS
10
73.936450999999991
20
-92.8201949999999982
11
73.9309700000000021
21
-92.8300909999999959
0
LINE
8
Edge.Cuts
6
CONTINUOUS
10
73.9309700000000021
20
-92.8300909999999959
11
73.9254200000000026
21
-92.8399489999999901
0
LINE
8
Edge.Cuts
6
CONTINUOUS
10
73.9254200000000026
20
-92.8399489999999901
11
73.9197999999999951
21
-92.8497660000000025
0
LINE
8
Edge.Cuts
6
CONTINUOUS
10
73.9197999999999951
20
-92.8497660000000025
11
73.9141109999999912
21
-92.8595439999999996
0
LINE
8
Edge.Cuts
6
CONTINUOUS
10
73.9141109999999912
20
-92.8595439999999996
11
73.9083519999999936
21
-92.8692819999999983
0
LINE
8
Edge.Cuts
6
CONTINUOUS
10
73.9083519999999936
20
-92.8692819999999983
11
73.9025249999999971
21
-92.8789790000000011
0
LINE
8
Edge.Cuts
6
CONTINUOUS
10
73.9025249999999971
20
-92.8789790000000011
11
73.8966300000000018
21
-92.8886339999999961
0
LINE
8
Edge.Cuts
6
CONTINUOUS
10
73.8966300000000018
20
-92.8886339999999961
11
73.890665999999996
21
-92.8982479999999953
0
LINE
8
Edge.Cuts
6
CONTINUOUS
10
73.890665999999996
20
-92.8982479999999953
11
73.8846339999999913
21
-92.9078189999999893
0
LINE
8
Edge.Cuts
6
CONTINUOUS
10
73.8846339999999913
20
-92.9078189999999893
11
73.8785349999999994
21
-92.9173469999999924
0
LINE
8
Edge.Cuts
6
CONTINUOUS
10
73.8785349999999994
20
-92.9173469999999924
11
73.8723679999999945
21
-92.9268319999999903
0
LINE
8
Edge.Cuts
6
CONTINUOUS
10
73.8723679999999945
20
-92.9268319999999903
11
73.8661349999999999
21
-92.9362739999999974
0
LINE
8
Edge.Cuts
6
CONTINUOUS
10
73.8661349999999999
20
-92.9362739999999974
11
73.8598349999999897
21
-92.9456709999999902
0
LINE
8
Edge.Cuts
6
CONTINUOUS
10
73.8598349999999897
20
-92.9456709999999902
11
73.8534679999999923
21
-92.9550239999999945
0
LINE
8
Edge.Cuts
6
CONTINUOUS
10
73.8534679999999923
20
-92.9550239999999945
11
73.8470360000000028
21
-92.9643310000000014
0
LINE
8
Edge.Cuts
6
CONTINUOUS
10
73.8470360000000028
20
-92.9643310000000014
11
73.8405369999999976
21
-92.9735929999999939
0
LINE
8
Edge.Cuts
6
CONTINUOUS
10
73.8405369999999976
20
-92.9735929999999939
11
73.8339739999999978
21
-92.9828079999999915
0
LINE
8
Edge.Cuts
6
CONTINUOUS
10
73.8339739999999978
20
-92.9828079999999915
11
73.8306680000000028
21
-92.9873979999999989
0
LINE
8
Edge.Cuts
6
CONTINUOUS
10
73.8306680000000028
20
-92.9873979999999989
11
73.827344999999994
21
-92.9919769999999914
0
LINE
8
Edge.Cuts
6
CONTINUOUS
10
73.827344999999994
20
-92.9919769999999914
11
73.8240069999999946
21
-92.9965440000000001
0
LINE
8
Edge.Cuts
6
CONTINUOUS
10
73.8240069999999946
20
-92.9965440000000001
11
73.8206519999999955
21
-93.0010989999999964
0
LINE
8
Edge.Cuts
6
CONTINUOUS
10
73.8206519999999955
20
-93.0010989999999964
11
73.8172809999999942
21
-93.0056419999999946
0
LINE
8
Edge.Cuts
6
CONTINUOUS
10
73.8172809999999942
20
-93.0056419999999946
11
73.8138939999999906
21
-93.0101729999999947
0
LINE
8
Edge.Cuts
6
CONTINUOUS
10
73.8138939999999906
20
-93.0101729999999947
11
73.810490999999999
21
-93.0146929999999941
0
LINE
8
Edge.Cuts
6
CONTINUOUS
10
73.810490999999999
20
-93.0146929999999941
11
73.8070719999999909
21
-93.0191999999999979
0
LINE
8
Edge.Cuts
6
CONTINUOUS
10
73.8070719999999909
20
-93.0191999999999979
11
73.8036379999999923
21
-93.0236949999999894
0
LINE
8
Edge.Cuts
6
CONTINUOUS
10
73.8036379999999923
20
-93.0236949999999894
11
73.800186999999994
21
-93.0281779999999969
0
LINE
8
Edge.Cuts
6
CONTINUOUS
10
73.800186999999994
20
-93.0281779999999969
11
73.7967199999999934
21
-93.0326489999999922
0
LINE
8
Edge.Cuts
6
CONTINUOUS
10
73.7967199999999934
20
-93.0326489999999922
11
73.7932380000000023
21
-93.0371069999999918
0
LINE
8
Edge.Cuts
6
CONTINUOUS
10
73.7932380000000023
20
-93.0371069999999918
11
73.7897399999999948
21
-93.0415529999999933
0
LINE
8
Edge.Cuts
6
CONTINUOUS
10
73.7897399999999948
20
-93.0415529999999933
11
73.7862259999999992
21
-93.0459869999999967
0
LINE
8
Edge.Cuts
6
CONTINUOUS
10
73.7862259999999992
20
-93.0459869999999967
11
73.7826969999999989
21
-93.0504079999999902
0
LINE
8
Edge.Cuts
6
CONTINUOUS
10
73.7826969999999989
20
-93.0504079999999902
11
73.7791519999999963
21
-93.0548169999999999
0
LINE
8
Edge.Cuts
6
CONTINUOUS
10
73.7791519999999963
20
-93.0548169999999999
11
73.7755909999999915
21
-93.0592129999999997
0
LINE
8
Edge.Cuts
6
CONTINUOUS
10
73.7755909999999915
20
-93.0592129999999997
11
73.7720149999999961
21
-93.0635970000000015
0
LINE
8
Edge.Cuts
6
CONTINUOUS
10
73.7720149999999961
20
-93.0635970000000015
11
73.768423999999996
21
-93.0679679999999934
0
LINE
8
Edge.Cuts
6
CONTINUOUS
10
73.768423999999996
20
-93.0679679999999934
11
73.7648169999999936
21
-93.0723259999999897
0
LINE
8
Edge.Cuts
6
CONTINUOUS
10
73.7648169999999936
20
-93.0723259999999897
11
73.7611940000000033
21
-93.0766709999999904
0
LINE
8
Edge.Cuts
6
CONTINUOUS
10
73.7611940000000033
20
-93.0766709999999904
11
73.7575569999999914
21
-93.081003999999993
0
LINE
8
Edge.Cuts
6
CONTINUOUS
10
73.7575569999999914
20
-93.081003999999993
11
73.7539039999999915
21
-93.085324
0
LINE
8
Edge.Cuts
6
CONTINUOUS
10
73.7539039999999915
20
-93.085324
11
73.7502350000000035
21
-93.0896309999999971
0
LINE
8
Edge.Cuts
6
CONTINUOUS
10
73.7502350000000035
20
-93.0896309999999971
11
73.7465519999999941
21
-93.0939240000000012
0
LINE
8
Edge.Cuts
6
CONTINUOUS
10
73.7465519999999941
20
-93.0939240000000012
11
73.7428529999999967
21
-93.098204999999993
0
LINE
8
Edge.Cuts
6
CONTINUOUS
10
73.7428529999999967
20
-93.098204999999993
11
73.7391389999999944
21
-93.1024729999999892
0
LINE
8
Edge.Cuts
6
CONTINUOUS
10
73.7391389999999944
20
-93.1024729999999892
11
73.7354100000000017
21
-93.1067269999999922
0
LINE
8
Edge.Cuts
6
CONTINUOUS
10
73.7354100000000017
20
-93.1067269999999922
11
73.7316670000000016
21
-93.1109689999999972
0
LINE
8
Edge.Cuts
6
CONTINUOUS
10
73.7316670000000016
20
-93.1109689999999972
11
73.7279070000000019
21
-93.1151969999999949
0
LINE
8
Edge.Cuts
6
CONTINUOUS
10
73.7279070000000019
20
-93.1151969999999949
11
73.7241339999999923
21
-93.1194109999999995
0
LINE
8
Edge.Cuts
6
CONTINUOUS
10
73.7241339999999923
20
-93.1194109999999995
11
73.7203449999999947
21
-93.1236129999999918
0
LINE
8
Edge.Cuts
6
CONTINUOUS
10
73.7203449999999947
20
-93.1236129999999918
11
73.7165419999999898
21
-93.1278009999999909
0
LINE
8
Edge.Cuts
6
CONTINUOUS
10
73.7165419999999898
20
-93.1278009999999909
11
73.7127229999999969
21
-93.1319749999999971
0
LINE
8
Edge.Cuts
6
CONTINUOUS
10
73.7127229999999969
20
-93.1319749999999971
11
73.7088899999999967
21
-93.1361359999999934
0
LINE
8
Edge.Cuts
6
CONTINUOUS
10
73.7088899999999967
20
-93.1361359999999934
11
73.7050419999999917
21
-93.1402839999999941
0
LINE
8
Edge.Cuts
6
CONTINUOUS
10
73.7050419999999917
20
-93.1402839999999941
11
73.7011799999999937
21
-93.14441699999999
0
LINE
8
Edge.Cuts
6
CONTINUOUS
10
73.7011799999999937
20
-93.14441699999999
11
73.6973029999999909
21
-93.1485369999999904
0
LINE
8
Edge.Cuts
6
CONTINUOUS
10
73.6973029999999909
20
-93.1485369999999904
11
73.693411999999995
21
-93.1526439999999951
0
LINE
8
Edge.Cuts
6
CONTINUOUS
10
73.693411999999995
20
-93.1526439999999951
11
73.6895049999999969
21
-93.1567359999999951
0
LINE
8
Edge.Cuts
6
CONTINUOUS
10
73.6895049999999969
20
-93.1567359999999951
11
73.6855850000000032
21
-93.1608149999999995
0
LINE
8
Edge.Cuts
6
CONTINUOUS
10
73.6855850000000032
20
-93.1608149999999995
11
73.6816499999999905
21
-93.1648799999999966
0
LINE
8
Edge.Cuts
6
CONTINUOUS
10
73.6816499999999905
20
-93.1648799999999966
11
73.677700999999999
21
-93.1689310000000006
0
LINE
8
Edge.Cuts
6
CONTINUOUS
10
73.677700999999999
20
-93.1689310000000006
11
73.6737370000000027
21
-93.1729679999999973
0
LINE
8
Edge.Cuts
6
CONTINUOUS
10
73.6737370000000027
20
-93.1729679999999973
11
73.6697589999999991
21
-93.176991000000001
0
LINE
8
Edge.Cuts
6
CONTINUOUS
10
73.6697589999999991
20
-93.176991000000001
11
73.6657670000000024
21
-93.1809999999999974
0
LINE
8
Edge.Cuts
6
CONTINUOUS
10
73.6657670000000024
20
-93.1809999999999974
11
73.6617609999999985
21
-93.184993999999989
0
LINE
8
Edge.Cuts
6
CONTINUOUS
10
73.6617609999999985
20
-93.184993999999989
11
73.6577399999999898
21
-93.1889749999999992
0
LINE
8
Edge.Cuts
6
CONTINUOUS
10
73.6577399999999898
20
-93.1889749999999992
11
73.6537059999999997
21
-93.1929409999999905
0
LINE
8
Edge.Cuts
6
CONTINUOUS
10
73.6537059999999997
20
-93.1929409999999905
11
73.6496569999999906
21
-93.1968940000000003
0
LINE
8
Edge.Cuts
6
CONTINUOUS
10
73.6496569999999906
20
-93.1968940000000003
11
73.6455950000000001
21
-93.2008309999999938
0
LINE
8
Edge.Cuts
6
CONTINUOUS
10
73.6455950000000001
20
-93.2008309999999938
11
73.6415190000000024
21
-93.2047549999999916
0
LINE
8
Edge.Cuts
6
CONTINUOUS
10
73.6415190000000024
20
-93.2047549999999916
11
73.6374289999999974
21
-93.2086639999999989
0
LINE
8
Edge.Cuts
6
CONTINUOUS
10
73.6374289999999974
20
-93.2086639999999989
11
73.6333240000000018
21
-93.2125580000000014
0
LINE
8
Edge.Cuts
6
CONTINUOUS
10
73.6333240000000018
20
-93.2125580000000014
11
73.6327309999999926
21
-93.2131189999999918
0
LINE
8
Edge.Cuts
6
CONTINUOUS
10
208.5231449999999995
20
-0.7338439999999999
11
208.5114710000000002
21
-0.72695
0
LINE
8
Edge.Cuts
6
CONTINUOUS
10
208.5114710000000002
20
-0.72695
11
208.4998180000000048
21
-0.7199749999999999
0
LINE
8
Edge.Cuts
6
CONTINUOUS
10
208.4998180000000048
20
-0.7199749999999999
11
208.4881839999999897
21
-0.712919
0
LINE
8
Edge.Cuts
6
CONTINUOUS
10
208.4881839999999897
20
-0.712919
11
208.4765709999999785
21
-0.705782
0
LINE
8
Edge.Cuts
6
CONTINUOUS
10
208.4765709999999785
20
-0.705782
11
208.4649780000000021
21
-0.6985629999999999
0
LINE
8
Edge.Cuts
6
CONTINUOUS
10
208.4649780000000021
20
-0.6985629999999999
11
208.4534060000000011
21
-0.691264
0
LINE
8
Edge.Cuts
6
CONTINUOUS
10
208.4534060000000011
20
-0.691264
11
208.4418550000000039
21
-0.683882
0
LINE
8
Edge.Cuts
6
CONTINUOUS
10
208.4418550000000039
20
-0.683882
11
208.4303239999999846
21
-0.67642
0
LINE
8
Edge.Cuts
6
CONTINUOUS
10
208.4303239999999846
20
-0.67642
11
208.4188139999999976
21
-0.668875
0
LINE
8
Edge.Cuts
6
CONTINUOUS
10
208.4188139999999976
20
-0.668875
11
208.4073259999999834
21
-0.661249
0
LINE
8
Edge.Cuts
6
CONTINUOUS
10
208.4073259999999834
20
-0.661249
11
208.395858000000004
21
-0.6535409999999999
0
LINE
8
Edge.Cuts
6
CONTINUOUS
10
208.395858000000004
20
-0.6535409999999999
11
208.3844119999999975
21
-0.645752
0
LINE
8
Edge.Cuts
6
CONTINUOUS
10
208.3844119999999975
20
-0.645752
11
208.3729879999999923
21
-0.63788
0
LINE
8
Edge.Cuts
6
CONTINUOUS
10
208.3729879999999923
20
-0.63788
11
208.3615849999999909
21
-0.629926
0
LINE
8
Edge.Cuts
6
CONTINUOUS
10
208.3615849999999909
20
-0.629926
11
208.3502049999999883
21
-0.6218899999999999
0
LINE
8
Edge.Cuts
6
CONTINUOUS
10
208.3502049999999883
20
-0.6218899999999999
11
208.3388459999999895
21
-0.613772
0
LINE
8
Edge.Cuts
6
CONTINUOUS
10
208.3388459999999895
20
-0.613772
11
208.3275099999999895
21
-0.605572
0
LINE
8
Edge.Cuts
6
CONTINUOUS
10
208.3275099999999895
20
-0.605572
11
208.3161959999999908
21
-0.597289
0
LINE
8
Edge.Cuts
6
CONTINUOUS
10
208.3161959999999908
20
-0.597289
11
208.3049049999999909
21
-0.588924
0
LINE
8
Edge.Cuts
6
CONTINUOUS
10
208.3049049999999909
20
-0.588924
11
208.2936369999999897
21
-0.580476
0
LINE
8
Edge.Cuts
6
CONTINUOUS
10
208.2936369999999897
20
-0.580476
11
208.2823919999999873
21
-0.571946
0
LINE
8
Edge.Cuts
6
CONTINUOUS
10
208.2823919999999873
20
-0.571946
11
208.2711699999999837
21
-0.563333
0
LINE
8
Edge.Cuts
6
CONTINUOUS
10
208.2711699999999837
20
-0.563333
11
208.2599720000000048
21
-0.5546369999999999
0
LINE
8
Edge.Cuts
6
CONTINUOUS
10
208.2599720000000048
20
-0.5546369999999999
11
208.2487979999999936
21
-0.545859
0
LINE
8
Edge.Cuts
6
CONTINUOUS
10
208.2487979999999936
20
-0.545859
11
208.2376469999999813
21
-0.536998
0
LINE
8
Edge.Cuts
6
CONTINUOUS
10
208.2376469999999813
20
-0.536998
11
208.2265209999999911
21
-0.528054
0
LINE
8
Edge.Cuts
6
CONTINUOUS
10
208.2265209999999911
20
-0.528054
11
208.2154189999999971
21
-0.519027
0
LINE
8
Edge.Cuts
6
CONTINUOUS
10
208.2154189999999971
20
-0.519027
11
208.2043419999999969
21
-0.509918
0
LINE
8
Edge.Cuts
6
CONTINUOUS
10
208.2043419999999969
20
-0.509918
11
208.1932899999999904
21
-0.500725
0
LINE
8
Edge.Cuts
6
CONTINUOUS
10
208.1932899999999904
20
-0.500725
11
208.1822629999999776
21
-0.49145
0
LINE
8
Edge.Cuts
6
CONTINUOUS
10
208.1822629999999776
20
-0.49145
11
208.1712619999999845
21
-0.482091
0
LINE
8
Edge.Cuts
6
CONTINUOUS
10
208.1712619999999845
20
-0.482091
11
208.1602859999999851
21
-0.47265
0
LINE
8
Edge.Cuts
6
CONTINUOUS
10
208.1602859999999851
20
-0.47265
11
208.1493370000000027
21
-0.463125
0
LINE
8
Edge.Cuts
6
CONTINUOUS
10
208.1493370000000027
20
-0.463125
11
208.1384139999999832
21
-0.453518
0
LINE
8
Edge.Cuts
6
CONTINUOUS
10
208.1384139999999832
20
-0.453518
11
208.1275169999999832
21
-0.443827
0
LINE
8
Edge.Cuts
6
CONTINUOUS
10
208.1275169999999832
20
-0.443827
11
208.1166470000000004
21
-0.434054
0
LINE
8
Edge.Cuts
6
CONTINUOUS
10
208.1166470000000004
20
-0.434054
11
208.1058050000000037
21
-0.424197
0
LINE
8
Edge.Cuts
6
CONTINUOUS
10
208.1058050000000037
20
-0.424197
11
208.0949899999999957
21
-0.414258
0
LINE
8
Edge.Cuts
6
CONTINUOUS
10
208.0949899999999957
20
-0.414258
11
208.0842030000000022
21
-0.404235
0
LINE
8
Edge.Cuts
6
CONTINUOUS
10
208.0842030000000022
20
-0.404235
11
208.073443999999995
21
-0.39413
0
LINE
8
Edge.Cuts
6
CONTINUOUS
10
208.073443999999995
20
-0.39413
11
208.0627130000000022
21
-0.383942
0
LINE
8
Edge.Cuts
6
CONTINUOUS
10
208.0627130000000022
20
-0.383942
11
208.0520119999999906
21
-0.373671
0
LINE
8
Edge.Cuts
6
CONTINUOUS
10
208.0520119999999906
20
-0.373671
11
208.0413389999999936
21
-0.363317
0
LINE
8
Edge.Cuts
6
CONTINUOUS
10
208.0413389999999936
20
-0.363317
11
208.0306959999999776
21
-0.35288
0
LINE
8
Edge.Cuts
6
CONTINUOUS
10
208.0306959999999776
20
-0.35288
11
208.0200829999999996
21
-0.342361
0
LINE
8
Edge.Cuts
6
CONTINUOUS
10
208.0200829999999996
20
-0.342361
11
208.0095000000000027
21
-0.331759
0
LINE
8
Edge.Cuts
6
CONTINUOUS
10
208.0095000000000027
20
-0.331759
11
207.9989469999999869
21
-0.321074
0
LINE
8
Edge.Cuts
6
CONTINUOUS
10
207.9989469999999869
20
-0.321074
11
207.9884249999999781
21
-0.310307
0
LINE
8
Edge.Cuts
6
CONTINUOUS
10
207.9884249999999781
20
-0.310307
11
207.9779350000000022
21
-0.299458
0
LINE
8
Edge.Cuts
6
CONTINUOUS
10
207.9779350000000022
20
-0.299458
11
207.9674759999999765
21
-0.288527
0
LINE
8
Edge.Cuts
6
CONTINUOUS
10
207.9674759999999765
20
-0.288527
11
207.9570499999999811
21
-0.277513
0
LINE
8
Edge.Cuts
6
CONTINUOUS
10
207.9570499999999811
20
-0.277513
11
207.9466549999999927
21
-0.266418
0
LINE
8
Edge.Cuts
6
CONTINUOUS
10
207.9466549999999927
20
-0.266418
11
207.9362940000000037
21
-0.25524
0
LINE
8
Edge.Cuts
6
CONTINUOUS
10
207.9362940000000037
20
-0.25524
11
207.9259659999999883
21
-0.243981
0
LINE
8
Edge.Cuts
6
CONTINUOUS
10
207.9259659999999883
20
-0.243981
11
207.9156720000000007
21
-0.232641
0
LINE
8
Edge.Cuts
6
CONTINUOUS
10
207.9156720000000007
20
-0.232641
11
207.9054109999999866
21
-0.221219
0
LINE
8
Edge.Cuts
6
CONTINUOUS
10
207.9054109999999866
20
-0.221219
11
207.8951849999999979
21
-0.209716
0
LINE
8
Edge.Cuts
6
CONTINUOUS
10
207.8951849999999979
20
-0.209716
11
207.8849939999999776
21
-0.198132
0
LINE
8
Edge.Cuts
6
CONTINUOUS
10
207.8849939999999776
20
-0.198132
11
207.8748389999999802
21
-0.186467
0
LINE
8
Edge.Cuts
6
CONTINUOUS
10
207.8748389999999802
20
-0.186467
11
207.8647189999999796
21
-0.174722
0
LINE
8
Edge.Cuts
6
CONTINUOUS
10
207.8647189999999796
20
-0.174722
11
207.8546350000000018
21
-0.162896
0
LINE
8
Edge.Cuts
6
CONTINUOUS
10
207.8546350000000018
20
-0.162896
11
207.8445879999999875
21
-0.15099
0
LINE
8
Edge.Cuts
6
CONTINUOUS
10
207.8445879999999875
20
-0.15099
11
207.8345789999999909
21
-0.139004
0
LINE
8
Edge.Cuts
6
CONTINUOUS
10
207.8345789999999909
20
-0.139004
11
207.8271319999999776
21
-0.130006
0
ARC
8
Edge.Cuts
10
149.0450999999999908
20
4.2000000000000002
40
1.6000045309342095
50
-180.00000000
51
-103.77479371
0
ARC
8
Edge.Cuts
10
89.9048999999999978
20
4.2000000000000002
40
1.5999957214083418
50
-180.00000000
51
-103.77350685
0
LINE
8
Edge.Cuts
6
CONTINUOUS
10
14.0950819999999997
20
-96.25
11
14.0950819999999997
21
-99.0499999999999972
0
LINE
8
Edge.Cuts
6
CONTINUOUS
10
285.75
20
-92.0499999999999972
11
285.75
21
0.
0
LINE
8
Edge.Cuts
6
CONTINUOUS
10
15.6950819999999993
20
-100.6499999999999915
11
62.4950819999999965
21
-100.6499999999999915
0
LINE
8
Edge.Cuts
6
CONTINUOUS
10
64.0950819999999908
20
-99.0499999999999972
11
64.0950819999999908
21
-96.25
0
ARC
8
Edge.Cuts
10
15.1951000000000001
20
-94.1499999999999915
40
0.500000000324
50
0.00000000
51
90.00206265
0
ARC
8
Edge.Cuts
10
15.1951000000000001
20
-94.2103999999999928
40
0.4999820000640023
50
-76.22770957
51
0.00091677
0
ARC
8
Edge.Cuts
10
62.4950999999999937
20
-96.25
40
1.5999957214083418
50
0.00000000
51
76.22649315
0
LINE
8
Edge.Cuts
6
CONTINUOUS
10
62.4950819999999965
20
-94.2103919999999988
11
62.4950819999999965
21
-94.1499999999999915
0
ARC
8
Edge.Cuts
10
62.9950999999999937
20
-94.1499999999999915
40
0.500018
50
90.00206265
51
180.00000000
0
LINE
8
Edge.Cuts
6
CONTINUOUS
10
62.9950819999999965
20
-93.6499999999999915
11
72.5340249999999997
21
-93.6499999999999915
0
LINE
8
Edge.Cuts
6
CONTINUOUS
10
74.9753609999999924
20
-91.4460129999999936
11
74.9810349999999914
21
-91.4418859999999967
0
LINE
8
Edge.Cuts
6
CONTINUOUS
10
74.9810349999999914
20
-91.4418859999999967
11
74.9867199999999912
21
-91.4377759999999995
0
LINE
8
Edge.Cuts
6
CONTINUOUS
10
74.9867199999999912
20
-91.4377759999999995
11
74.9924060000000026
21
-91.4336899999999986
0
LINE
8
Edge.Cuts
6
CONTINUOUS
10
74.9924060000000026
20
-91.4336899999999986
11
74.9981020000000029
21
-91.4296219999999948
0
LINE
8
Edge.Cuts
6
CONTINUOUS
10
74.9981020000000029
20
-91.4296219999999948
11
75.0037990000000008
21
-91.4255769999999899
0
LINE
8
Edge.Cuts
6
CONTINUOUS
10
75.0037990000000008
20
-91.4255769999999899
11
75.0095060000000018
21
-91.4215499999999963
0
LINE
8
Edge.Cuts
6
CONTINUOUS
10
75.0095060000000018
20
-91.4215499999999963
11
75.0152140000000003
21
-91.417546999999999
0
LINE
8
Edge.Cuts
6
CONTINUOUS
10
75.0152140000000003
20
-91.417546999999999
11
75.0209320000000019
21
-91.4135610000000014
0
LINE
8
Edge.Cuts
6
CONTINUOUS
10
75.0209320000000019
20
-91.4135610000000014
11
75.0266510000000011
21
-91.409599
0
LINE
8
Edge.Cuts
6
CONTINUOUS
10
75.0266510000000011
20
-91.409599
11
75.0323789999999917
21
-91.4056539999999984
0
LINE
8
Edge.Cuts
6
CONTINUOUS
10
75.0323789999999917
20
-91.4056539999999984
11
75.0381089999999915
21
-91.4017339999999905
0
LINE
8
Edge.Cuts
6
CONTINUOUS
10
75.0381089999999915
20
-91.4017339999999905
11
75.043847999999997
21
-91.3978309999999965
0
LINE
8
Edge.Cuts
6
CONTINUOUS
10
75.043847999999997
20
-91.3978309999999965
11
75.0495870000000025
21
-91.3939519999999987
0
LINE
8
Edge.Cuts
6
CONTINUOUS
10
75.0495870000000025
20
-91.3939519999999987
11
75.0553369999999944
21
-91.3900900000000007
0
LINE
8
Edge.Cuts
6
CONTINUOUS
10
75.0553369999999944
20
-91.3900900000000007
11
75.0610860000000031
21
-91.3862529999999964
0
LINE
8
Edge.Cuts
6
CONTINUOUS
10
75.0610860000000031
20
-91.3862529999999964
11
75.0668459999999982
21
-91.3824319999999943
0
LINE
8
Edge.Cuts
6
CONTINUOUS
10
75.0668459999999982
20
-91.3824319999999943
11
75.0726049999999958
21
-91.3786360000000002
0
LINE
8
Edge.Cuts
6
CONTINUOUS
10
75.0726049999999958
20
-91.3786360000000002
11
75.0783749999999941
21
-91.3748569999999916
0
LINE
8
Edge.Cuts
6
CONTINUOUS
10
75.0783749999999941
20
-91.3748569999999916
11
75.0841439999999949
21
-91.3711019999999934
0
LINE
8
Edge.Cuts
6
CONTINUOUS
10
75.0841439999999949
20
-91.3711019999999934
11
75.0899239999999963
21
-91.3673649999999924
0
LINE
8
Edge.Cuts
6
CONTINUOUS
10
75.0899239999999963
20
-91.3673649999999924
11
75.0957030000000003
21
-91.3636520000000019
0
LINE
8
Edge.Cuts
6
CONTINUOUS
10
75.0957030000000003
20
-91.3636520000000019
11
75.1014919999999933
21
-91.3599559999999968
0
LINE
8
Edge.Cuts
6
CONTINUOUS
10
75.1014919999999933
20
-91.3599559999999968
11
75.1072800000000029
21
-91.3562840000000023
0
LINE
8
Edge.Cuts
6
CONTINUOUS
10
75.1072800000000029
20
-91.3562840000000023
11
75.113078999999999
21
-91.3526289999999932
0
LINE
8
Edge.Cuts
6
CONTINUOUS
10
75.113078999999999
20
-91.3526289999999932
11
75.1188769999999977
21
-91.3489989999999921
0
LINE
8
Edge.Cuts
6
CONTINUOUS
10
75.1188769999999977
20
-91.3489989999999921
11
75.1246849999999995
21
-91.3453859999999906
0
LINE
8
Edge.Cuts
6
CONTINUOUS
10
75.1246849999999995
20
-91.3453859999999906
11
75.1304919999999896
21
-91.3417969999999997
0
LINE
8
Edge.Cuts
6
CONTINUOUS
10
75.1304919999999896
20
-91.3417969999999997
11
75.1363089999999971
21
-91.3382249999999942
0
LINE
8
Edge.Cuts
6
CONTINUOUS
10
75.1363089999999971
20
-91.3382249999999942
11
75.142124999999993
21
-91.3346779999999967
0
LINE
8
Edge.Cuts
6
CONTINUOUS
10
75.142124999999993
20
-91.3346779999999967
11
75.147950999999992
21
-91.3311479999999989
0
LINE
8
Edge.Cuts
6
CONTINUOUS
10
75.147950999999992
20
-91.3311479999999989
11
75.1537759999999935
21
-91.3276419999999973
0
LINE
8
Edge.Cuts
6
CONTINUOUS
10
75.1537759999999935
20
-91.3276419999999973
11
75.1596109999999982
21
-91.3241529999999955
0
LINE
8
Edge.Cuts
6
CONTINUOUS
10
75.1596109999999982
20
-91.3241529999999955
11
75.1654449999999912
21
-91.3206879999999899
0
LINE
8
Edge.Cuts
6
CONTINUOUS
10
75.1654449999999912
20
-91.3206879999999899
11
75.1712879999999899
21
-91.3172409999999957
0
LINE
8
Edge.Cuts
6
CONTINUOUS
10
75.1712879999999899
20
-91.3172409999999957
11
75.1771299999999911
21
-91.3138179999999977
0
LINE
8
Edge.Cuts
6
CONTINUOUS
10
75.1771299999999911
20
-91.3138179999999977
11
75.1829819999999955
21
-91.3104119999999995
0
LINE
8
Edge.Cuts
6
CONTINUOUS
10
75.1829819999999955
20
-91.3104119999999995
11
75.1888330000000025
21
-91.3070309999999949
0
LINE
8
Edge.Cuts
6
CONTINUOUS
10
75.1888330000000025
20
-91.3070309999999949
11
75.1946939999999984
21
-91.3036659999999927
0
LINE
8
Edge.Cuts
6
CONTINUOUS
10
75.1946939999999984
20
-91.3036659999999927
11
75.2005529999999993
21
-91.3003259999999983
0
LINE
8
Edge.Cuts
6
CONTINUOUS
10
75.2005529999999993
20
-91.3003259999999983
11
75.2064209999999917
21
-91.2970029999999895
0
LINE
8
Edge.Cuts
6
CONTINUOUS
10
75.2064209999999917
20
-91.2970029999999895
11
75.2122889999999984
21
-91.2937039999999911
0
LINE
8
Edge.Cuts
6
CONTINUOUS
10
75.2122889999999984
20
-91.2937039999999911
11
75.2181659999999965
21
-91.2904229999999899
0
LINE
8
Edge.Cuts
6
CONTINUOUS
10
75.2181659999999965
20
-91.2904229999999899
11
75.2240409999999997
21
-91.2871650000000017
0
LINE
8
Edge.Cuts
6
CONTINUOUS
10
75.2240409999999997
20
-91.2871650000000017
11
75.2299259999999919
21
-91.2839249999999964
0
LINE
8
Edge.Cuts
6
CONTINUOUS
10
75.2299259999999919
20
-91.2839249999999964
11
75.2358090000000033
21
-91.2807090000000017
0
LINE
8
Edge.Cuts
6
CONTINUOUS
10
75.2358090000000033
20
-91.2807090000000017
11
75.2417020000000036
21
-91.2775099999999924
0
LINE
8
Edge.Cuts
6
CONTINUOUS
10
75.2417020000000036
20
-91.2775099999999924
11
75.2475929999999948
21
-91.2743349999999936
0
LINE
8
Edge.Cuts
6
CONTINUOUS
10
75.2475929999999948
20
-91.2743349999999936
11
75.2534929999999918
21
-91.2711779999999919
0
LINE
8
Edge.Cuts
6
CONTINUOUS
10
75.2534929999999918
20
-91.2711779999999919
11
75.2593919999999912
21
-91.2680450000000008
0
LINE
8
Edge.Cuts
6
CONTINUOUS
10
75.2593919999999912
20
-91.2680450000000008
11
75.2652999999999963
21
-91.2649289999999951
0
LINE
8
Edge.Cuts
6
CONTINUOUS
10
75.2652999999999963
20
-91.2649289999999951
11
75.2712059999999923
21
-91.2618360000000024
0
LINE
8
Edge.Cuts
6
CONTINUOUS
10
75.2712059999999923
20
-91.2618360000000024
11
75.277120999999994
21
-91.2587619999999902
0
LINE
8
Edge.Cuts
6
CONTINUOUS
10
75.277120999999994
20
-91.2587619999999902
11
75.2830349999999981
21
-91.2557109999999909
0
LINE
8
Edge.Cuts
6
CONTINUOUS
10
75.2830349999999981
20
-91.2557109999999909
11
75.2889579999999938
21
-91.2526779999999889
0
LINE
8
Edge.Cuts
6
CONTINUOUS
10
75.2889579999999938
20
-91.2526779999999889
11
75.2948789999999946
21
-91.2496679999999998
0
LINE
8
Edge.Cuts
6
CONTINUOUS
10
75.2948789999999946
20
-91.2496679999999998
11
75.300809000000001
21
-91.2466759999999937
0
LINE
8
Edge.Cuts
6
CONTINUOUS
10
75.300809000000001
20
-91.2466759999999937
11
75.3067369999999983
21
-91.243707999999998
0
LINE
8
Edge.Cuts
6
CONTINUOUS
10
75.3067369999999983
20
-91.243707999999998
11
75.3126740000000012
21
-91.2407570000000021
0
LINE
8
Edge.Cuts
6
CONTINUOUS
10
75.3126740000000012
20
-91.2407570000000021
11
75.318608999999995
21
-91.2378300000000024
0
LINE
8
Edge.Cuts
6
CONTINUOUS
10
75.318608999999995
20
-91.2378300000000024
11
75.3245529999999945
21
-91.2349209999999999
0
LINE
8
Edge.Cuts
6
CONTINUOUS
10
75.3245529999999945
20
-91.2349209999999999
11
75.3304949999999991
21
-91.2320339999999987
0
LINE
8
Edge.Cuts
6
CONTINUOUS
10
75.3304949999999991
20
-91.2320339999999987
11
75.3364459999999951
21
-91.2291659999999922
0
LINE
8
Edge.Cuts
6
CONTINUOUS
10
75.3364459999999951
20
-91.2291659999999922
11
75.3423949999999962
21
-91.2263209999999987
0
LINE
8
Edge.Cuts
6
CONTINUOUS
10
75.3423949999999962
20
-91.2263209999999987
11
75.348353000000003
21
-91.2234949999999998
0
LINE
8
Edge.Cuts
6
CONTINUOUS
10
75.348353000000003
20
-91.2234949999999998
11
75.3543090000000007
21
-91.2206910000000022
0
LINE
8
Edge.Cuts
6
CONTINUOUS
10
75.3543090000000007
20
-91.2206910000000022
11
75.3602729999999923
21
-91.2179050000000018
0
LINE
8
Edge.Cuts
6
CONTINUOUS
10
75.3602729999999923
20
-91.2179050000000018
11
75.3662350000000032
21
-91.2151420000000002
0
LINE
8
Edge.Cuts
6
CONTINUOUS
10
75.3662350000000032
20
-91.2151420000000002
11
75.3722059999999914
21
-91.2123979999999932
0
LINE
8
Edge.Cuts
6
CONTINUOUS
10
75.3722059999999914
20
-91.2123979999999932
11
75.3781749999999988
21
-91.2096760000000017
0
LINE
8
Edge.Cuts
6
CONTINUOUS
10
75.3781749999999988
20
-91.2096760000000017
11
75.3841520000000003
21
-91.2069729999999907
0
LINE
8
Edge.Cuts
6
CONTINUOUS
10
75.3841520000000003
20
-91.2069729999999907
11
75.39012799999999
21
-91.2042919999999953
0
LINE
8
Edge.Cuts
6
CONTINUOUS
10
75.39012799999999
20
-91.2042919999999953
11
75.3961109999999906
21
-91.2016299999999944
0
LINE
8
Edge.Cuts
6
CONTINUOUS
10
75.3961109999999906
20
-91.2016299999999944
11
75.4020929999999936
21
-91.1989899999999949
0
LINE
8
Edge.Cuts
6
CONTINUOUS
10
75.4020929999999936
20
-91.1989899999999949
11
75.4080829999999906
21
-91.19636899999999
0
LINE
8
Edge.Cuts
6
CONTINUOUS
10
75.4080829999999906
20
-91.19636899999999
11
75.4140709999999928
21
-91.1937700000000007
0
LINE
8
Edge.Cuts
6
CONTINUOUS
10
75.4140709999999928
20
-91.1937700000000007
11
75.4200670000000031
21
-91.1911899999999918
0
LINE
8
Edge.Cuts
6
CONTINUOUS
10
75.4200670000000031
20
-91.1911899999999918
11
75.42606099999999
21
-91.1886319999999984
0
LINE
8
Edge.Cuts
6
CONTINUOUS
10
75.42606099999999
20
-91.1886319999999984
11
75.4320629999999994
21
-91.1860929999999996
0
LINE
8
Edge.Cuts
6
CONTINUOUS
10
75.4320629999999994
20
-91.1860929999999996
11
75.4380629999999996
21
-91.1835760000000022
0
LINE
8
Edge.Cuts
6
CONTINUOUS
10
75.4380629999999996
20
-91.1835760000000022
11
75.4440709999999939
21
-91.1810779999999994
0
LINE
8
Edge.Cuts
6
CONTINUOUS
10
75.4440709999999939
20
-91.1810779999999994
11
75.4500769999999932
21
-91.1786019999999979
0
LINE
8
Edge.Cuts
6
CONTINUOUS
10
75.4500769999999932
20
-91.1786019999999979
11
75.4560910000000007
21
-91.1761439999999936
0
LINE
8
Edge.Cuts
6
CONTINUOUS
10
75.4560910000000007
20
-91.1761439999999936
11
75.462102999999999
21
-91.1737090000000023
0
LINE
8
Edge.Cuts
6
CONTINUOUS
10
75.462102999999999
20
-91.1737090000000023
11
75.4681229999999914
21
-91.1712929999999915
0
LINE
8
Edge.Cuts
6
CONTINUOUS
10
75.4681229999999914
20
-91.1712929999999915
11
75.474141000000003
21
-91.1688989999999961
0
LINE
8
Edge.Cuts
6
CONTINUOUS
10
75.474141000000003
20
-91.1688989999999961
11
75.480165999999997
21
-91.166522999999998
0
LINE
8
Edge.Cuts
6
CONTINUOUS
10
75.480165999999997
20
-91.166522999999998
11
75.4861899999999935
21
-91.1641690000000011
0
LINE
8
Edge.Cuts
6
CONTINUOUS
10
75.4861899999999935
20
-91.1641690000000011
11
75.4922210000000007
21
-91.1618349999999964
0
LINE
8
Edge.Cuts
6
CONTINUOUS
10
75.4922210000000007
20
-91.1618349999999964
11
75.4982499999999987
21
-91.1595219999999955
0
LINE
8
Edge.Cuts
6
CONTINUOUS
10
75.4982499999999987
20
-91.1595219999999955
11
75.5042869999999908
21
-91.1572279999999893
0
LINE
8
Edge.Cuts
6
CONTINUOUS
10
75.5042869999999908
20
-91.1572279999999893
11
75.5103220000000022
21
-91.1549559999999985
0
LINE
8
Edge.Cuts
6
CONTINUOUS
10
75.5103220000000022
20
-91.1549559999999985
11
75.5163639999999958
21
-91.1527030000000025
0
LINE
8
Edge.Cuts
6
CONTINUOUS
10
75.5163639999999958
20
-91.1527030000000025
11
75.5224039999999945
21
-91.150470999999996
0
LINE
8
Edge.Cuts
6
CONTINUOUS
10
75.5224039999999945
20
-91.150470999999996
11
75.5284520000000015
21
-91.1482589999999959
0
LINE
8
Edge.Cuts
6
CONTINUOUS
10
75.5284520000000015
20
-91.1482589999999959
11
75.5344970000000018
21
-91.1460679999999996
0
LINE
8
Edge.Cuts
6
CONTINUOUS
10
75.5344970000000018
20
-91.1460679999999996
11
75.5405499999999961
21
-91.143895999999998
0
LINE
8
Edge.Cuts
6
CONTINUOUS
10
75.5405499999999961
20
-91.143895999999998
11
75.5466009999999955
21
-91.1417459999999977
0
LINE
8
Edge.Cuts
6
CONTINUOUS
10
75.5466009999999955
20
-91.1417459999999977
11
75.552660000000003
21
-91.1396149999999921
0
LINE
8
Edge.Cuts
6
CONTINUOUS
10
75.552660000000003
20
-91.1396149999999921
11
75.5587159999999898
21
-91.1375060000000019
0
LINE
8
Edge.Cuts
6
CONTINUOUS
10
75.5587159999999898
20
-91.1375060000000019
11
75.5647799999999989
21
-91.1354149999999947
0
LINE
8
Edge.Cuts
6
CONTINUOUS
10
75.5647799999999989
20
-91.1354149999999947
11
75.5708410000000015
21
-91.1333459999999889
0
LINE
8
Edge.Cuts
6
CONTINUOUS
10
75.5708410000000015
20
-91.1333459999999889
11
75.576909999999998
21
-91.1312959999999919
0
LINE
8
Edge.Cuts
6
CONTINUOUS
10
75.576909999999998
20
-91.1312959999999919
11
75.5829769999999996
21
-91.1292679999999962
0
LINE
8
Edge.Cuts
6
CONTINUOUS
10
75.5829769999999996
20
-91.1292679999999962
11
75.5890509999999978
21
-91.1272589999999951
0
LINE
8
Edge.Cuts
6
CONTINUOUS
10
75.5890509999999978
20
-91.1272589999999951
11
75.5951220000000035
21
-91.1252709999999979
0
LINE
8
Edge.Cuts
6
CONTINUOUS
10
75.5951220000000035
20
-91.1252709999999979
11
75.6012010000000032
21
-91.1233019999999954
0
LINE
8
Edge.Cuts
6
CONTINUOUS
10
75.6012010000000032
20
-91.1233019999999954
11
75.6072779999999938
21
-91.1213539999999966
0
LINE
8
Edge.Cuts
6
CONTINUOUS
10
75.6072779999999938
20
-91.1213539999999966
11
75.6133619999999951
21
-91.11942599999999
0
LINE
8
Edge.Cuts
6
CONTINUOUS
10
75.6133619999999951
20
-91.11942599999999
11
75.6194440000000014
21
-91.1175190000000015
0
LINE
8
Edge.Cuts
6
CONTINUOUS
10
75.6194440000000014
20
-91.1175190000000015
11
75.6255329999999901
21
-91.1156309999999934
0
LINE
8
Edge.Cuts
6
CONTINUOUS
10
75.6255329999999901
20
-91.1156309999999934
11
75.6316190000000006
21
-91.1137650000000008
0
LINE
8
Edge.Cuts
6
CONTINUOUS
10
75.6316190000000006
20
-91.1137650000000008
11
75.6377129999999909
21
-91.1119169999999912
0
LINE
8
Edge.Cuts
6
CONTINUOUS
10
75.6377129999999909
20
-91.1119169999999912
11
75.6438050000000004
21
-91.1100909999999971
0
LINE
8
Edge.Cuts
6
CONTINUOUS
10
75.6438050000000004
20
-91.1100909999999971
11
75.6499029999999948
21
-91.1082830000000001
0
LINE
8
Edge.Cuts
6
CONTINUOUS
10
75.6499029999999948
20
-91.1082830000000001
11
75.6559999999999917
21
-91.106498000000002
0
LINE
8
Edge.Cuts
6
CONTINUOUS
10
75.6559999999999917
20
-91.106498000000002
11
75.6621030000000019
21
-91.104731000000001
0
LINE
8
Edge.Cuts
6
CONTINUOUS
10
75.6621030000000019
20
-91.104731000000001
11
75.6682040000000029
21
-91.1029849999999897
0
LINE
8
Edge.Cuts
6
CONTINUOUS
10
75.6682040000000029
20
-91.1029849999999897
11
75.6743120000000005
21
-91.1012589999999989
0
LINE
8
Edge.Cuts
6
CONTINUOUS
10
75.6743120000000005
20
-91.1012589999999989
11
75.6804180000000031
21
-91.0995539999999977
0
LINE
8
Edge.Cuts
6
CONTINUOUS
10
75.6804180000000031
20
-91.0995539999999977
11
75.6865310000000022
21
-91.0978669999999937
0
LINE
8
Edge.Cuts
6
CONTINUOUS
10
75.6865310000000022
20
-91.0978669999999937
11
75.6926419999999922
21
-91.096201999999991
0
LINE
8
Edge.Cuts
6
CONTINUOUS
10
75.6926419999999922
20
-91.096201999999991
11
75.6987589999999955
21
-91.0945559999999972
0
LINE
8
Edge.Cuts
6
CONTINUOUS
10
75.6987589999999955
20
-91.0945559999999972
11
75.7048750000000013
21
-91.092930999999993
0
LINE
8
Edge.Cuts
6
CONTINUOUS
10
75.7048750000000013
20
-91.092930999999993
11
75.7109969999999919
21
-91.0913259999999951
0
LINE
8
Edge.Cuts
6
CONTINUOUS
10
75.7109969999999919
20
-91.0913259999999951
11
75.7171170000000018
21
-91.0897409999999894
0
LINE
8
Edge.Cuts
6
CONTINUOUS
10
75.7171170000000018
20
-91.0897409999999894
11
75.7232429999999965
21
-91.08817599999999
0
LINE
8
Edge.Cuts
6
CONTINUOUS
10
75.7232429999999965
20
-91.08817599999999
11
75.7293679999999938
21
-91.086630999999997
0
LINE
8
Edge.Cuts
6
CONTINUOUS
10
75.7293679999999938
20
-91.086630999999997
11
75.7354989999999901
21
-91.0851059999999961
0
LINE
8
Edge.Cuts
6
CONTINUOUS
10
75.7354989999999901
20
-91.0851059999999961
11
75.7463769999999954
21
-91.0824499999999944
0
LINE
8
Edge.Cuts
6
CONTINUOUS
10
73.6327309999999926
20
-93.2131189999999918
11
73.6244799999999913
21
-93.2208579999999927
0
LINE
8
Edge.Cuts
6
CONTINUOUS
10
73.6244799999999913
20
-93.2208579999999927
11
73.6161749999999984
21
-93.2285380000000004
0
LINE
8
Edge.Cuts
6
CONTINUOUS
10
73.6161749999999984
20
-93.2285380000000004
11
73.6078159999999997
21
-93.2361590000000007
0
LINE
8
Edge.Cuts
6
CONTINUOUS
10
73.6078159999999997
20
-93.2361590000000007
11
73.5994029999999952
21
-93.2437209999999936
0
LINE
8
Edge.Cuts
6
CONTINUOUS
10
73.5994029999999952
20
-93.2437209999999936
11
73.5909369999999967
21
-93.251222999999996
0
LINE
8
Edge.Cuts
6
CONTINUOUS
10
73.5909369999999967
20
-93.251222999999996
11
73.5824179999999899
21
-93.2586649999999935
0
LINE
8
Edge.Cuts
6
CONTINUOUS
10
73.5824179999999899
20
-93.2586649999999935
11
73.5738470000000007
21
-93.2660470000000004
0
LINE
8
Edge.Cuts
6
CONTINUOUS
10
73.5738470000000007
20
-93.2660470000000004
11
73.5652240000000006
21
-93.2733679999999907
0
LINE
8
Edge.Cuts
6
CONTINUOUS
10
73.5652240000000006
20
-93.2733679999999907
11
73.5565489999999897
21
-93.280627999999993
0
LINE
8
Edge.Cuts
6
CONTINUOUS
10
73.5565489999999897
20
-93.280627999999993
11
73.5478219999999965
21
-93.2878269999999929
0
LINE
8
Edge.Cuts
6
CONTINUOUS
10
73.5478219999999965
20
-93.2878269999999929
11
73.5390450000000016
21
-93.2949629999999956
0
LINE
8
Edge.Cuts
6
CONTINUOUS
10
73.5390450000000016
20
-93.2949629999999956
11
73.5302179999999908
21
-93.302037999999996
0
LINE
8
Edge.Cuts
6
CONTINUOUS
10
73.5302179999999908
20
-93.302037999999996
11
73.5213409999999925
21
-93.3090499999999992
0
LINE
8
Edge.Cuts
6
CONTINUOUS
10
73.5213409999999925
20
-93.3090499999999992
11
73.5124139999999926
21
-93.3159989999999908
0
LINE
8
Edge.Cuts
6
CONTINUOUS
10
73.5124139999999926
20
-93.3159989999999908
11
73.5034390000000002
21
-93.3228849999999994
0
LINE
8
Edge.Cuts
6
CONTINUOUS
10
73.5034390000000002
20
-93.3228849999999994
11
73.4944150000000036
21
-93.3297069999999991
0
LINE
8
Edge.Cuts
6
CONTINUOUS
10
73.4944150000000036
20
-93.3297069999999991
11
73.4853420000000028
21
-93.3364660000000015
0
LINE
8
Edge.Cuts
6
CONTINUOUS
10
73.4853420000000028
20
-93.3364660000000015
11
73.4762219999999928
21
-93.3431599999999975
0
LINE
8
Edge.Cuts
6
CONTINUOUS
10
73.4762219999999928
20
-93.3431599999999975
11
73.467055000000002
21
-93.3497899999999987
0
LINE
8
Edge.Cuts
6
CONTINUOUS
10
73.467055000000002
20
-93.3497899999999987
11
73.4578410000000019
21
-93.3563539999999961
0
LINE
8
Edge.Cuts
6
CONTINUOUS
10
73.4578410000000019
20
-93.3563539999999961
11
73.4485809999999901
21
-93.3628539999999987
0
LINE
8
Edge.Cuts
6
CONTINUOUS
10
73.4485809999999901
20
-93.3628539999999987
11
73.439274999999995
21
-93.3692879999999974
0
LINE
8
Edge.Cuts
6
CONTINUOUS
10
73.439274999999995
20
-93.3692879999999974
11
73.4299239999999998
21
-93.3756559999999922
0
LINE
8
Edge.Cuts
6
CONTINUOUS
10
73.4299239999999998
20
-93.3756559999999922
11
73.4205279999999902
21
-93.3819569999999999
0
LINE
8
Edge.Cuts
6
CONTINUOUS
10
73.4205279999999902
20
-93.3819569999999999
11
73.4110869999999949
21
-93.3881930000000011
0
LINE
8
Edge.Cuts
6
CONTINUOUS
10
73.4110869999999949
20
-93.3881930000000011
11
73.4016029999999944
21
-93.3943609999999893
0
LINE
8
Edge.Cuts
6
CONTINUOUS
10
73.4016029999999944
20
-93.3943609999999893
11
73.3920749999999913
21
-93.4004619999999903
0
LINE
8
Edge.Cuts
6
CONTINUOUS
10
73.3920749999999913
20
-93.4004619999999903
11
73.3825039999999973
21
-93.40649599999999
0
LINE
8
Edge.Cuts
6
CONTINUOUS
10
73.3825039999999973
20
-93.40649599999999
11
73.3777029999999968
21
-93.4094869999999986
0
LINE
8
Edge.Cuts
6
CONTINUOUS
10
73.3777029999999968
20
-93.4094869999999986
11
73.3728909999999956
21
-93.4124619999999908
0
LINE
8
Edge.Cuts
6
CONTINUOUS
10
73.3728909999999956
20
-93.4124619999999908
11
73.3680679999999938
21
-93.415419
0
LINE
8
Edge.Cuts
6
CONTINUOUS
10
73.3680679999999938
20
-93.415419
11
73.3632350000000031
21
-93.4183599999999927
0
LINE
8
Edge.Cuts
6
CONTINUOUS
10
73.3632350000000031
20
-93.4183599999999927
11
73.3583919999999949
21
-93.4212830000000025
0
LINE
8
Edge.Cuts
6
CONTINUOUS
10
73.3583919999999949
20
-93.4212830000000025
11
73.3535380000000004
21
-93.4241889999999984
0
LINE
8
Edge.Cuts
6
CONTINUOUS
10
73.3535380000000004
20
-93.4241889999999984
11
73.3486750000000001
21
-93.4270779999999945
0
LINE
8
Edge.Cuts
6
CONTINUOUS
10
73.3486750000000001
20
-93.4270779999999945
11
73.3438009999999991
21
-93.429949999999991
0
LINE
8
Edge.Cuts
6
CONTINUOUS
10
73.3438009999999991
20
-93.429949999999991
11
73.3389159999999976
21
-93.4328039999999902
0
LINE
8
Edge.Cuts
6
CONTINUOUS
10
73.3389159999999976
20
-93.4328039999999902
11
73.3340219999999903
21
-93.4356420000000014
0
LINE
8
Edge.Cuts
6
CONTINUOUS
10
73.3340219999999903
20
-93.4356420000000014
11
73.329117999999994
21
-93.4384609999999896
0
LINE
8
Edge.Cuts
6
CONTINUOUS
10
73.329117999999994
20
-93.4384609999999896
11
73.3242039999999946
21
-93.4412639999999897
0
LINE
8
Edge.Cuts
6
CONTINUOUS
10
73.3242039999999946
20
-93.4412639999999897
11
73.319279999999992
21
-93.4440489999999926
0
LINE
8
Edge.Cuts
6
CONTINUOUS
10
73.319279999999992
20
-93.4440489999999926
11
73.3143460000000005
21
-93.4468169999999958
0
LINE
8
Edge.Cuts
6
CONTINUOUS
10
73.3143460000000005
20
-93.4468169999999958
11
73.3094019999999915
21
-93.4495670000000018
0
LINE
8
Edge.Cuts
6
CONTINUOUS
10
73.3094019999999915
20
-93.4495670000000018
11
73.3044489999999911
21
-93.4522999999999939
0
LINE
8
Edge.Cuts
6
CONTINUOUS
10
73.3044489999999911
20
-93.4522999999999939
11
73.2994860000000017
21
-93.4550149999999888
0
LINE
8
Edge.Cuts
6
CONTINUOUS
10
73.2994860000000017
20
-93.4550149999999888
11
73.2945129999999949
21
-93.4577129999999983
0
LINE
8
Edge.Cuts
6
CONTINUOUS
10
73.2945129999999949
20
-93.4577129999999983
11
73.2895309999999967
21
-93.4603929999999963
0
LINE
8
Edge.Cuts
6
CONTINUOUS
10
73.2895309999999967
20
-93.4603929999999963
11
73.2845389999999952
21
-93.4630559999999946
0
LINE
8
Edge.Cuts
6
CONTINUOUS
10
73.2845389999999952
20
-93.4630559999999946
11
73.2795389999999998
21
-93.4656999999999982
0
LINE
8
Edge.Cuts
6
CONTINUOUS
10
73.2795389999999998
20
-93.4656999999999982
11
73.2745280000000037
21
-93.4683279999999996
0
LINE
8
Edge.Cuts
6
CONTINUOUS
10
73.2745280000000037
20
-93.4683279999999996
11
73.2695089999999993
21
-93.4709369999999922
0
LINE
8
Edge.Cuts
6
CONTINUOUS
10
73.2695089999999993
20
-93.4709369999999922
11
73.2644799999999918
21
-93.4735289999999992
0
LINE
8
Edge.Cuts
6
CONTINUOUS
10
73.2644799999999918
20
-93.4735289999999992
11
73.2594419999999928
21
-93.4761019999999974
0
LINE
8
Edge.Cuts
6
CONTINUOUS
10
73.2594419999999928
20
-93.4761019999999974
11
73.2543950000000024
21
-93.4786589999999933
0
LINE
8
Edge.Cuts
6
CONTINUOUS
10
73.2543950000000024
20
-93.4786589999999933
11
73.2493400000000037
21
-93.4811969999999945
0
LINE
8
Edge.Cuts
6
CONTINUOUS
10
73.2493400000000037
20
-93.4811969999999945
11
73.2442739999999901
21
-93.4837169999999986
0
LINE
8
Edge.Cuts
6
CONTINUOUS
10
73.2442739999999901
20
-93.4837169999999986
11
73.2392009999999942
21
-93.4862189999999913
0
LINE
8
Edge.Cuts
6
CONTINUOUS
10
73.2392009999999942
20
-93.4862189999999913
11
73.2341179999999952
21
-93.4887039999999985
0
LINE
8
Edge.Cuts
6
CONTINUOUS
10
73.2341179999999952
20
-93.4887039999999985
11
73.2290270000000021
21
-93.4911699999999968
0
LINE
8
Edge.Cuts
6
CONTINUOUS
10
73.2290270000000021
20
-93.4911699999999968
11
73.2239270000000033
21
-93.4936189999999954
0
LINE
8
Edge.Cuts
6
CONTINUOUS
10
73.2239270000000033
20
-93.4936189999999954
11
73.2188179999999988
21
-93.4960489999999993
0
LINE
8
Edge.Cuts
6
CONTINUOUS
10
73.2188179999999988
20
-93.4960489999999993
11
73.2137010000000004
21
-93.4984609999999918
0
LINE
8
Edge.Cuts
6
CONTINUOUS
10
73.2137010000000004
20
-93.4984609999999918
11
73.2085749999999962
21
-93.5008550000000014
0
LINE
8
Edge.Cuts
6
CONTINUOUS
10
73.2085749999999962
20
-93.5008550000000014
11
73.203440999999998
21
-93.5032309999999995
0
LINE
8
Edge.Cuts
6
CONTINUOUS
10
73.203440999999998
20
-93.5032309999999995
11
73.1982979999999941
21
-93.5055890000000005
0
LINE
8
Edge.Cuts
6
CONTINUOUS
10
73.1982979999999941
20
-93.5055890000000005
11
73.1931469999999962
21
-93.5079289999999901
0
LINE
8
Edge.Cuts
6
CONTINUOUS
10
73.1931469999999962
20
-93.5079289999999901
11
73.1879879999999901
21
-93.5102499999999992
0
LINE
8
Edge.Cuts
6
CONTINUOUS
10
73.1879879999999901
20
-93.5102499999999992
11
73.1828209999999899
21
-93.5125539999999944
0
LINE
8
Edge.Cuts
6
CONTINUOUS
10
73.1828209999999899
20
-93.5125539999999944
11
73.1776459999999958
21
-93.5148379999999975
0
LINE
8
Edge.Cuts
6
CONTINUOUS
10
73.1776459999999958
20
-93.5148379999999975
11
73.1724619999999959
21
-93.5171050000000008
0
LINE
8
Edge.Cuts
6
CONTINUOUS
10
73.1724619999999959
20
-93.5171050000000008
11
73.1672709999999995
21
-93.5193529999999953
0
LINE
8
Edge.Cuts
6
CONTINUOUS
10
73.1672709999999995
20
-93.5193529999999953
11
73.1620709999999974
21
-93.5215829999999926
0
LINE
8
Edge.Cuts
6
CONTINUOUS
10
73.1620709999999974
20
-93.5215829999999926
11
73.1568639999999988
21
-93.5237949999999927
0
LINE
8
Edge.Cuts
6
CONTINUOUS
10
73.1568639999999988
20
-93.5237949999999927
11
73.1516479999999945
21
-93.5259879999999981
0
LINE
8
Edge.Cuts
6
CONTINUOUS
10
73.1516479999999945
20
-93.5259879999999981
11
73.1464259999999911
21
-93.5281619999999947
0
LINE
8
Edge.Cuts
6
CONTINUOUS
10
73.1464259999999911
20
-93.5281619999999947
11
73.1411949999999962
21
-93.5303189999999915
0
LINE
8
Edge.Cuts
6
CONTINUOUS
10
73.1411949999999962
20
-93.5303189999999915
11
73.1359569999999906
21
-93.5324559999999963
0
LINE
8
Edge.Cuts
6
CONTINUOUS
10
73.1359569999999906
20
-93.5324559999999963
11
73.1307109999999909
21
-93.5345760000000013
0
LINE
8
Edge.Cuts
6
CONTINUOUS
10
73.1307109999999909
20
-93.5345760000000013
11
73.1254579999999947
21
-93.5366759999999999
0
LINE
8
Edge.Cuts
6
CONTINUOUS
10
73.1254579999999947
20
-93.5366759999999999
11
73.1201969999999903
21
-93.5387580000000014
0
LINE
8
Edge.Cuts
6
CONTINUOUS
10
73.1201969999999903
20
-93.5387580000000014
11
73.1149290000000036
21
-93.5408219999999915
0
LINE
8
Edge.Cuts
6
CONTINUOUS
10
73.1149290000000036
20
-93.5408219999999915
11
73.1096539999999919
21
-93.5428670000000011
0
LINE
8
Edge.Cuts
6
CONTINUOUS
10
73.1096539999999919
20
-93.5428670000000011
11
73.1088919999999973
21
-93.5431600000000003
0
LINE
8
Edge.Cuts
6
CONTINUOUS
10
73.1088919999999973
20
-93.5431600000000003
11
73.0983209999999985
21
-93.5471869999999939
0
LINE
8
Edge.Cuts
6
CONTINUOUS
10
73.0983209999999985
20
-93.5471869999999939
11
73.0877219999999994
21
-93.5511389999999921
0
LINE
8
Edge.Cuts
6
CONTINUOUS
10
73.0877219999999994
20
-93.5511389999999921
11
73.0770959999999974
21
-93.5550159999999948
0
LINE
8
Edge.Cuts
6
CONTINUOUS
10
73.0770959999999974
20
-93.5550159999999948
11
73.066441999999995
21
-93.5588180000000023
0
LINE
8
Edge.Cuts
6
CONTINUOUS
10
73.066441999999995
20
-93.5588180000000023
11
73.0557609999999897
21
-93.5625440000000026
0
LINE
8
Edge.Cuts
6
CONTINUOUS
10
73.0557609999999897
20
-93.5625440000000026
11
73.0450549999999907
21
-93.5661949999999933
0
LINE
8
Edge.Cuts
6
CONTINUOUS
10
73.0450549999999907
20
-93.5661949999999933
11
73.0343220000000031
21
-93.5697699999999912
0
LINE
8
Edge.Cuts
6
CONTINUOUS
10
73.0343220000000031
20
-93.5697699999999912
11
73.0235649999999907
21
-93.5732689999999963
0
LINE
8
Edge.Cuts
6
CONTINUOUS
10
73.0235649999999907
20
-93.5732689999999963
11
73.0127829999999989
21
-93.5766919999999942
0
LINE
8
Edge.Cuts
6
CONTINUOUS
10
73.0127829999999989
20
-93.5766919999999942
11
73.0019769999999966
21
-93.5800389999999993
0
LINE
8
Edge.Cuts
6
CONTINUOUS
10
73.0019769999999966
20
-93.5800389999999993
11
72.9911479999999955
21
-93.5833089999999999
0
LINE
8
Edge.Cuts
6
CONTINUOUS
10
72.9911479999999955
20
-93.5833089999999999
11
72.9802959999999956
21
-93.5865029999999933
0
LINE
8
Edge.Cuts
6
CONTINUOUS
10
72.9802959999999956
20
-93.5865029999999933
11
72.969420999999997
21
-93.5896199999999965
0
LINE
8
Edge.Cuts
6
CONTINUOUS
10
72.969420999999997
20
-93.5896199999999965
11
72.958523999999997
21
-93.5926599999999951
0
LINE
8
Edge.Cuts
6
CONTINUOUS
10
72.958523999999997
20
-93.5926599999999951
11
72.9476059999999933
21
-93.5956229999999891
0
LINE
8
Edge.Cuts
6
CONTINUOUS
10
72.9476059999999933
20
-93.5956229999999891
11
72.9366679999999974
21
-93.5985079999999954
0
LINE
8
Edge.Cuts
6
CONTINUOUS
10
72.9366679999999974
20
-93.5985079999999954
11
72.9257089999999977
21
-93.6013159999999971
0
LINE
8
Edge.Cuts
6
CONTINUOUS
10
72.9257089999999977
20
-93.6013159999999971
11
72.9147299999999916
21
-93.6040469999999942
0
LINE
8
Edge.Cuts
6
CONTINUOUS
10
72.9147299999999916
20
-93.6040469999999942
11
72.9037319999999909
21
-93.6066999999999894
0
LINE
8
Edge.Cuts
6
CONTINUOUS
10
72.9037319999999909
20
-93.6066999999999894
11
72.892715999999993
21
-93.6092749999999967
0
LINE
8
Edge.Cuts
6
CONTINUOUS
10
72.892715999999993
20
-93.6092749999999967
11
72.8816819999999979
21
-93.6117729999999995
0
LINE
8
Edge.Cuts
6
CONTINUOUS
10
72.8816819999999979
20
-93.6117729999999995
11
72.8706299999999914
21
-93.6141920000000027
0
LINE
8
Edge.Cuts
6
CONTINUOUS
10
72.8706299999999914
20
-93.6141920000000027
11
72.8595609999999994
21
-93.6165329999999898
0
LINE
8
Edge.Cuts
6
CONTINUOUS
10
72.8595609999999994
20
-93.6165329999999898
11
72.8484759999999909
21
-93.6187949999999915
0
LINE
8
Edge.Cuts
6
CONTINUOUS
10
72.8484759999999909
20
-93.6187949999999915
11
72.8373749999999944
21
-93.6209799999999888
0
LINE
8
Edge.Cuts
6
CONTINUOUS
10
72.8373749999999944
20
-93.6209799999999888
11
72.8262589999999932
21
-93.623084999999989
0
LINE
8
Edge.Cuts
6
CONTINUOUS
10
72.8262589999999932
20
-93.623084999999989
11
72.8206950000000006
21
-93.62410899999999
0
LINE
8
Edge.Cuts
6
CONTINUOUS
10
72.8206950000000006
20
-93.62410899999999
11
72.8151280000000014
21
-93.6251129999999989
0
LINE
8
Edge.Cuts
6
CONTINUOUS
10
72.8151280000000014
20
-93.6251129999999989
11
72.8095569999999981
21
-93.6260970000000015
0
LINE
8
Edge.Cuts
6
CONTINUOUS
10
72.8095569999999981
20
-93.6260970000000015
11
72.8039830000000023
21
-93.6270609999999976
0
LINE
8
Edge.Cuts
6
CONTINUOUS
10
72.8039830000000023
20
-93.6270609999999976
11
72.7984050000000025
21
-93.6280059999999992
0
LINE
8
Edge.Cuts
6
CONTINUOUS
10
72.7984050000000025
20
-93.6280059999999992
11
72.792823999999996
21
-93.6289309999999944
0
LINE
8
Edge.Cuts
6
CONTINUOUS
10
72.792823999999996
20
-93.6289309999999944
11
72.7872399999999971
21
-93.6298359999999974
0
LINE
8
Edge.Cuts
6
CONTINUOUS
10
72.7872399999999971
20
-93.6298359999999974
11
72.7816529999999915
21
-93.6307209999999941
0
LINE
8
Edge.Cuts
6
CONTINUOUS
10
72.7816529999999915
20
-93.6307209999999941
11
72.776061999999996
21
-93.6315869999999961
0
LINE
8
Edge.Cuts
6
CONTINUOUS
10
72.776061999999996
20
-93.6315869999999961
11
72.7704689999999914
21
-93.6324329999999918
0
LINE
8
Edge.Cuts
6
CONTINUOUS
10
72.7704689999999914
20
-93.6324329999999918
11
72.7648719999999969
21
-93.6332589999999954
0
LINE
8
Edge.Cuts
6
CONTINUOUS
10
72.7648719999999969
20
-93.6332589999999954
11
72.7592729999999932
21
-93.6340649999999926
0
LINE
8
Edge.Cuts
6
CONTINUOUS
10
72.7592729999999932
20
-93.6340649999999926
11
72.7536709999999971
21
-93.6348519999999951
0
LINE
8
Edge.Cuts
6
CONTINUOUS
10
72.7536709999999971
20
-93.6348519999999951
11
72.7480659999999943
21
-93.6356179999999938
0
LINE
8
Edge.Cuts
6
CONTINUOUS
10
72.7480659999999943
20
-93.6356179999999938
11
72.7424579999999992
21
-93.6363649999999978
0
LINE
8
Edge.Cuts
6
CONTINUOUS
10
72.7424579999999992
20
-93.6363649999999978
11
72.7368479999999948
21
-93.6370919999999956
0
LINE
8
Edge.Cuts
6
CONTINUOUS
10
72.7368479999999948
20
-93.6370919999999956
11
72.7312349999999981
21
-93.6377990000000011
0
LINE
8
Edge.Cuts
6
CONTINUOUS
10
72.7312349999999981
20
-93.6377990000000011
11
72.7256199999999922
21
-93.6384869999999978
0
LINE
8
Edge.Cuts
6
CONTINUOUS
10
72.7256199999999922
20
-93.6384869999999978
11
72.7200019999999938
21
-93.6391539999999907
0
LINE
8
Edge.Cuts
6
CONTINUOUS
10
72.7200019999999938
20
-93.6391539999999907
11
72.7143820000000005
21
-93.6398019999999889
0
LINE
8
Edge.Cuts
6
CONTINUOUS
10
72.7143820000000005
20
-93.6398019999999889
11
72.7087599999999981
21
-93.6404299999999949
0
LINE
8
Edge.Cuts
6
CONTINUOUS
10
72.7087599999999981
20
-93.6404299999999949
11
72.7031350000000032
21
-93.6410379999999947
0
LINE
8
Edge.Cuts
6
CONTINUOUS
10
72.7031350000000032
20
-93.6410379999999947
11
72.6975089999999966
21
-93.6416260000000023
0
LINE
8
Edge.Cuts
6
CONTINUOUS
10
72.6975089999999966
20
-93.6416260000000023
11
72.6918799999999976
21
-93.6421939999999893
0
LINE
8
Edge.Cuts
6
CONTINUOUS
10
72.6918799999999976
20
-93.6421939999999893
11
72.6862490000000037
21
-93.6427419999999984
0
LINE
8
Edge.Cuts
6
CONTINUOUS
10
72.6862490000000037
20
-93.6427419999999984
11
72.680616999999998
21
-93.6432700000000011
0
LINE
8
Edge.Cuts
6
CONTINUOUS
10
72.680616999999998
20
-93.6432700000000011
11
72.674982
21
-93.643778999999995
0
LINE
8
Edge.Cuts
6
CONTINUOUS
10
72.674982
20
-93.643778999999995
11
72.6693459999999902
21
-93.6442669999999993
0
LINE
8
Edge.Cuts
6
CONTINUOUS
10
72.6693459999999902
20
-93.6442669999999993
11
72.6637079999999997
21
-93.6447359999999946
0
LINE
8
Edge.Cuts
6
CONTINUOUS
10
72.6637079999999997
20
-93.6447359999999946
11
72.6580689999999976
21
-93.6451840000000004
0
LINE
8
Edge.Cuts
6
CONTINUOUS
10
72.6580689999999976
20
-93.6451840000000004
11
72.6524280000000005
21
-93.6456129999999973
0
LINE
8
Edge.Cuts
6
CONTINUOUS
10
72.6524280000000005
20
-93.6456129999999973
11
72.6467849999999942
21
-93.6460220000000021
0
LINE
8
Edge.Cuts
6
CONTINUOUS
10
72.6467849999999942
20
-93.6460220000000021
11
72.6411409999999904
21
-93.6464099999999888
0
LINE
8
Edge.Cuts
6
CONTINUOUS
10
72.6411409999999904
20
-93.6464099999999888
11
72.6354960000000034
21
-93.6467789999999951
0
LINE
8
Edge.Cuts
6
CONTINUOUS
10
72.6354960000000034
20
-93.6467789999999951
11
72.6298499999999905
21
-93.647127999999995
0
LINE
8
Edge.Cuts
6
CONTINUOUS
10
72.6298499999999905
20
-93.647127999999995
11
72.6242019999999968
21
-93.6474570000000028
0
LINE
8
Edge.Cuts
6
CONTINUOUS
10
72.6242019999999968
20
-93.6474570000000028
11
72.6185529999999915
21
-93.6477659999999901
0
LINE
8
Edge.Cuts
6
CONTINUOUS
10
72.6185529999999915
20
-93.6477659999999901
11
72.6129030000000029
21
-93.6480549999999994
0
LINE
8
Edge.Cuts
6
CONTINUOUS
10
72.6129030000000029
20
-93.6480549999999994
11
72.6072520000000026
21
-93.6483229999999907
0
LINE
8
Edge.Cuts
6
CONTINUOUS
10
72.6072520000000026
20
-93.6483229999999907
11
72.6015999999999906
21
-93.6485720000000015
0
LINE
8
Edge.Cuts
6
CONTINUOUS
10
72.6015999999999906
20
-93.6485720000000015
11
72.5959469999999953
21
-93.6488009999999917
0
LINE
8
Edge.Cuts
6
CONTINUOUS
10
72.5959469999999953
20
-93.6488009999999917
11
72.5902930000000026
21
-93.6490099999999899
0
LINE
8
Edge.Cuts
6
CONTINUOUS
10
72.5902930000000026
20
-93.6490099999999899
11
72.5846389999999957
21
-93.6491989999999959
0
LINE
8
Edge.Cuts
6
CONTINUOUS
10
72.5846389999999957
20
-93.6491989999999959
11
72.5789839999999913
21
-93.6493679999999955
0
LINE
8
Edge.Cuts
6
CONTINUOUS
10
72.5789839999999913
20
-93.6493679999999955
11
72.5733290000000011
21
-93.6495169999999888
0
LINE
8
Edge.Cuts
6
CONTINUOUS
10
72.5733290000000011
20
-93.6495169999999888
11
72.5676720000000017
21
-93.64964599999999
0
LINE
8
Edge.Cuts
6
CONTINUOUS
10
72.5676720000000017
20
-93.64964599999999
11
72.5620159999999998
21
-93.649754999999999
0
LINE
8
Edge.Cuts
6
CONTINUOUS
10
72.5620159999999998
20
-93.649754999999999
11
72.5563590000000005
21
-93.6498440000000016
0
LINE
8
Edge.Cuts
6
CONTINUOUS
10
72.5563590000000005
20
-93.6498440000000016
11
72.5507020000000011
21
-93.649912999999998
0
LINE
8
Edge.Cuts
6
CONTINUOUS
10
72.5507020000000011
20
-93.649912999999998
11
72.5450439999999901
21
-93.6499620000000021
0
LINE
8
Edge.Cuts
6
CONTINUOUS
10
72.5450439999999901
20
-93.6499620000000021
11
72.5340249999999997
21
-93.6499999999999915
0
LINE
8
Edge.Cuts
6
CONTINUOUS
10
74.2154299999999978
20
-92.2871189999999899
11
74.2198419999999999
21
-92.2799779999999998
0
LINE
8
Edge.Cuts
6
CONTINUOUS
10
74.2198419999999999
20
-92.2799779999999998
11
74.2242660000000001
21
-92.2728539999999953
0
LINE
8
Edge.Cuts
6
CONTINUOUS
10
74.2242660000000001
20
-92.2728539999999953
11
74.2287010000000009
21
-92.265751999999992
0
LINE
8
Edge.Cuts
6
CONTINUOUS
10
74.2287010000000009
20
-92.265751999999992
11
74.2331489999999974
21
-92.2586670000000026
0
LINE
8
Edge.Cuts
6
CONTINUOUS
10
74.2331489999999974
20
-92.2586670000000026
11
74.2376059999999995
21
-92.2516030000000029
0
LINE
8
Edge.Cuts
6
CONTINUOUS
10
74.2376059999999995
20
-92.2516030000000029
11
74.2420769999999948
21
-92.2445570000000004
0
LINE
8
Edge.Cuts
6
CONTINUOUS
10
74.2420769999999948
20
-92.2445570000000004
11
74.2465569999999957
21
-92.2375329999999991
0
LINE
8
Edge.Cuts
6
CONTINUOUS
10
74.2465569999999957
20
-92.2375329999999991
11
74.2510499999999922
21
-92.2305259999999976
0
LINE
8
Edge.Cuts
6
CONTINUOUS
10
74.2510499999999922
20
-92.2305259999999976
11
74.2555529999999919
21
-92.2235399999999998
0
LINE
8
Edge.Cuts
6
CONTINUOUS
10
74.2555529999999919
20
-92.2235399999999998
11
74.2600679999999898
21
-92.2165719999999993
0
LINE
8
Edge.Cuts
6
CONTINUOUS
10
74.2600679999999898
20
-92.2165719999999993
11
74.2645929999999908
21
-92.2096260000000001
0
LINE
8
Edge.Cuts
6
CONTINUOUS
10
74.2645929999999908
20
-92.2096260000000001
11
74.2691310000000016
21
-92.2026970000000006
0
LINE
8
Edge.Cuts
6
CONTINUOUS
10
74.2691310000000016
20
-92.2026970000000006
11
74.2736779999999897
21
-92.1957900000000024
0
LINE
8
Edge.Cuts
6
CONTINUOUS
10
74.2736779999999897
20
-92.1957900000000024
11
74.2782380000000018
21
-92.1888999999999896
0
LINE
8
Edge.Cuts
6
CONTINUOUS
10
74.2782380000000018
20
-92.1888999999999896
11
74.2828080000000028
21
-92.1820319999999924
0
LINE
8
Edge.Cuts
6
CONTINUOUS
10
74.2828080000000028
20
-92.1820319999999924
11
74.2873889999999903
21
-92.1751819999999924
0
LINE
8
Edge.Cuts
6
CONTINUOUS
10
74.2873889999999903
20
-92.1751819999999924
11
74.2919799999999952
21
-92.1683539999999937
0
LINE
8
Edge.Cuts
6
CONTINUOUS
10
74.2919799999999952
20
-92.1683539999999937
11
74.2965839999999957
21
-92.1615429999999947
0
LINE
8
Edge.Cuts
6
CONTINUOUS
10
74.2965839999999957
20
-92.1615429999999947
11
74.3011970000000019
21
-92.1547529999999995
0
LINE
8
Edge.Cuts
6
CONTINUOUS
10
74.3011970000000019
20
-92.1547529999999995
11
74.305821999999992
21
-92.1479819999999989
0
LINE
8
Edge.Cuts
6
CONTINUOUS
10
74.305821999999992
20
-92.1479819999999989
11
74.3104560000000021
21
-92.1412320000000022
0
LINE
8
Edge.Cuts
6
CONTINUOUS
10
74.3104560000000021
20
-92.1412320000000022
11
74.3151029999999935
21
-92.1345000000000027
0
LINE
8
Edge.Cuts
6
CONTINUOUS
10
74.3151029999999935
20
-92.1345000000000027
11
74.3197579999999931
21
-92.1277899999999903
0
LINE
8
Edge.Cuts
6
CONTINUOUS
10
74.3197579999999931
20
-92.1277899999999903
11
74.3244260000000025
21
-92.1210979999999893
0
LINE
8
Edge.Cuts
6
CONTINUOUS
10
74.3244260000000025
20
-92.1210979999999893
11
74.3291030000000035
21
-92.1144269999999921
0
LINE
8
Edge.Cuts
6
CONTINUOUS
10
74.3291030000000035
20
-92.1144269999999921
11
74.3337920000000025
21
-92.107773999999992
0
LINE
8
Edge.Cuts
6
CONTINUOUS
10
74.3337920000000025
20
-92.107773999999992
11
74.3384899999999931
21
-92.1011439999999908
0
LINE
8
Edge.Cuts
6
CONTINUOUS
10
74.3384899999999931
20
-92.1011439999999908
11
74.3431989999999985
21
-92.0945309999999893
0
LINE
8
Edge.Cuts
6
CONTINUOUS
10
74.3431989999999985
20
-92.0945309999999893
11
74.3479179999999928
21
-92.087939999999989
0
LINE
8
Edge.Cuts
6
CONTINUOUS
10
74.3479179999999928
20
-92.087939999999989
11
74.3526489999999995
21
-92.0813660000000027
0
LINE
8
Edge.Cuts
6
CONTINUOUS
10
74.3526489999999995
20
-92.0813660000000027
11
74.3573880000000003
21
-92.074815000000001
0
LINE
8
Edge.Cuts
6
CONTINUOUS
10
74.3573880000000003
20
-92.074815000000001
11
74.3621389999999991
21
-92.0682819999999964
0
LINE
8
Edge.Cuts
6
CONTINUOUS
10
74.3621389999999991
20
-92.0682819999999964
11
74.3668990000000036
21
-92.0617699999999957
0
LINE
8
Edge.Cuts
6
CONTINUOUS
10
74.3668990000000036
20
-92.0617699999999957
11
74.3716699999999946
21
-92.0552769999999896
0
LINE
8
Edge.Cuts
6
CONTINUOUS
10
74.3716699999999946
20
-92.0552769999999896
11
74.3764499999999913
21
-92.048805999999999
0
LINE
8
Edge.Cuts
6
CONTINUOUS
10
74.3764499999999913
20
-92.048805999999999
11
74.3812420000000003
21
-92.042351999999994
0
LINE
8
Edge.Cuts
6
CONTINUOUS
10
74.3812420000000003
20
-92.042351999999994
11
74.3860420000000033
21
-92.0359210000000019
0
LINE
8
Edge.Cuts
6
CONTINUOUS
10
74.3860420000000033
20
-92.0359210000000019
11
74.3908539999999903
21
-92.0295069999999953
0
LINE
8
Edge.Cuts
6
CONTINUOUS
10
74.3908539999999903
20
-92.0295069999999953
11
74.3956739999999996
21
-92.0231160000000017
0
LINE
8
Edge.Cuts
6
CONTINUOUS
10
74.3956739999999996
20
-92.0231160000000017
11
74.4005059999999929
21
-92.0167419999999936
0
LINE
8
Edge.Cuts
6
CONTINUOUS
10
74.4005059999999929
20
-92.0167419999999936
11
74.4053459999999944
21
-92.0103909999999985
0
LINE
8
Edge.Cuts
6
CONTINUOUS
10
74.4053459999999944
20
-92.0103909999999985
11
74.4101979999999941
21
-92.0040580000000006
0
LINE
8
Edge.Cuts
6
CONTINUOUS
10
74.4101979999999941
20
-92.0040580000000006
11
74.4150569999999902
21
-91.9977469999999897
0
LINE
8
Edge.Cuts
6
CONTINUOUS
10
74.4150569999999902
20
-91.9977469999999897
11
74.4199279999999987
21
-91.9914539999999903
0
LINE
8
Edge.Cuts
6
CONTINUOUS
10
74.4199279999999987
20
-91.9914539999999903
11
74.4248079999999987
21
-91.9851829999999921
0
LINE
8
Edge.Cuts
6
CONTINUOUS
10
74.4248079999999987
20
-91.9851829999999921
11
74.4296980000000019
21
-91.9789299999999912
0
LINE
8
Edge.Cuts
6
CONTINUOUS
10
74.4296980000000019
20
-91.9789299999999912
11
74.4345969999999966
21
-91.9726989999999915
0
LINE
8
Edge.Cuts
6
CONTINUOUS
10
74.4345969999999966
20
-91.9726989999999915
11
74.4395059999999944
21
-91.9664870000000008
0
LINE
8
Edge.Cuts
6
CONTINUOUS
10
74.4395059999999944
20
-91.9664870000000008
11
74.4444239999999979
21
-91.9602969999999971
0
LINE
8
Edge.Cuts
6
CONTINUOUS
10
74.4444239999999979
20
-91.9602969999999971
11
74.4493530000000021
21
-91.9541239999999931
0
LINE
8
Edge.Cuts
6
CONTINUOUS
10
74.4493530000000021
20
-91.9541239999999931
11
74.4542890000000028
21
-91.9479749999999996
0
LINE
8
Edge.Cuts
6
CONTINUOUS
10
74.4542890000000028
20
-91.9479749999999996
11
74.4592370000000017
21
-91.9418429999999915
0
LINE
8
Edge.Cuts
6
CONTINUOUS
10
74.4592370000000017
20
-91.9418429999999915
11
74.4641919999999971
21
-91.935732999999999
0
LINE
8
Edge.Cuts
6
CONTINUOUS
10
74.4641919999999971
20
-91.935732999999999
11
74.4691589999999906
21
-91.9296420000000012
0
LINE
8
Edge.Cuts
6
CONTINUOUS
10
74.4691589999999906
20
-91.9296420000000012
11
74.4741329999999948
21
-91.9235729999999904
0
LINE
8
Edge.Cuts
6
CONTINUOUS
10
74.4741329999999948
20
-91.9235729999999904
11
74.4791179999999997
21
-91.9175219999999911
0
LINE
8
Edge.Cuts
6
CONTINUOUS
10
74.4791179999999997
20
-91.9175219999999911
11
74.4841109999999986
21
-91.911492999999993
0
LINE
8
Edge.Cuts
6
CONTINUOUS
10
74.4841109999999986
20
-91.911492999999993
11
74.4891140000000007
21
-91.9054829999999896
0
LINE
8
Edge.Cuts
6
CONTINUOUS
10
74.4891140000000007
20
-91.9054829999999896
11
74.4941249999999968
21
-91.8994950000000017
0
LINE
8
Edge.Cuts
6
CONTINUOUS
10
74.4941249999999968
20
-91.8994950000000017
11
74.4991469999999936
21
-91.8935249999999968
0
LINE
8
Edge.Cuts
6
CONTINUOUS
10
74.4991469999999936
20
-91.8935249999999968
11
74.5041760000000011
21
-91.8875779999999907
0
LINE
8
Edge.Cuts
6
CONTINUOUS
10
74.5041760000000011
20
-91.8875779999999907
11
74.509215999999995
21
-91.8816479999999984
0
LINE
8
Edge.Cuts
6
CONTINUOUS
10
74.509215999999995
20
-91.8816479999999984
11
74.5142629999999997
21
-91.8757420000000025
0
LINE
8
Edge.Cuts
6
CONTINUOUS
10
74.5142629999999997
20
-91.8757420000000025
11
74.5193209999999908
21
-91.869852999999992
0
LINE
8
Edge.Cuts
6
CONTINUOUS
10
74.5193209999999908
20
-91.869852999999992
11
74.5243859999999927
21
-91.8639869999999945
0
LINE
8
Edge.Cuts
6
CONTINUOUS
10
74.5243859999999927
20
-91.8639869999999945
11
74.5294609999999977
21
-91.8581389999999942
0
LINE
8
Edge.Cuts
6
CONTINUOUS
10
74.5294609999999977
20
-91.8581389999999942
11
74.5345439999999968
21
-91.8523129999999952
0
LINE
8
Edge.Cuts
6
CONTINUOUS
10
74.5345439999999968
20
-91.8523129999999952
11
74.539636999999999
21
-91.8465059999999909
0
LINE
8
Edge.Cuts
6
CONTINUOUS
10
74.539636999999999
20
-91.8465059999999909
11
74.5447369999999978
21
-91.8407210000000021
0
LINE
8
Edge.Cuts
6
CONTINUOUS
10
74.5447369999999978
20
-91.8407210000000021
11
74.5498479999999972
21
-91.8349549999999937
0
LINE
8
Edge.Cuts
6
CONTINUOUS
10
74.5498479999999972
20
-91.8349549999999937
11
74.5549659999999932
21
-91.8292110000000008
0
LINE
8
Edge.Cuts
6
CONTINUOUS
10
74.5549659999999932
20
-91.8292110000000008
11
74.5600939999999923
21
-91.8234849999999909
0
LINE
8
Edge.Cuts
6
CONTINUOUS
10
74.5600939999999923
20
-91.8234849999999909
11
74.5652279999999905
21
-91.817781999999994
0
LINE
8
Edge.Cuts
6
CONTINUOUS
10
74.5652279999999905
20
-91.817781999999994
11
74.570374000000001
21
-91.8120969999999943
0
LINE
8
Edge.Cuts
6
CONTINUOUS
10
74.570374000000001
20
-91.8120969999999943
11
74.575524999999999
21
-91.8064339999999959
0
LINE
8
Edge.Cuts
6
CONTINUOUS
10
74.575524999999999
20
-91.8064339999999959
11
74.580687999999995
21
-91.8007899999999921
0
LINE
8
Edge.Cuts
6
CONTINUOUS
10
74.580687999999995
20
-91.8007899999999921
11
74.5858559999999926
21
-91.7951690000000013
0
LINE
8
Edge.Cuts
6
CONTINUOUS
10
74.5858559999999926
20
-91.7951690000000013
11
74.5910349999999909
21
-91.7895649999999961
0
LINE
8
Edge.Cuts
6
CONTINUOUS
10
74.5910349999999909
20
-91.7895649999999961
11
74.5962200000000024
21
-91.7839850000000013
0
LINE
8
Edge.Cuts
6
CONTINUOUS
10
74.5962200000000024
20
-91.7839850000000013
11
74.6014160000000004
21
-91.778421999999992
0
LINE
8
Edge.Cuts
6
CONTINUOUS
10
74.6014160000000004
20
-91.778421999999992
11
74.6066179999999974
21
-91.7728819999999956
0
LINE
8
Edge.Cuts
6
CONTINUOUS
10
74.6066179999999974
20
-91.7728819999999956
11
74.6118299999999977
21
-91.767360999999994
0
LINE
8
Edge.Cuts
6
CONTINUOUS
10
74.6118299999999977
20
-91.767360999999994
11
74.6170489999999944
21
-91.7618619999999936
0
LINE
8
Edge.Cuts
6
CONTINUOUS
10
74.6170489999999944
20
-91.7618619999999936
11
74.6222769999999969
21
-91.7563809999999904
0
LINE
8
Edge.Cuts
6
CONTINUOUS
10
74.6222769999999969
20
-91.7563809999999904
11
74.6275119999999959
21
-91.7509230000000002
0
LINE
8
Edge.Cuts
6
CONTINUOUS
10
74.6275119999999959
20
-91.7509230000000002
11
74.632756999999998
21
-91.7454839999999905
0
LINE
8
Edge.Cuts
6
CONTINUOUS
10
74.632756999999998
20
-91.7454839999999905
11
74.6380070000000018
21
-91.7400669999999963
0
LINE
8
Edge.Cuts
6
CONTINUOUS
10
74.6380070000000018
20
-91.7400669999999963
11
74.643267999999992
21
-91.7346679999999992
0
LINE
8
Edge.Cuts
6
CONTINUOUS
10
74.643267999999992
20
-91.7346679999999992
11
74.6485349999999954
21
-91.7292920000000009
0
LINE
8
Edge.Cuts
6
CONTINUOUS
10
74.6485349999999954
20
-91.7292920000000009
11
74.6538120000000021
21
-91.7239339999999999
0
LINE
8
Edge.Cuts
6
CONTINUOUS
10
74.6538120000000021
20
-91.7239339999999999
11
74.6590939999999961
21
-91.7185989999999975
0
LINE
8
Edge.Cuts
6
CONTINUOUS
10
74.6590939999999961
20
-91.7185989999999975
11
74.6643869999999907
21
-91.7132819999999924
0
LINE
8
Edge.Cuts
6
CONTINUOUS
10
74.6643869999999907
20
-91.7132819999999924
11
74.6696850000000012
21
-91.7079880000000003
0
LINE
8
Edge.Cuts
6
CONTINUOUS
10
74.6696850000000012
20
-91.7079880000000003
11
74.6749930000000006
21
-91.7027119999999911
0
LINE
8
Edge.Cuts
6
CONTINUOUS
10
74.6749930000000006
20
-91.7027119999999911
11
74.6803069999999991
21
-91.6974589999999949
0
LINE
8
Edge.Cuts
6
CONTINUOUS
10
74.6803069999999991
20
-91.6974589999999949
11
74.6856300000000033
21
-91.6922249999999934
0
LINE
8
Edge.Cuts
6
CONTINUOUS
10
74.6856300000000033
20
-91.6922249999999934
11
74.6909589999999923
21
-91.6870129999999932
0
LINE
8
Edge.Cuts
6
CONTINUOUS
10
74.6909589999999923
20
-91.6870129999999932
11
74.6962979999999988
21
-91.6818189999999902
0
LINE
8
Edge.Cuts
6
CONTINUOUS
10
74.6962979999999988
20
-91.6818189999999902
11
74.70164299999999
21
-91.6766480000000001
0
LINE
8
Edge.Cuts
6
CONTINUOUS
10
74.70164299999999
20
-91.6766480000000001
11
74.7069970000000012
21
-91.6714949999999931
0
LINE
8
Edge.Cuts
6
CONTINUOUS
10
74.7069970000000012
20
-91.6714949999999931
11
74.7123559999999998
21
-91.666364999999999
0
LINE
8
Edge.Cuts
6
CONTINUOUS
10
74.7123559999999998
20
-91.666364999999999
11
74.7177250000000015
21
-91.6612539999999996
0
LINE
8
Edge.Cuts
6
CONTINUOUS
10
74.7177250000000015
20
-91.6612539999999996
11
74.7230989999999906
21
-91.6561650000000014
0
LINE
8
Edge.Cuts
6
CONTINUOUS
10
74.7230989999999906
20
-91.6561650000000014
11
74.7284829999999971
21
-91.6510940000000005
0
LINE
8
Edge.Cuts
6
CONTINUOUS
10
74.7284829999999971
20
-91.6510940000000005
11
74.733871999999991
21
-91.6460469999999958
0
LINE
8
Edge.Cuts
6
CONTINUOUS
10
74.733871999999991
20
-91.6460469999999958
11
74.7392710000000022
21
-91.6410169999999908
0
LINE
8
Edge.Cuts
6
CONTINUOUS
10
74.7392710000000022
20
-91.6410169999999908
11
74.7446750000000009
21
-91.6360099999999989
0
LINE
8
Edge.Cuts
6
CONTINUOUS
10
74.7446750000000009
20
-91.6360099999999989
11
74.750087999999991
21
-91.6310220000000015
0
LINE
8
Edge.Cuts
6
CONTINUOUS
10
74.750087999999991
20
-91.6310220000000015
11
74.7555059999999969
21
-91.6260559999999913
0
LINE
8
Edge.Cuts
6
CONTINUOUS
10
74.7555059999999969
20
-91.6260559999999913
11
74.7609339999999918
21
-91.6211089999999899
0
LINE
8
Edge.Cuts
6
CONTINUOUS
10
74.7609339999999918
20
-91.6211089999999899
11
74.7663659999999908
21
-91.6161839999999899
0
LINE
8
Edge.Cuts
6
CONTINUOUS
10
74.7663659999999908
20
-91.6161839999999899
11
74.7718079999999929
21
-91.6112779999999987
0
LINE
8
Edge.Cuts
6
CONTINUOUS
10
74.7718079999999929
20
-91.6112779999999987
11
74.7772549999999967
21
-91.606394999999992
0
LINE
8
Edge.Cuts
6
CONTINUOUS
10
74.7772549999999967
20
-91.606394999999992
11
74.7827109999999919
21
-91.6015299999999968
0
LINE
8
Edge.Cuts
6
CONTINUOUS
10
74.7827109999999919
20
-91.6015299999999968
11
74.788172000000003
21
-91.5966870000000029
0
LINE
8
Edge.Cuts
6
CONTINUOUS
10
74.788172000000003
20
-91.5966870000000029
11
74.7936419999999913
21
-91.5918629999999894
0
LINE
8
Edge.Cuts
6
CONTINUOUS
10
74.7936419999999913
20
-91.5918629999999894
11
74.7991169999999954
21
-91.5870619999999889
0
LINE
8
Edge.Cuts
6
CONTINUOUS
10
74.7991169999999954
20
-91.5870619999999889
11
74.8045999999999935
21
-91.5822789999999998
0
LINE
8
Edge.Cuts
6
CONTINUOUS
10
74.8045999999999935
20
-91.5822789999999998
11
74.8100889999999907
21
-91.5775189999999952
0
LINE
8
Edge.Cuts
6
CONTINUOUS
10
74.8100889999999907
20
-91.5775189999999952
11
74.8155869999999936
21
-91.5727770000000021
0
LINE
8
Edge.Cuts
6
CONTINUOUS
10
74.8155869999999936
20
-91.5727770000000021
11
74.8210890000000006
21
-91.5680579999999935
0
LINE
8
Edge.Cuts
6
CONTINUOUS
10
74.8210890000000006
20
-91.5680579999999935
11
74.8265999999999991
21
-91.5633569999999963
0
LINE
8
Edge.Cuts
6
CONTINUOUS
10
74.8265999999999991
20
-91.5633569999999963
11
74.8321159999999992
21
-91.5586789999999979
0
LINE
8
Edge.Cuts
6
CONTINUOUS
10
74.8321159999999992
20
-91.5586789999999979
11
74.8376409999999908
21
-91.5540189999999967
0
LINE
8
Edge.Cuts
6
CONTINUOUS
10
74.8376409999999908
20
-91.5540189999999967
11
74.8431700000000006
21
-91.5493819999999943
0
LINE
8
Edge.Cuts
6
CONTINUOUS
10
74.8431700000000006
20
-91.5493819999999943
11
74.848708000000002
21
-91.5447640000000007
0
LINE
8
Edge.Cuts
6
CONTINUOUS
10
74.848708000000002
20
-91.5447640000000007
11
74.8542499999999933
21
-91.5401679999999942
0
LINE
8
Edge.Cuts
6
CONTINUOUS
10
74.8542499999999933
20
-91.5401679999999942
11
74.8598009999999903
21
-91.5355909999999966
0
LINE
8
Edge.Cuts
6
CONTINUOUS
10
74.8598009999999903
20
-91.5355909999999966
11
74.865357000000003
21
-91.5310360000000003
0
LINE
8
Edge.Cuts
6
CONTINUOUS
10
74.865357000000003
20
-91.5310360000000003
11
74.8709209999999956
21
-91.5264990000000012
0
LINE
8
Edge.Cuts
6
CONTINUOUS
10
74.8709209999999956
20
-91.5264990000000012
11
74.8764889999999923
21
-91.5219850000000008
0
LINE
8
Edge.Cuts
6
CONTINUOUS
10
74.8764889999999923
20
-91.5219850000000008
11
74.8820659999999947
21
-91.5174899999999951
0
LINE
8
Edge.Cuts
6
CONTINUOUS
10
74.8820659999999947
20
-91.5174899999999951
11
74.8876479999999987
21
-91.5130169999999907
0
LINE
8
Edge.Cuts
6
CONTINUOUS
10
74.8876479999999987
20
-91.5130169999999907
11
74.8932379999999966
21
-91.5085629999999952
0
LINE
8
Edge.Cuts
6
CONTINUOUS
10
74.8932379999999966
20
-91.5085629999999952
11
74.8988319999999987
21
-91.504131000000001
0
LINE
8
Edge.Cuts
6
CONTINUOUS
10
74.8988319999999987
20
-91.504131000000001
11
74.9044339999999949
21
-91.4997180000000014
0
LINE
8
Edge.Cuts
6
CONTINUOUS
10
74.9044339999999949
20
-91.4997180000000014
11
74.9100409999999926
21
-91.4953280000000007
0
LINE
8
Edge.Cuts
6
CONTINUOUS
10
74.9100409999999926
20
-91.4953280000000007
11
74.9156559999999985
21
-91.4909549999999996
0
LINE
8
Edge.Cuts
6
CONTINUOUS
10
74.9156559999999985
20
-91.4909549999999996
11
74.9212749999999943
21
-91.4866059999999948
0
LINE
8
Edge.Cuts
6
CONTINUOUS
10
74.9212749999999943
20
-91.4866059999999948
11
74.9269029999999958
21
-91.4822750000000013
0
LINE
8
Edge.Cuts
6
CONTINUOUS
10
74.9269029999999958
20
-91.4822750000000013
11
74.9325339999999898
21
-91.477965999999995
0
LINE
8
Edge.Cuts
6
CONTINUOUS
10
74.9325339999999898
20
-91.477965999999995
11
74.9381740000000036
21
-91.4736759999999975
0
LINE
8
Edge.Cuts
6
CONTINUOUS
10
74.9381740000000036
20
-91.4736759999999975
11
74.9438179999999932
21
-91.4694080000000014
0
LINE
8
Edge.Cuts
6
CONTINUOUS
10
74.9438179999999932
20
-91.4694080000000014
11
74.9494699999999909
21
-91.4651589999999999
0
LINE
8
Edge.Cuts
6
CONTINUOUS
10
74.9494699999999909
20
-91.4651589999999999
11
74.9551249999999953
21
-91.4609329999999972
0
LINE
8
Edge.Cuts
6
CONTINUOUS
10
74.9551249999999953
20
-91.4609329999999972
11
74.9607889999999912
21
-91.4567239999999941
0
LINE
8
Edge.Cuts
6
CONTINUOUS
10
74.9607889999999912
20
-91.4567239999999941
11
74.9664569999999912
21
-91.4525390000000016
0
LINE
8
Edge.Cuts
6
CONTINUOUS
10
74.9664569999999912
20
-91.4525390000000016
11
74.9721329999999995
21
-91.448371999999992
0
LINE
8
Edge.Cuts
6
CONTINUOUS
10
74.9721329999999995
20
-91.448371999999992
11
74.9753609999999924
21
-91.4460129999999936
0
ARC
8
Edge.Cuts
10
89.4048999999999978
20
-94.1499999999999915
40
0.500000000324
50
0.00000000
51
89.99793735
0
LINE
8
Edge.Cuts
6
CONTINUOUS
10
75.7463769999999954
20
-91.0824499999999944
11
75.7524999999999977
21
-91.0809840000000008
0
LINE
8
Edge.Cuts
6
CONTINUOUS
10
75.7524999999999977
20
-91.0809840000000008
11
75.758624999999995
21
-91.0795379999999994
0
LINE
8
Edge.Cuts
6
CONTINUOUS
10
75.758624999999995
20
-91.0795379999999994
11
75.7647509999999897
21
-91.0781119999999902
0
LINE
8
Edge.Cuts
6
CONTINUOUS
10
75.7647509999999897
20
-91.0781119999999902
11
75.7708799999999911
21
-91.0767060000000015
0
LINE
8
Edge.Cuts
6
CONTINUOUS
10
75.7708799999999911
20
-91.0767060000000015
11
75.7770089999999925
21
-91.0753199999999907
0
LINE
8
Edge.Cuts
6
CONTINUOUS
10
75.7770089999999925
20
-91.0753199999999907
11
75.7831410000000005
21
-91.073954999999998
0
LINE
8
Edge.Cuts
6
CONTINUOUS
10
75.7831410000000005
20
-91.073954999999998
11
75.7892729999999943
21
-91.0726089999999999
0
LINE
8
Edge.Cuts
6
CONTINUOUS
10
75.7892729999999943
20
-91.0726089999999999
11
75.7954079999999948
21
-91.0712839999999915
0
LINE
8
Edge.Cuts
6
CONTINUOUS
10
75.7954079999999948
20
-91.0712839999999915
11
75.8015439999999927
21
-91.0699789999999894
0
LINE
8
Edge.Cuts
6
CONTINUOUS
10
75.8015439999999927
20
-91.0699789999999894
11
75.8076819999999998
21
-91.0686939999999936
0
LINE
8
Edge.Cuts
6
CONTINUOUS
10
75.8076819999999998
20
-91.0686939999999936
11
75.8138199999999927
21
-91.06742899999999
0
LINE
8
Edge.Cuts
6
CONTINUOUS
10
75.8138199999999927
20
-91.06742899999999
11
75.8199609999999922
21
-91.0661839999999927
0
LINE
8
Edge.Cuts
6
CONTINUOUS
10
75.8199609999999922
20
-91.0661839999999927
11
75.8261030000000034
21
-91.0649599999999992
0
LINE
8
Edge.Cuts
6
CONTINUOUS
10
75.8261030000000034
20
-91.0649599999999992
11
75.8322459999999978
21
-91.0637550000000005
0
LINE
8
Edge.Cuts
6
CONTINUOUS
10
75.8322459999999978
20
-91.0637550000000005
11
75.8383899999999898
21
-91.0625709999999913
0
LINE
8
Edge.Cuts
6
CONTINUOUS
10
75.8383899999999898
20
-91.0625709999999913
11
75.8445370000000025
21
-91.061405999999991
0
LINE
8
Edge.Cuts
6
CONTINUOUS
10
75.8445370000000025
20
-91.061405999999991
11
75.8506830000000036
21
-91.0602619999999945
0
LINE
8
Edge.Cuts
6
CONTINUOUS
10
75.8506830000000036
20
-91.0602619999999945
11
75.8568319999999972
21
-91.0591379999999901
0
LINE
8
Edge.Cuts
6
CONTINUOUS
10
75.8568319999999972
20
-91.0591379999999901
11
75.8629820000000024
21
-91.0580339999999921
0
LINE
8
Edge.Cuts
6
CONTINUOUS
10
75.8629820000000024
20
-91.0580339999999921
11
75.8691329999999908
21
-91.0569500000000005
0
LINE
8
Edge.Cuts
6
CONTINUOUS
10
75.8691329999999908
20
-91.0569500000000005
11
75.875284999999991
21
-91.0558869999999985
0
LINE
8
Edge.Cuts
6
CONTINUOUS
10
75.875284999999991
20
-91.0558869999999985
11
75.8814390000000003
21
-91.0548429999999911
0
LINE
8
Edge.Cuts
6
CONTINUOUS
10
75.8814390000000003
20
-91.0548429999999911
11
75.8875929999999954
21
-91.0538189999999901
0
LINE
8
Edge.Cuts
6
CONTINUOUS
10
75.8875929999999954
20
-91.0538189999999901
11
75.8937489999999997
21
-91.0528159999999929
0
LINE
8
Edge.Cuts
6
CONTINUOUS
10
75.8937489999999997
20
-91.0528159999999929
11
75.8999060000000014
21
-91.0518319999999903
0
LINE
8
Edge.Cuts
6
CONTINUOUS
10
75.8999060000000014
20
-91.0518319999999903
11
75.9060640000000006
21
-91.0508689999999916
0
LINE
8
Edge.Cuts
6
CONTINUOUS
10
75.9060640000000006
20
-91.0508689999999916
11
75.9122229999999973
21
-91.0499259999999992
0
LINE
8
Edge.Cuts
6
CONTINUOUS
10
75.9122229999999973
20
-91.0499259999999992
11
75.9183829999999915
21
-91.0490020000000015
0
LINE
8
Edge.Cuts
6
CONTINUOUS
10
75.9183829999999915
20
-91.0490020000000015
11
75.9245439999999974
21
-91.0480989999999935
0
LINE
8
Edge.Cuts
6
CONTINUOUS
10
75.9245439999999974
20
-91.0480989999999935
11
75.9307060000000007
21
-91.0472159999999917
0
LINE
8
Edge.Cuts
6
CONTINUOUS
10
75.9307060000000007
20
-91.0472159999999917
11
75.9368690000000015
21
-91.0463529999999963
0
LINE
8
Edge.Cuts
6
CONTINUOUS
10
75.9368690000000015
20
-91.0463529999999963
11
75.9430339999999973
21
-91.0455099999999931
0
LINE
8
Edge.Cuts
6
CONTINUOUS
10
75.9430339999999973
20
-91.0455099999999931
11
75.9491979999999955
21
-91.0446869999999961
0
LINE
8
Edge.Cuts
6
CONTINUOUS
10
75.9491979999999955
20
-91.0446869999999961
11
75.955364000000003
21
-91.0438849999999888
0
LINE
8
Edge.Cuts
6
CONTINUOUS
10
75.955364000000003
20
-91.0438849999999888
11
75.9615309999999937
21
-91.0431019999999904
0
LINE
8
Edge.Cuts
6
CONTINUOUS
10
75.9615309999999937
20
-91.0431019999999904
11
75.9676989999999961
21
-91.0423389999999984
0
LINE
8
Edge.Cuts
6
CONTINUOUS
10
75.9676989999999961
20
-91.0423389999999984
11
75.9738669999999985
21
-91.0415969999999959
0
LINE
8
Edge.Cuts
6
CONTINUOUS
10
75.9738669999999985
20
-91.0415969999999959
11
75.9800369999999958
21
-91.0408740000000023
0
LINE
8
Edge.Cuts
6
CONTINUOUS
10
75.9800369999999958
20
-91.0408740000000023
11
75.9862069999999932
21
-91.0401710000000008
0
LINE
8
Edge.Cuts
6
CONTINUOUS
10
75.9862069999999932
20
-91.0401710000000008
11
75.9923780000000022
21
-91.039488999999989
0
LINE
8
Edge.Cuts
6
CONTINUOUS
10
75.9923780000000022
20
-91.039488999999989
11
75.998548999999997
21
-91.0388260000000002
0
LINE
8
Edge.Cuts
6
CONTINUOUS
10
75.998548999999997
20
-91.0388260000000002
11
76.004722000000001
21
-91.0381840000000011
0
LINE
8
Edge.Cuts
6
CONTINUOUS
10
76.004722000000001
20
-91.0381840000000011
11
76.0108949999999908
21
-91.0375609999999966
0
LINE
8
Edge.Cuts
6
CONTINUOUS
10
76.0108949999999908
20
-91.0375609999999966
11
76.0170689999999922
21
-91.036958999999996
0
LINE
8
Edge.Cuts
6
CONTINUOUS
10
76.0170689999999922
20
-91.036958999999996
11
76.0232429999999937
21
-91.0363770000000017
0
LINE
8
Edge.Cuts
6
CONTINUOUS
10
76.0232429999999937
20
-91.0363770000000017
11
76.0294179999999926
21
-91.035814000000002
0
LINE
8
Edge.Cuts
6
CONTINUOUS
10
76.0294179999999926
20
-91.035814000000002
11
76.0355929999999915
21
-91.035271999999992
0
LINE
8
Edge.Cuts
6
CONTINUOUS
10
76.0355929999999915
20
-91.035271999999992
11
76.0417699999999996
21
-91.0347500000000025
0
LINE
8
Edge.Cuts
6
CONTINUOUS
10
76.0417699999999996
20
-91.0347500000000025
11
76.047945999999996
21
-91.034247999999991
0
LINE
8
Edge.Cuts
6
CONTINUOUS
10
76.047945999999996
20
-91.034247999999991
11
76.0541240000000016
21
-91.0337650000000025
0
LINE
8
Edge.Cuts
6
CONTINUOUS
10
76.0541240000000016
20
-91.0337650000000025
11
76.0603009999999955
21
-91.0333029999999894
0
LINE
8
Edge.Cuts
6
CONTINUOUS
10
76.0603009999999955
20
-91.0333029999999894
11
76.0664799999999985
21
-91.0328609999999969
0
LINE
8
Edge.Cuts
6
CONTINUOUS
10
76.0664799999999985
20
-91.0328609999999969
11
76.0726590000000016
21
-91.0324389999999966
0
LINE
8
Edge.Cuts
6
CONTINUOUS
10
76.0726590000000016
20
-91.0324389999999966
11
76.0788379999999904
21
-91.0320370000000025
0
LINE
8
Edge.Cuts
6
CONTINUOUS
10
76.0788379999999904
20
-91.0320370000000025
11
76.0850169999999935
21
-91.0316550000000007
0
LINE
8
Edge.Cuts
6
CONTINUOUS
10
76.0850169999999935
20
-91.0316550000000007
11
76.0911979999999915
21
-91.0312929999999909
0
LINE
8
Edge.Cuts
6
CONTINUOUS
10
76.0911979999999915
20
-91.0312929999999909
11
76.097377999999992
21
-91.0309510000000017
0
LINE
8
Edge.Cuts
6
CONTINUOUS
10
76.097377999999992
20
-91.0309510000000017
11
76.10355899999999
21
-91.030627999999993
0
LINE
8
Edge.Cuts
6
CONTINUOUS
10
76.10355899999999
20
-91.030627999999993
11
76.1097400000000022
21
-91.0303260000000023
0
LINE
8
Edge.Cuts
6
CONTINUOUS
10
76.1097400000000022
20
-91.0303260000000023
11
76.1159219999999976
21
-91.0300439999999895
0
LINE
8
Edge.Cuts
6
CONTINUOUS
10
76.1159219999999976
20
-91.0300439999999895
11
76.1221029999999956
21
-91.0297819999999973
0
LINE
8
Edge.Cuts
6
CONTINUOUS
10
76.1221029999999956
20
-91.0297819999999973
11
76.1282849999999911
21
-91.0295399999999972
0
LINE
8
Edge.Cuts
6
CONTINUOUS
10
76.1282849999999911
20
-91.0295399999999972
11
76.1344679999999983
21
-91.0293179999999893
0
LINE
8
Edge.Cuts
6
CONTINUOUS
10
76.1344679999999983
20
-91.0293179999999893
11
76.1406499999999937
21
-91.0291160000000019
0
LINE
8
Edge.Cuts
6
CONTINUOUS
10
76.1406499999999937
20
-91.0291160000000019
11
76.1468330000000009
21
-91.0289339999999925
0
LINE
8
Edge.Cuts
6
CONTINUOUS
10
76.1468330000000009
20
-91.0289339999999925
11
76.1530159999999938
21
-91.0287719999999894
0
LINE
8
Edge.Cuts
6
CONTINUOUS
10
76.1530159999999938
20
-91.0287719999999894
11
76.159199000000001
21
-91.0286299999999926
0
LINE
8
Edge.Cuts
6
CONTINUOUS
10
76.159199000000001
20
-91.0286299999999926
11
76.1653819999999939
21
-91.0285080000000022
0
LINE
8
Edge.Cuts
6
CONTINUOUS
10
76.1653819999999939
20
-91.0285080000000022
11
76.1715650000000011
21
-91.0284059999999897
0
LINE
8
Edge.Cuts
6
CONTINUOUS
10
76.1715650000000011
20
-91.0284059999999897
11
76.1777489999999915
21
-91.0283239999999978
0
LINE
8
Edge.Cuts
6
CONTINUOUS
10
76.1777489999999915
20
-91.0283239999999978
11
76.1839319999999987
21
-91.028261999999998
0
LINE
8
Edge.Cuts
6
CONTINUOUS
10
76.1839319999999987
20
-91.028261999999998
11
76.1901160000000033
21
-91.0282199999999904
0
LINE
8
Edge.Cuts
6
CONTINUOUS
10
76.1901160000000033
20
-91.0282199999999904
11
76.1962989999999962
21
-91.0281979999999891
0
LINE
8
Edge.Cuts
6
CONTINUOUS
10
76.1962989999999962
20
-91.0281979999999891
11
76.2024830000000009
21
-91.0281959999999941
0
LINE
8
Edge.Cuts
6
CONTINUOUS
10
76.2024830000000009
20
-91.0281959999999941
11
76.2086659999999938
21
-91.0282139999999913
0
LINE
8
Edge.Cuts
6
CONTINUOUS
10
76.2086659999999938
20
-91.0282139999999913
11
76.2148499999999984
21
-91.0282519999999948
0
LINE
8
Edge.Cuts
6
CONTINUOUS
10
76.2148499999999984
20
-91.0282519999999948
11
76.2210329999999914
21
-91.0283099999999905
0
LINE
8
Edge.Cuts
6
CONTINUOUS
10
76.2210329999999914
20
-91.0283099999999905
11
76.2272159999999985
21
-91.02838899999999
0
LINE
8
Edge.Cuts
6
CONTINUOUS
10
76.2272159999999985
20
-91.02838899999999
11
76.2333989999999915
21
-91.0284869999999984
0
LINE
8
Edge.Cuts
6
CONTINUOUS
10
76.2333989999999915
20
-91.0284869999999984
11
76.2395819999999986
21
-91.0286049999999989
0
LINE
8
Edge.Cuts
6
CONTINUOUS
10
76.2395819999999986
20
-91.0286049999999989
11
76.2457649999999916
21
-91.0287429999999915
0
LINE
8
Edge.Cuts
6
CONTINUOUS
10
76.2457649999999916
20
-91.0287429999999915
11
76.2519479999999987
21
-91.0289009999999905
0
LINE
8
Edge.Cuts
6
CONTINUOUS
10
76.2519479999999987
20
-91.0289009999999905
11
76.2581299999999942
21
-91.0290789999999959
0
LINE
8
Edge.Cuts
6
CONTINUOUS
10
76.2581299999999942
20
-91.0290789999999959
11
76.2643130000000014
21
-91.0292769999999933
0
LINE
8
Edge.Cuts
6
CONTINUOUS
10
76.2643130000000014
20
-91.0292769999999933
11
76.2704949999999968
21
-91.0294949999999972
0
LINE
8
Edge.Cuts
6
CONTINUOUS
10
76.2704949999999968
20
-91.0294949999999972
11
76.2766769999999923
21
-91.0297329999999931
0
LINE
8
Edge.Cuts
6
CONTINUOUS
10
76.2766769999999923
20
-91.0297329999999931
11
76.2828579999999903
21
-91.0299909999999954
0
LINE
8
Edge.Cuts
6
CONTINUOUS
10
76.2828579999999903
20
-91.0299909999999954
11
76.28904
21
-91.0302689999999899
0
LINE
8
Edge.Cuts
6
CONTINUOUS
10
76.28904
20
-91.0302689999999899
11
76.295220999999998
21
-91.0305669999999907
0
LINE
8
Edge.Cuts
6
CONTINUOUS
10
76.295220999999998
20
-91.0305669999999907
11
76.3014009999999985
21
-91.0308849999999978
0
LINE
8
Edge.Cuts
6
CONTINUOUS
10
76.3014009999999985
20
-91.0308849999999978
11
76.307580999999999
21
-91.0312239999999946
0
LINE
8
Edge.Cuts
6
CONTINUOUS
10
76.307580999999999
20
-91.0312239999999946
11
76.3137609999999995
21
-91.0315820000000002
0
LINE
8
Edge.Cuts
6
CONTINUOUS
10
76.3137609999999995
20
-91.0315820000000002
11
76.319941
21
-91.031959999999998
0
LINE
8
Edge.Cuts
6
CONTINUOUS
10
76.319941
20
-91.031959999999998
11
76.3261200000000031
21
-91.0323580000000021
0
LINE
8
Edge.Cuts
6
CONTINUOUS
10
76.3261200000000031
20
-91.0323580000000021
11
76.3322979999999944
21
-91.0327759999999984
0
LINE
8
Edge.Cuts
6
CONTINUOUS
10
76.3322979999999944
20
-91.0327759999999984
11
76.338476
21
-91.033214000000001
0
LINE
8
Edge.Cuts
6
CONTINUOUS
10
76.338476
20
-91.033214000000001
11
76.3446539999999914
21
-91.0336729999999932
0
LINE
8
Edge.Cuts
6
CONTINUOUS
10
76.3446539999999914
20
-91.0336729999999932
11
76.3508309999999994
21
-91.0341509999999943
0
LINE
8
Edge.Cuts
6
CONTINUOUS
10
76.3508309999999994
20
-91.0341509999999943
11
76.3570069999999959
21
-91.0346490000000017
0
LINE
8
Edge.Cuts
6
CONTINUOUS
10
76.3570069999999959
20
-91.0346490000000017
11
76.3631829999999923
21
-91.0351670000000013
0
LINE
8
Edge.Cuts
6
CONTINUOUS
10
76.3631829999999923
20
-91.0351670000000013
11
76.3693590000000029
21
-91.0357059999999905
0
LINE
8
Edge.Cuts
6
CONTINUOUS
10
76.3693590000000029
20
-91.0357059999999905
11
76.3755340000000018
21
-91.0362640000000027
0
LINE
8
Edge.Cuts
6
CONTINUOUS
10
76.3755340000000018
20
-91.0362640000000027
11
76.3817080000000033
21
-91.0368419999999929
0
LINE
8
Edge.Cuts
6
CONTINUOUS
10
76.3817080000000033
20
-91.0368419999999929
11
76.387880999999993
21
-91.0374410000000012
0
LINE
8
Edge.Cuts
6
CONTINUOUS
10
76.387880999999993
20
-91.0374410000000012
11
76.394053999999997
21
-91.0380589999999899
0
LINE
8
Edge.Cuts
6
CONTINUOUS
10
76.394053999999997
20
-91.0380589999999899
11
76.4002260000000035
21
-91.0386979999999966
0
LINE
8
Edge.Cuts
6
CONTINUOUS
10
76.4002260000000035
20
-91.0386979999999966
11
76.4063969999999983
21
-91.0393559999999979
0
LINE
8
Edge.Cuts
6
CONTINUOUS
10
76.4063969999999983
20
-91.0393559999999979
11
76.4125679999999932
21
-91.0400349999999889
0
LINE
8
Edge.Cuts
6
CONTINUOUS
10
76.4125679999999932
20
-91.0400349999999889
11
76.4187379999999905
21
-91.0407329999999888
0
LINE
8
Edge.Cuts
6
CONTINUOUS
10
76.4187379999999905
20
-91.0407329999999888
11
76.4249069999999904
21
-91.0414519999999925
0
LINE
8
Edge.Cuts
6
CONTINUOUS
10
76.4249069999999904
20
-91.0414519999999925
11
76.4310759999999902
21
-91.0421899999999908
0
LINE
8
Edge.Cuts
6
CONTINUOUS
10
76.4310759999999902
20
-91.0421899999999908
11
76.4372429999999952
21
-91.042948999999993
0
LINE
8
Edge.Cuts
6
CONTINUOUS
10
76.4372429999999952
20
-91.042948999999993
11
76.4434100000000001
21
-91.0437280000000015
0
LINE
8
Edge.Cuts
6
CONTINUOUS
10
76.4434100000000001
20
-91.0437280000000015
11
76.4495759999999933
21
-91.0445270000000022
0
LINE
8
Edge.Cuts
6
CONTINUOUS
10
76.4495759999999933
20
-91.0445270000000022
11
76.4557410000000033
21
-91.045345999999995
0
LINE
8
Edge.Cuts
6
CONTINUOUS
10
76.4557410000000033
20
-91.045345999999995
11
76.4619050000000016
21
-91.0461849999999941
0
LINE
8
Edge.Cuts
6
CONTINUOUS
10
76.4619050000000016
20
-91.0461849999999941
11
76.4680680000000024
21
-91.0470439999999996
0
LINE
8
Edge.Cuts
6
CONTINUOUS
10
76.4680680000000024
20
-91.0470439999999996
11
76.4742299999999915
21
-91.0479229999999973
0
LINE
8
Edge.Cuts
6
CONTINUOUS
10
76.4742299999999915
20
-91.0479229999999973
11
76.4803919999999948
21
-91.0488220000000013
0
LINE
8
Edge.Cuts
6
CONTINUOUS
10
76.4803919999999948
20
-91.0488220000000013
11
76.4865520000000032
21
-91.0497409999999974
0
LINE
8
Edge.Cuts
6
CONTINUOUS
10
76.4865520000000032
20
-91.0497409999999974
11
76.4927109999999999
21
-91.0506799999999998
0
LINE
8
Edge.Cuts
6
CONTINUOUS
10
76.4927109999999999
20
-91.0506799999999998
11
76.4988689999999991
21
-91.0516399999999919
0
LINE
8
Edge.Cuts
6
CONTINUOUS
10
76.4988689999999991
20
-91.0516399999999919
11
76.5079419999999999
21
-91.0530899999999974
0
LINE
8
Edge.Cuts
6
CONTINUOUS
10
147.4450819999999851
20
7.
11
147.4450819999999851
21
4.2000000000000002
0
LINE
8
Edge.Cuts
6
CONTINUOUS
10
76.5079419999999999
20
-91.0530899999999974
11
76.5202529999999967
21
-91.0551279999999963
0
LINE
8
Edge.Cuts
6
CONTINUOUS
10
76.5202529999999967
20
-91.0551279999999963
11
76.532558999999992
21
-91.0572469999999896
0
LINE
8
Edge.Cuts
6
CONTINUOUS
10
76.532558999999992
20
-91.0572469999999896
11
76.5448569999999933
21
-91.0594449999999966
0
LINE
8
Edge.Cuts
6
CONTINUOUS
10
76.5448569999999933
20
-91.0594449999999966
11
76.5571489999999955
21
-91.0617230000000006
0
LINE
8
Edge.Cuts
6
CONTINUOUS
10
76.5571489999999955
20
-91.0617230000000006
11
76.5694349999999986
21
-91.0640819999999991
0
LINE
8
Edge.Cuts
6
CONTINUOUS
10
76.5694349999999986
20
-91.0640819999999991
11
76.581713999999991
21
-91.066519999999997
0
LINE
8
Edge.Cuts
6
CONTINUOUS
10
76.581713999999991
20
-91.066519999999997
11
76.593986000000001
21
-91.0690389999999894
0
LINE
8
Edge.Cuts
6
CONTINUOUS
10
76.593986000000001
20
-91.0690389999999894
11
76.6062510000000003
21
-91.071637999999993
0
LINE
8
Edge.Cuts
6
CONTINUOUS
10
76.6062510000000003
20
-91.071637999999993
11
76.6185090000000031
21
-91.0743169999999935
0
LINE
8
Edge.Cuts
6
CONTINUOUS
10
76.6185090000000031
20
-91.0743169999999935
11
76.6307609999999926
21
-91.077075999999991
0
LINE
8
Edge.Cuts
6
CONTINUOUS
10
76.6307609999999926
20
-91.077075999999991
11
76.6430039999999906
21
-91.0799159999999972
0
LINE
8
Edge.Cuts
6
CONTINUOUS
10
76.6430039999999906
20
-91.0799159999999972
11
76.6552409999999895
21
-91.0828360000000004
0
LINE
8
Edge.Cuts
6
CONTINUOUS
10
76.6552409999999895
20
-91.0828360000000004
11
76.6674699999999945
21
-91.0858360000000005
0
LINE
8
Edge.Cuts
6
CONTINUOUS
10
76.6674699999999945
20
-91.0858360000000005
11
76.6796920000000028
21
-91.088916999999995
0
LINE
8
Edge.Cuts
6
CONTINUOUS
10
76.6796920000000028
20
-91.088916999999995
11
76.691906000000003
21
-91.0920789999999982
0
LINE
8
Edge.Cuts
6
CONTINUOUS
10
76.691906000000003
20
-91.0920789999999982
11
76.704111999999995
21
-91.0953209999999984
0
LINE
8
Edge.Cuts
6
CONTINUOUS
10
76.704111999999995
20
-91.0953209999999984
11
76.7163099999999929
21
-91.0986429999999956
0
LINE
8
Edge.Cuts
6
CONTINUOUS
10
76.7163099999999929
20
-91.0986429999999956
11
76.7284999999999968
21
-91.1020460000000014
0
LINE
8
Edge.Cuts
6
CONTINUOUS
10
76.7284999999999968
20
-91.1020460000000014
11
76.7406819999999925
21
-91.1055300000000017
0
LINE
8
Edge.Cuts
6
CONTINUOUS
10
76.7406819999999925
20
-91.1055300000000017
11
76.7528549999999967
21
-91.1090949999999964
0
LINE
8
Edge.Cuts
6
CONTINUOUS
10
76.7528549999999967
20
-91.1090949999999964
11
76.7650199999999927
21
-91.1127400000000023
0
LINE
8
Edge.Cuts
6
CONTINUOUS
10
76.7650199999999927
20
-91.1127400000000023
11
76.7771759999999972
21
-91.1164670000000001
0
LINE
8
Edge.Cuts
6
CONTINUOUS
10
76.7771759999999972
20
-91.1164670000000001
11
76.7893239999999935
21
-91.1202739999999949
0
LINE
8
Edge.Cuts
6
CONTINUOUS
10
76.7893239999999935
20
-91.1202739999999949
11
76.8014620000000008
21
-91.1241619999999983
0
LINE
8
Edge.Cuts
6
CONTINUOUS
10
76.8014620000000008
20
-91.1241619999999983
11
76.8135910000000024
21
-91.1281309999999962
0
LINE
8
Edge.Cuts
6
CONTINUOUS
10
76.8135910000000024
20
-91.1281309999999962
11
76.8257109999999983
21
-91.1321810000000028
0
LINE
8
Edge.Cuts
6
CONTINUOUS
10
76.8257109999999983
20
-91.1321810000000028
11
76.8378220000000027
21
-91.1363130000000012
0
LINE
8
Edge.Cuts
6
CONTINUOUS
10
76.8378220000000027
20
-91.1363130000000012
11
76.8499229999999898
21
-91.1405249999999967
0
LINE
8
Edge.Cuts
6
CONTINUOUS
10
76.8499229999999898
20
-91.1405249999999967
11
76.8620140000000021
21
-91.1448189999999983
0
LINE
8
Edge.Cuts
6
CONTINUOUS
10
76.8620140000000021
20
-91.1448189999999983
11
76.8740939999999995
21
-91.1491939999999943
0
LINE
8
Edge.Cuts
6
CONTINUOUS
10
76.8740939999999995
20
-91.1491939999999943
11
76.8861649999999912
21
-91.153649999999999
0
LINE
8
Edge.Cuts
6
CONTINUOUS
10
76.8861649999999912
20
-91.153649999999999
11
76.8982249999999965
21
-91.1581879999999956
0
LINE
8
Edge.Cuts
6
CONTINUOUS
10
76.8982249999999965
20
-91.1581879999999956
11
76.9102749999999986
21
-91.1628070000000008
0
LINE
8
Edge.Cuts
6
CONTINUOUS
10
76.9102749999999986
20
-91.1628070000000008
11
76.9223140000000001
21
-91.167507999999998
0
LINE
8
Edge.Cuts
6
CONTINUOUS
10
76.9223140000000001
20
-91.167507999999998
11
76.9343420000000009
21
-91.1722899999999896
0
LINE
8
Edge.Cuts
6
CONTINUOUS
10
76.9343420000000009
20
-91.1722899999999896
11
76.9463580000000036
21
-91.1771540000000016
0
LINE
8
Edge.Cuts
6
CONTINUOUS
10
76.9463580000000036
20
-91.1771540000000016
11
76.9583629999999914
21
-91.1820989999999938
0
LINE
8
Edge.Cuts
6
CONTINUOUS
10
76.9583629999999914
20
-91.1820989999999938
11
76.9703569999999928
21
-91.1871259999999921
0
LINE
8
Edge.Cuts
6
CONTINUOUS
10
76.9703569999999928
20
-91.1871259999999921
11
76.9823379999999986
21
-91.1922349999999966
0
LINE
8
Edge.Cuts
6
CONTINUOUS
10
76.9823379999999986
20
-91.1922349999999966
11
76.9943079999999895
21
-91.1974249999999955
0
LINE
8
Edge.Cuts
6
CONTINUOUS
10
76.9943079999999895
20
-91.1974249999999955
11
77.0062649999999991
21
-91.202697999999998
0
LINE
8
Edge.Cuts
6
CONTINUOUS
10
77.0062649999999991
20
-91.202697999999998
11
77.0182089999999988
21
-91.208051999999995
0
LINE
8
Edge.Cuts
6
CONTINUOUS
10
77.0182089999999988
20
-91.208051999999995
11
77.0301410000000004
21
-91.2134879999999981
0
LINE
8
Edge.Cuts
6
CONTINUOUS
10
77.0301410000000004
20
-91.2134879999999981
11
77.0420589999999947
21
-91.2190049999999957
0
LINE
8
Edge.Cuts
6
CONTINUOUS
10
77.0420589999999947
20
-91.2190049999999957
11
77.0539639999999935
21
-91.2246049999999968
0
LINE
8
Edge.Cuts
6
CONTINUOUS
10
77.0539639999999935
20
-91.2246049999999968
11
77.0658559999999966
21
-91.2302869999999899
0
LINE
8
Edge.Cuts
6
CONTINUOUS
10
77.0658559999999966
20
-91.2302869999999899
11
77.0777329999999949
21
-91.2360509999999891
0
LINE
8
Edge.Cuts
6
CONTINUOUS
10
77.0777329999999949
20
-91.2360509999999891
11
77.0895969999999977
21
-91.241895999999997
0
LINE
8
Edge.Cuts
6
CONTINUOUS
10
77.0895969999999977
20
-91.241895999999997
11
77.1014459999999957
21
-91.2478239999999943
0
LINE
8
Edge.Cuts
6
CONTINUOUS
10
77.1014459999999957
20
-91.2478239999999943
11
77.1132810000000006
21
-91.2538339999999977
0
LINE
8
Edge.Cuts
6
CONTINUOUS
10
77.1132810000000006
20
-91.2538339999999977
11
77.1251000000000033
21
-91.259925999999993
0
LINE
8
Edge.Cuts
6
CONTINUOUS
10
77.1251000000000033
20
-91.259925999999993
11
77.1369040000000012
21
-91.2660999999999945
0
LINE
8
Edge.Cuts
6
CONTINUOUS
10
77.1369040000000012
20
-91.2660999999999945
11
77.1486929999999944
21
-91.272356000000002
0
LINE
8
Edge.Cuts
6
CONTINUOUS
10
77.1486929999999944
20
-91.272356000000002
11
77.1604659999999996
21
-91.2786940000000016
0
LINE
8
Edge.Cuts
6
CONTINUOUS
10
77.1604659999999996
20
-91.2786940000000016
11
77.1722219999999908
21
-91.285113999999993
0
LINE
8
Edge.Cuts
6
CONTINUOUS
10
77.1722219999999908
20
-91.285113999999993
11
77.1839629999999914
21
-91.2916170000000022
0
LINE
8
Edge.Cuts
6
CONTINUOUS
10
77.1839629999999914
20
-91.2916170000000022
11
77.1956859999999949
21
-91.2982009999999917
0
LINE
8
Edge.Cuts
6
CONTINUOUS
10
77.1956859999999949
20
-91.2982009999999917
11
77.2073929999999962
21
-91.304867999999999
0
LINE
8
Edge.Cuts
6
CONTINUOUS
10
77.2073929999999962
20
-91.304867999999999
11
77.2190820000000002
21
-91.3116169999999983
0
LINE
8
Edge.Cuts
6
CONTINUOUS
10
77.2190820000000002
20
-91.3116169999999983
11
77.2268550000000005
21
-91.3161559999999923
0
ARC
8
Edge.Cuts
10
136.7048999999999808
20
-96.25
40
1.6000045309342095
50
0.00000000
51
76.22520629
0
LINE
8
Edge.Cuts
6
CONTINUOUS
10
138.3049179999999865
20
-99.0499999999999972
11
138.3049179999999865
21
-96.25
0
LINE
8
Edge.Cuts
6
CONTINUOUS
10
77.2268550000000005
20
-91.3161559999999923
11
77.2385289999999998
21
-91.323049999999995
0
LINE
8
Edge.Cuts
6
CONTINUOUS
10
77.2385289999999998
20
-91.323049999999995
11
77.2501819999999952
21
-91.330024999999992
0
LINE
8
Edge.Cuts
6
CONTINUOUS
10
77.2501819999999952
20
-91.330024999999992
11
77.2618159999999961
21
-91.3370809999999977
0
LINE
8
Edge.Cuts
6
CONTINUOUS
10
77.2618159999999961
20
-91.3370809999999977
11
77.273428999999993
21
-91.3442179999999979
0
LINE
8
Edge.Cuts
6
CONTINUOUS
10
77.273428999999993
20
-91.3442179999999979
11
77.2850219999999979
21
-91.35143699999999
0
LINE
8
Edge.Cuts
6
CONTINUOUS
10
77.2850219999999979
20
-91.35143699999999
11
77.2965939999999989
21
-91.3587359999999933
0
LINE
8
Edge.Cuts
6
CONTINUOUS
10
77.2965939999999989
20
-91.3587359999999933
11
77.3081449999999961
21
-91.3661180000000002
0
LINE
8
Edge.Cuts
6
CONTINUOUS
10
77.3081449999999961
20
-91.3661180000000002
11
77.3196760000000012
21
-91.3735799999999898
0
LINE
8
Edge.Cuts
6
CONTINUOUS
10
77.3196760000000012
20
-91.3735799999999898
11
77.3311860000000024
21
-91.3811249999999973
0
LINE
8
Edge.Cuts
6
CONTINUOUS
10
77.3311860000000024
20
-91.3811249999999973
11
77.3426740000000024
21
-91.3887509999999992
0
LINE
8
Edge.Cuts
6
CONTINUOUS
10
77.3426740000000024
20
-91.3887509999999992
11
77.354141999999996
21
-91.396458999999993
0
LINE
8
Edge.Cuts
6
CONTINUOUS
10
77.354141999999996
20
-91.396458999999993
11
77.3655880000000025
21
-91.4042479999999955
0
LINE
8
Edge.Cuts
6
CONTINUOUS
10
77.3655880000000025
20
-91.4042479999999955
11
77.3770119999999935
21
-91.4121200000000016
0
LINE
8
Edge.Cuts
6
CONTINUOUS
10
77.3770119999999935
20
-91.4121200000000016
11
77.3884149999999948
21
-91.4200739999999996
0
LINE
8
Edge.Cuts
6
CONTINUOUS
10
77.3884149999999948
20
-91.4200739999999996
11
77.3997949999999975
21
-91.4281099999999896
0
LINE
8
Edge.Cuts
6
CONTINUOUS
10
77.3997949999999975
20
-91.4281099999999896
11
77.4111539999999962
21
-91.4362279999999998
0
LINE
8
Edge.Cuts
6
CONTINUOUS
10
77.4111539999999962
20
-91.4362279999999998
11
77.4224899999999963
21
-91.444428000000002
0
LINE
8
Edge.Cuts
6
CONTINUOUS
10
77.4224899999999963
20
-91.444428000000002
11
77.433803999999995
21
-91.4527109999999936
0
LINE
8
Edge.Cuts
6
CONTINUOUS
10
77.433803999999995
20
-91.4527109999999936
11
77.4450949999999949
21
-91.4610759999999914
0
LINE
8
Edge.Cuts
6
CONTINUOUS
10
77.4450949999999949
20
-91.4610759999999914
11
77.4563629999999961
21
-91.4695239999999927
0
LINE
8
Edge.Cuts
6
CONTINUOUS
10
77.4563629999999961
20
-91.4695239999999927
11
77.4676079999999985
21
-91.4780540000000002
0
LINE
8
Edge.Cuts
6
CONTINUOUS
10
77.4676079999999985
20
-91.4780540000000002
11
77.4788300000000021
21
-91.4866669999999971
0
LINE
8
Edge.Cuts
6
CONTINUOUS
10
77.4788300000000021
20
-91.4866669999999971
11
77.4900279999999952
21
-91.4953629999999976
0
LINE
8
Edge.Cuts
6
CONTINUOUS
10
77.4900279999999952
20
-91.4953629999999976
11
77.5012019999999922
21
-91.50414099999999
0
LINE
8
Edge.Cuts
6
CONTINUOUS
10
77.5012019999999922
20
-91.50414099999999
11
77.5123529999999903
21
-91.5130020000000002
0
LINE
8
Edge.Cuts
6
CONTINUOUS
10
77.5123529999999903
20
-91.5130020000000002
11
77.5234789999999947
21
-91.5219459999999998
0
LINE
8
Edge.Cuts
6
CONTINUOUS
10
77.5234789999999947
20
-91.5219459999999998
11
77.5345810000000029
21
-91.5309729999999888
0
LINE
8
Edge.Cuts
6
CONTINUOUS
10
77.5345810000000029
20
-91.5309729999999888
11
77.5456580000000031
21
-91.5400819999999982
0
LINE
8
Edge.Cuts
6
CONTINUOUS
10
77.5456580000000031
20
-91.5400819999999982
11
77.5567099999999954
21
-91.5492749999999944
0
LINE
8
Edge.Cuts
6
CONTINUOUS
10
77.5567099999999954
20
-91.5492749999999944
11
77.5677369999999939
21
-91.5585499999999968
0
LINE
8
Edge.Cuts
6
CONTINUOUS
10
77.5677369999999939
20
-91.5585499999999968
11
77.5787380000000013
21
-91.5679090000000002
0
LINE
8
Edge.Cuts
6
CONTINUOUS
10
77.5787380000000013
20
-91.5679090000000002
11
77.5897140000000007
21
-91.5773499999999956
0
LINE
8
Edge.Cuts
6
CONTINUOUS
10
77.5897140000000007
20
-91.5773499999999956
11
77.6006629999999973
21
-91.586874999999992
0
LINE
8
Edge.Cuts
6
CONTINUOUS
10
77.6006629999999973
20
-91.586874999999992
11
77.6115860000000026
21
-91.5964819999999946
0
LINE
8
Edge.Cuts
6
CONTINUOUS
10
77.6115860000000026
20
-91.5964819999999946
11
77.6224830000000026
21
-91.6061729999999983
0
LINE
8
Edge.Cuts
6
CONTINUOUS
10
77.6224830000000026
20
-91.6061729999999983
11
77.6333529999999996
21
-91.6159459999999939
0
LINE
8
Edge.Cuts
6
CONTINUOUS
10
77.6333529999999996
20
-91.6159459999999939
11
77.6441949999999963
21
-91.6258029999999906
0
LINE
8
Edge.Cuts
6
CONTINUOUS
10
77.6441949999999963
20
-91.6258029999999906
11
77.6550099999999901
21
-91.6357419999999934
0
LINE
8
Edge.Cuts
6
CONTINUOUS
10
77.6550099999999901
20
-91.6357419999999934
11
77.6657969999999978
21
-91.6457649999999973
0
LINE
8
Edge.Cuts
6
CONTINUOUS
10
77.6657969999999978
20
-91.6457649999999973
11
77.6765559999999908
21
-91.6558699999999931
0
LINE
8
Edge.Cuts
6
CONTINUOUS
10
77.6765559999999908
20
-91.6558699999999931
11
77.6872869999999978
21
-91.6660579999999925
0
LINE
8
Edge.Cuts
6
CONTINUOUS
10
77.6872869999999978
20
-91.6660579999999925
11
77.6979879999999952
21
-91.6763289999999955
0
LINE
8
Edge.Cuts
6
CONTINUOUS
10
77.6979879999999952
20
-91.6763289999999955
11
77.7086609999999922
21
-91.6866830000000022
0
LINE
8
Edge.Cuts
6
CONTINUOUS
10
77.7086609999999922
20
-91.6866830000000022
11
77.7193039999999939
21
-91.6971199999999982
0
LINE
8
Edge.Cuts
6
CONTINUOUS
10
77.7193039999999939
20
-91.6971199999999982
11
77.7299170000000004
21
-91.7076390000000004
0
LINE
8
Edge.Cuts
6
CONTINUOUS
10
77.7299170000000004
20
-91.7076390000000004
11
77.7404999999999973
21
-91.7182409999999919
0
LINE
8
Edge.Cuts
6
CONTINUOUS
10
77.7404999999999973
20
-91.7182409999999919
11
77.7510529999999989
21
-91.7289260000000013
0
LINE
8
Edge.Cuts
6
CONTINUOUS
10
77.7510529999999989
20
-91.7289260000000013
11
77.7615749999999935
21
-91.7396930000000026
0
LINE
8
Edge.Cuts
6
CONTINUOUS
10
77.7615749999999935
20
-91.7396930000000026
11
77.7720649999999978
21
-91.7505419999999958
0
LINE
8
Edge.Cuts
6
CONTINUOUS
10
77.7720649999999978
20
-91.7505419999999958
11
77.7825239999999951
21
-91.7614729999999952
0
LINE
8
Edge.Cuts
6
CONTINUOUS
10
77.7825239999999951
20
-91.7614729999999952
11
77.7929499999999905
21
-91.7724869999999981
0
LINE
8
Edge.Cuts
6
CONTINUOUS
10
77.7929499999999905
20
-91.7724869999999981
11
77.8033449999999931
21
-91.7835819999999956
0
LINE
8
Edge.Cuts
6
CONTINUOUS
10
77.8033449999999931
20
-91.7835819999999956
11
77.8137059999999963
21
-91.7947599999999966
0
LINE
8
Edge.Cuts
6
CONTINUOUS
10
77.8137059999999963
20
-91.7947599999999966
11
77.8240339999999975
21
-91.806018999999992
0
LINE
8
Edge.Cuts
6
CONTINUOUS
10
77.8240339999999975
20
-91.806018999999992
11
77.8343279999999993
21
-91.8173589999999962
0
LINE
8
Edge.Cuts
6
CONTINUOUS
10
77.8343279999999993
20
-91.8173589999999962
11
77.8445889999999991
21
-91.8287809999999922
0
LINE
8
Edge.Cuts
6
CONTINUOUS
10
77.8445889999999991
20
-91.8287809999999922
11
77.8548150000000021
21
-91.8402839999999969
0
LINE
8
Edge.Cuts
6
CONTINUOUS
10
77.8548150000000021
20
-91.8402839999999969
11
77.8650059999999939
21
-91.8518679999999961
0
LINE
8
Edge.Cuts
6
CONTINUOUS
10
77.8650059999999939
20
-91.8518679999999961
11
77.8751609999999914
21
-91.8635329999999897
0
LINE
8
Edge.Cuts
6
CONTINUOUS
10
77.8751609999999914
20
-91.8635329999999897
11
77.885280999999992
21
-91.8752779999999944
0
LINE
8
Edge.Cuts
6
CONTINUOUS
10
77.885280999999992
20
-91.8752779999999944
11
77.8953649999999982
21
-91.8871039999999937
0
LINE
8
Edge.Cuts
6
CONTINUOUS
10
77.8953649999999982
20
-91.8871039999999937
11
77.9054119999999983
21
-91.8990099999999899
0
LINE
8
Edge.Cuts
6
CONTINUOUS
10
77.9054119999999983
20
-91.8990099999999899
11
77.9154209999999949
21
-91.9109959999999973
0
LINE
8
Edge.Cuts
6
CONTINUOUS
10
77.9154209999999949
20
-91.9109959999999973
11
77.922867999999994
21
-91.9199940000000026
0
LINE
8
Edge.Cuts
6
CONTINUOUS
10
77.922867999999994
20
-91.9199940000000026
11
77.932824999999994
21
-91.9321350000000024
0
LINE
8
Edge.Cuts
6
CONTINUOUS
10
77.932824999999994
20
-91.9321350000000024
11
77.942742999999993
21
-91.9443550000000016
0
LINE
8
Edge.Cuts
6
CONTINUOUS
10
77.942742999999993
20
-91.9443550000000016
11
77.952621999999991
21
-91.9566519999999912
0
LINE
8
Edge.Cuts
6
CONTINUOUS
10
77.952621999999991
20
-91.9566519999999912
11
77.9624609999999905
21
-91.969026999999997
0
LINE
8
Edge.Cuts
6
CONTINUOUS
10
77.9624609999999905
20
-91.969026999999997
11
77.972258999999994
21
-91.9814810000000023
0
LINE
8
Edge.Cuts
6
CONTINUOUS
10
77.972258999999994
20
-91.9814810000000023
11
77.982016999999999
21
-91.9940119999999979
0
LINE
8
Edge.Cuts
6
CONTINUOUS
10
77.982016999999999
20
-91.9940119999999979
11
77.9917349999999914
21
-92.0066209999999955
0
LINE
8
Edge.Cuts
6
CONTINUOUS
10
77.9917349999999914
20
-92.0066209999999955
11
78.0014109999999903
21
-92.0193079999999952
0
LINE
8
Edge.Cuts
6
CONTINUOUS
10
78.0014109999999903
20
-92.0193079999999952
11
78.0110469999999907
21
-92.0320729999999969
0
LINE
8
Edge.Cuts
6
CONTINUOUS
10
78.0110469999999907
20
-92.0320729999999969
11
78.0206409999999977
21
-92.0449160000000006
0
LINE
8
Edge.Cuts
6
CONTINUOUS
10
78.0206409999999977
20
-92.0449160000000006
11
78.030192999999997
21
-92.0578359999999947
0
LINE
8
Edge.Cuts
6
CONTINUOUS
10
78.030192999999997
20
-92.0578359999999947
11
78.0397040000000004
21
-92.0708339999999907
0
LINE
8
Edge.Cuts
6
CONTINUOUS
10
78.0397040000000004
20
-92.0708339999999907
11
78.0491719999999987
21
-92.0839099999999888
0
LINE
8
Edge.Cuts
6
CONTINUOUS
10
78.0491719999999987
20
-92.0839099999999888
11
78.0585980000000035
21
-92.0970629999999915
0
LINE
8
Edge.Cuts
6
CONTINUOUS
10
78.0585980000000035
20
-92.0970629999999915
11
78.0679799999999915
21
-92.1102939999999961
0
LINE
8
Edge.Cuts
6
CONTINUOUS
10
78.0679799999999915
20
-92.1102939999999961
11
78.0773200000000003
21
-92.1236019999999911
0
LINE
8
Edge.Cuts
6
CONTINUOUS
10
78.0773200000000003
20
-92.1236019999999911
11
78.0866159999999923
21
-92.1369869999999906
0
LINE
8
Edge.Cuts
6
CONTINUOUS
10
78.0866159999999923
20
-92.1369869999999906
11
78.0958689999999933
21
-92.1504489999999947
0
LINE
8
Edge.Cuts
6
CONTINUOUS
10
78.0958689999999933
20
-92.1504489999999947
11
78.1050769999999943
21
-92.1639890000000008
0
LINE
8
Edge.Cuts
6
CONTINUOUS
10
78.1050769999999943
20
-92.1639890000000008
11
78.1142409999999927
21
-92.1776049999999998
0
LINE
8
Edge.Cuts
6
CONTINUOUS
10
78.1142409999999927
20
-92.1776049999999998
11
78.1233610000000027
21
-92.1912979999999891
0
LINE
8
Edge.Cuts
6
CONTINUOUS
10
78.1233610000000027
20
-92.1912979999999891
11
78.132435000000001
21
-92.2050669999999997
0
LINE
8
Edge.Cuts
6
CONTINUOUS
10
78.132435000000001
20
-92.2050669999999997
11
78.1414649999999966
21
-92.2189130000000006
0
LINE
8
Edge.Cuts
6
CONTINUOUS
10
78.1414649999999966
20
-92.2189130000000006
11
78.1504479999999973
21
-92.2328359999999918
0
LINE
8
Edge.Cuts
6
CONTINUOUS
10
78.1504479999999973
20
-92.2328359999999918
11
78.1593859999999978
21
-92.2468339999999927
0
LINE
8
Edge.Cuts
6
CONTINUOUS
10
78.1593859999999978
20
-92.2468339999999927
11
78.1682770000000033
21
-92.2609089999999981
0
LINE
8
Edge.Cuts
6
CONTINUOUS
10
78.1682770000000033
20
-92.2609089999999981
11
78.1771219999999971
21
-92.2750589999999988
0
LINE
8
Edge.Cuts
6
CONTINUOUS
10
78.1771219999999971
20
-92.2750589999999988
11
78.1859189999999984
21
-92.2892849999999925
0
LINE
8
Edge.Cuts
6
CONTINUOUS
10
78.1859189999999984
20
-92.2892849999999925
11
78.1946700000000021
21
-92.3035859999999957
0
LINE
8
Edge.Cuts
6
CONTINUOUS
10
78.1946700000000021
20
-92.3035859999999957
11
78.2033720000000017
21
-92.3179629999999918
0
LINE
8
Edge.Cuts
6
CONTINUOUS
10
78.2033720000000017
20
-92.3179629999999918
11
78.212026999999992
21
-92.3324149999999975
0
LINE
8
Edge.Cuts
6
CONTINUOUS
10
78.212026999999992
20
-92.3324149999999975
11
78.2206329999999923
21
-92.3469410000000011
0
LINE
8
Edge.Cuts
6
CONTINUOUS
10
78.2206329999999923
20
-92.3469410000000011
11
78.2291910000000001
21
-92.361542
0
LINE
8
Edge.Cuts
6
CONTINUOUS
10
78.2291910000000001
20
-92.361542
11
78.2376989999999921
21
-92.3762159999999994
0
LINE
8
Edge.Cuts
6
CONTINUOUS
10
78.2376989999999921
20
-92.3762159999999994
11
78.2461579999999941
21
-92.3909649999999942
0
LINE
8
Edge.Cuts
6
CONTINUOUS
10
78.2461579999999941
20
-92.3909649999999942
11
78.2545669999999944
21
-92.4057880000000011
0
LINE
8
Edge.Cuts
6
CONTINUOUS
10
78.2545669999999944
20
-92.4057880000000011
11
78.2629259999999931
21
-92.4206839999999943
0
LINE
8
Edge.Cuts
6
CONTINUOUS
10
78.2629259999999931
20
-92.4206839999999943
11
78.2712339999999926
21
-92.4356530000000021
0
LINE
8
Edge.Cuts
6
CONTINUOUS
10
78.2712339999999926
20
-92.4356530000000021
11
78.2794909999999931
21
-92.4506949999999961
0
LINE
8
Edge.Cuts
6
CONTINUOUS
10
78.2794909999999931
20
-92.4506949999999961
11
78.2876969999999943
21
-92.4658099999999905
0
LINE
8
Edge.Cuts
6
CONTINUOUS
10
78.2876969999999943
20
-92.4658099999999905
11
78.295850999999999
21
-92.4809959999999904
0
LINE
8
Edge.Cuts
6
CONTINUOUS
10
78.295850999999999
20
-92.4809959999999904
11
78.3039529999999928
21
-92.4962549999999908
0
LINE
8
Edge.Cuts
6
CONTINUOUS
10
78.3039529999999928
20
-92.4962549999999908
11
78.3120019999999926
21
-92.5115839999999992
0
LINE
8
Edge.Cuts
6
CONTINUOUS
10
78.3120019999999926
20
-92.5115839999999992
11
78.3199989999999957
21
-92.5269849999999963
0
LINE
8
Edge.Cuts
6
CONTINUOUS
10
78.3199989999999957
20
-92.5269849999999963
11
78.3279419999999931
21
-92.5424569999999989
0
LINE
8
Edge.Cuts
6
CONTINUOUS
10
78.3279419999999931
20
-92.5424569999999989
11
78.3358309999999989
21
-92.5579989999999952
0
LINE
8
Edge.Cuts
6
CONTINUOUS
10
78.3358309999999989
20
-92.5579989999999952
11
78.3436659999999989
21
-92.5736100000000022
0
LINE
8
Edge.Cuts
6
CONTINUOUS
10
78.3436659999999989
20
-92.5736100000000022
11
78.3514469999999932
21
-92.5892920000000004
0
LINE
8
Edge.Cuts
6
CONTINUOUS
10
78.3514469999999932
20
-92.5892920000000004
11
78.3591729999999984
21
-92.6050419999999974
0
LINE
8
Edge.Cuts
6
CONTINUOUS
10
78.3591729999999984
20
-92.6050419999999974
11
78.3668430000000029
21
-92.6208599999999933
0
LINE
8
Edge.Cuts
6
CONTINUOUS
10
78.3668430000000029
20
-92.6208599999999933
11
78.37445799999999
21
-92.6367469999999997
0
LINE
8
Edge.Cuts
6
CONTINUOUS
10
78.37445799999999
20
-92.6367469999999997
11
78.382015999999993
21
-92.6527019999999908
0
LINE
8
Edge.Cuts
6
CONTINUOUS
10
78.382015999999993
20
-92.6527019999999908
11
78.3895169999999979
21
-92.668723
0
LINE
8
Edge.Cuts
6
CONTINUOUS
10
78.3895169999999979
20
-92.668723
11
78.396962000000002
21
-92.6848109999999963
0
LINE
8
Edge.Cuts
6
CONTINUOUS
10
78.396962000000002
20
-92.6848109999999963
11
78.4043489999999963
21
-92.7009649999999965
0
LINE
8
Edge.Cuts
6
CONTINUOUS
10
78.4043489999999963
20
-92.7009649999999965
11
78.4079509999999971
21
-92.708911999999998
0
LINE
8
Edge.Cuts
6
CONTINUOUS
10
79.8659749999999917
20
-93.6499999999999915
11
79.8546630000000022
21
-93.649959999999993
0
LINE
8
Edge.Cuts
6
CONTINUOUS
10
79.8546630000000022
20
-93.649959999999993
11
79.8433519999999959
21
-93.6498399999999975
0
LINE
8
Edge.Cuts
6
CONTINUOUS
10
79.8433519999999959
20
-93.6498399999999975
11
79.8320420000000013
21
-93.6496399999999909
0
LINE
8
Edge.Cuts
6
CONTINUOUS
10
79.8320420000000013
20
-93.6496399999999909
11
79.8207340000000016
21
-93.6493600000000015
0
LINE
8
Edge.Cuts
6
CONTINUOUS
10
79.8207340000000016
20
-93.6493600000000015
11
79.8094279999999969
21
-93.6490000000000009
0
LINE
8
Edge.Cuts
6
CONTINUOUS
10
79.8094279999999969
20
-93.6490000000000009
11
79.7981240000000014
21
-93.6485610000000008
0
LINE
8
Edge.Cuts
6
CONTINUOUS
10
79.7981240000000014
20
-93.6485610000000008
11
79.7868239999999957
21
-93.6480409999999921
0
LINE
8
Edge.Cuts
6
CONTINUOUS
10
79.7868239999999957
20
-93.6480409999999921
11
79.7755279999999942
21
-93.6474410000000006
0
LINE
8
Edge.Cuts
6
CONTINUOUS
10
79.7755279999999942
20
-93.6474410000000006
11
79.7642369999999943
21
-93.6467619999999954
0
LINE
8
Edge.Cuts
6
CONTINUOUS
10
79.7642369999999943
20
-93.6467619999999954
11
79.7529499999999985
21
-93.6460029999999932
0
LINE
8
Edge.Cuts
6
CONTINUOUS
10
79.7529499999999985
20
-93.6460029999999932
11
79.7416690000000017
21
-93.6451639999999941
0
LINE
8
Edge.Cuts
6
CONTINUOUS
10
79.7416690000000017
20
-93.6451639999999941
11
79.7303939999999898
21
-93.644244999999998
0
LINE
8
Edge.Cuts
6
CONTINUOUS
10
79.7303939999999898
20
-93.644244999999998
11
79.7191260000000028
21
-93.6432470000000023
0
LINE
8
Edge.Cuts
6
CONTINUOUS
10
79.7191260000000028
20
-93.6432470000000023
11
79.7078649999999982
21
-93.6421679999999981
0
LINE
8
Edge.Cuts
6
CONTINUOUS
10
79.7078649999999982
20
-93.6421679999999981
11
79.6966109999999901
21
-93.6410109999999918
0
LINE
8
Edge.Cuts
6
CONTINUOUS
10
79.6966109999999901
20
-93.6410109999999918
11
79.6853660000000019
21
-93.639772999999991
0
LINE
8
Edge.Cuts
6
CONTINUOUS
10
79.6853660000000019
20
-93.639772999999991
11
79.674129999999991
21
-93.6384570000000025
0
LINE
8
Edge.Cuts
6
CONTINUOUS
10
79.674129999999991
20
-93.6384570000000025
11
79.6629039999999975
21
-93.6370599999999911
0
LINE
8
Edge.Cuts
6
CONTINUOUS
10
79.6629039999999975
20
-93.6370599999999911
11
79.6516869999999955
21
-93.6355849999999919
0
LINE
8
Edge.Cuts
6
CONTINUOUS
10
79.6516869999999955
20
-93.6355849999999919
11
79.6404809999999941
21
-93.6340299999999957
0
LINE
8
Edge.Cuts
6
CONTINUOUS
10
79.6404809999999941
20
-93.6340299999999957
11
79.6292859999999934
21
-93.632396
0
LINE
8
Edge.Cuts
6
CONTINUOUS
10
79.6292859999999934
20
-93.632396
11
79.6181029999999907
21
-93.6306829999999906
0
LINE
8
Edge.Cuts
6
CONTINUOUS
10
79.6181029999999907
20
-93.6306829999999906
11
79.6069329999999979
21
-93.6288909999999959
0
LINE
8
Edge.Cuts
6
CONTINUOUS
10
79.6069329999999979
20
-93.6288909999999959
11
79.5957750000000033
21
-93.62701899999999
0
LINE
8
Edge.Cuts
6
CONTINUOUS
10
79.5957750000000033
20
-93.62701899999999
11
79.58462999999999
21
-93.6250689999999963
0
LINE
8
Edge.Cuts
6
CONTINUOUS
10
79.58462999999999
20
-93.6250689999999963
11
79.5734999999999957
21
-93.6230399999999889
0
LINE
8
Edge.Cuts
6
CONTINUOUS
10
79.5734999999999957
20
-93.6230399999999889
11
79.5623839999999944
21
-93.6209329999999937
0
LINE
8
Edge.Cuts
6
CONTINUOUS
10
79.5623839999999944
20
-93.6209329999999937
11
79.551282999999998
21
-93.618746999999999
0
LINE
8
Edge.Cuts
6
CONTINUOUS
10
79.551282999999998
20
-93.618746999999999
11
79.5457380000000001
21
-93.6176249999999897
0
LINE
8
Edge.Cuts
6
CONTINUOUS
10
79.5457380000000001
20
-93.6176249999999897
11
79.5401979999999895
21
-93.6164819999999906
0
LINE
8
Edge.Cuts
6
CONTINUOUS
10
79.5401979999999895
20
-93.6164819999999906
11
79.5346609999999998
21
-93.6153209999999945
0
LINE
8
Edge.Cuts
6
CONTINUOUS
10
79.5346609999999998
20
-93.6153209999999945
11
79.5291289999999975
21
-93.6141399999999919
0
LINE
8
Edge.Cuts
6
CONTINUOUS
10
79.5291289999999975
20
-93.6141399999999919
11
79.5236009999999993
21
-93.6129389999999972
0
LINE
8
Edge.Cuts
6
CONTINUOUS
10
79.5236009999999993
20
-93.6129389999999972
11
79.518076999999991
21
-93.6117189999999937
0
LINE
8
Edge.Cuts
6
CONTINUOUS
10
79.518076999999991
20
-93.6117189999999937
11
79.512557000000001
21
-93.610478999999998
0
LINE
8
Edge.Cuts
6
CONTINUOUS
10
79.512557000000001
20
-93.610478999999998
11
79.5070419999999984
21
-93.609218999999996
0
LINE
8
Edge.Cuts
6
CONTINUOUS
10
79.5070419999999984
20
-93.609218999999996
11
79.5015309999999999
21
-93.6079409999999967
0
LINE
8
Edge.Cuts
6
CONTINUOUS
10
79.5015309999999999
20
-93.6079409999999967
11
79.496025000000003
21
-93.6066419999999937
0
LINE
8
Edge.Cuts
6
CONTINUOUS
10
79.496025000000003
20
-93.6066419999999937
11
79.490522999999996
21
-93.6053249999999935
0
LINE
8
Edge.Cuts
6
CONTINUOUS
10
79.490522999999996
20
-93.6053249999999935
11
79.4850259999999906
21
-93.6039869999999894
0
LINE
8
Edge.Cuts
6
CONTINUOUS
10
79.4850259999999906
20
-93.6039869999999894
11
79.479534000000001
21
-93.6026310000000024
0
LINE
8
Edge.Cuts
6
CONTINUOUS
10
79.479534000000001
20
-93.6026310000000024
11
79.4740469999999988
21
-93.6012549999999948
0
LINE
8
Edge.Cuts
6
CONTINUOUS
10
79.4740469999999988
20
-93.6012549999999948
11
79.4685649999999981
21
-93.599858999999995
0
LINE
8
Edge.Cuts
6
CONTINUOUS
10
79.4685649999999981
20
-93.599858999999995
11
79.4630870000000016
21
-93.5984440000000006
0
LINE
8
Edge.Cuts
6
CONTINUOUS
10
79.4630870000000016
20
-93.5984440000000006
11
79.4576149999999899
21
-93.5970099999999974
0
LINE
8
Edge.Cuts
6
CONTINUOUS
10
79.4576149999999899
20
-93.5970099999999974
11
79.4521469999999965
21
-93.5955569999999994
0
LINE
8
Edge.Cuts
6
CONTINUOUS
10
79.4521469999999965
20
-93.5955569999999994
11
79.4466850000000022
21
-93.5940839999999952
0
LINE
8
Edge.Cuts
6
CONTINUOUS
10
79.4466850000000022
20
-93.5940839999999952
11
79.4412279999999953
21
-93.5925919999999962
0
LINE
8
Edge.Cuts
6
CONTINUOUS
10
79.4412279999999953
20
-93.5925919999999962
11
79.4357770000000016
21
-93.5910799999999909
0
LINE
8
Edge.Cuts
6
CONTINUOUS
10
79.4357770000000016
20
-93.5910799999999909
11
79.4303299999999979
21
-93.5895500000000027
0
LINE
8
Edge.Cuts
6
CONTINUOUS
10
79.4303299999999979
20
-93.5895500000000027
11
79.4248899999999907
21
-93.5879999999999939
0
LINE
8
Edge.Cuts
6
CONTINUOUS
10
79.4248899999999907
20
-93.5879999999999939
11
79.4194540000000018
21
-93.5864309999999904
0
LINE
8
Edge.Cuts
6
CONTINUOUS
10
79.4194540000000018
20
-93.5864309999999904
11
79.4140249999999952
21
-93.5848419999999948
0
LINE
8
Edge.Cuts
6
CONTINUOUS
10
79.4140249999999952
20
-93.5848419999999948
11
79.4086009999999902
21
-93.5832350000000019
0
LINE
8
Edge.Cuts
6
CONTINUOUS
10
79.4086009999999902
20
-93.5832350000000019
11
79.403182000000001
21
-93.5816080000000028
0
LINE
8
Edge.Cuts
6
CONTINUOUS
10
79.403182000000001
20
-93.5816080000000028
11
79.3977699999999942
21
-93.5799619999999948
0
LINE
8
Edge.Cuts
6
CONTINUOUS
10
79.3977699999999942
20
-93.5799619999999948
11
79.3923630000000031
21
-93.5782969999999921
0
LINE
8
Edge.Cuts
6
CONTINUOUS
10
79.3923630000000031
20
-93.5782969999999921
11
79.3869619999999969
21
-93.5766129999999947
0
LINE
8
Edge.Cuts
6
CONTINUOUS
10
79.3869619999999969
20
-93.5766129999999947
11
79.3815680000000015
21
-93.5749100000000027
0
LINE
8
Edge.Cuts
6
CONTINUOUS
10
79.3815680000000015
20
-93.5749100000000027
11
79.3761789999999934
21
-93.5731869999999901
0
LINE
8
Edge.Cuts
6
CONTINUOUS
10
79.3761789999999934
20
-93.5731869999999901
11
79.3707959999999986
21
-93.5714459999999946
0
LINE
8
Edge.Cuts
6
CONTINUOUS
10
79.3707959999999986
20
-93.5714459999999946
11
79.3654190000000028
21
-93.5696859999999901
0
LINE
8
Edge.Cuts
6
CONTINUOUS
10
79.3654190000000028
20
-93.5696859999999901
11
79.3600500000000011
21
-93.5679059999999936
0
LINE
8
Edge.Cuts
6
CONTINUOUS
10
79.3600500000000011
20
-93.5679059999999936
11
79.3546850000000035
21
-93.5661079999999998
0
LINE
8
Edge.Cuts
6
CONTINUOUS
10
79.3546850000000035
20
-93.5661079999999998
11
79.3493279999999999
21
-93.5642909999999972
0
LINE
8
Edge.Cuts
6
CONTINUOUS
10
79.3493279999999999
20
-93.5642909999999972
11
79.3439769999999953
21
-93.5624540000000025
0
LINE
8
Edge.Cuts
6
CONTINUOUS
10
79.3439769999999953
20
-93.5624540000000025
11
79.3386330000000015
21
-93.5605989999999963
0
LINE
8
Edge.Cuts
6
CONTINUOUS
10
79.3386330000000015
20
-93.5605989999999963
11
79.3332939999999951
21
-93.5587249999999955
0
LINE
8
Edge.Cuts
6
CONTINUOUS
10
79.3332939999999951
20
-93.5587249999999955
11
79.3279629999999969
21
-93.556832
0
LINE
8
Edge.Cuts
6
CONTINUOUS
10
79.3279629999999969
20
-93.556832
11
79.3226379999999978
21
-93.5549199999999956
0
LINE
8
Edge.Cuts
6
CONTINUOUS
10
79.3226379999999978
20
-93.5549199999999956
11
79.3173209999999926
21
-93.5529899999999941
0
LINE
8
Edge.Cuts
6
CONTINUOUS
10
79.3173209999999926
20
-93.5529899999999941
11
79.3120090000000033
21
-93.5510400000000004
0
LINE
8
Edge.Cuts
6
CONTINUOUS
10
79.3120090000000033
20
-93.5510400000000004
11
79.3067059999999913
21
-93.5490719999999953
0
LINE
8
Edge.Cuts
6
CONTINUOUS
10
79.3067059999999913
20
-93.5490719999999953
11
79.301407999999995
21
-93.5470849999999956
0
LINE
8
Edge.Cuts
6
CONTINUOUS
10
79.301407999999995
20
-93.5470849999999956
11
79.2961189999999903
21
-93.5450799999999987
0
LINE
8
Edge.Cuts
6
CONTINUOUS
10
79.2961189999999903
20
-93.5450799999999987
11
79.2908350000000013
21
-93.5430549999999954
0
LINE
8
Edge.Cuts
6
CONTINUOUS
10
79.2908350000000013
20
-93.5430549999999954
11
79.2855599999999896
21
-93.5410129999999924
0
LINE
8
Edge.Cuts
6
CONTINUOUS
10
79.2855599999999896
20
-93.5410129999999924
11
79.2802909999999912
21
-93.5389509999999973
0
LINE
8
Edge.Cuts
6
CONTINUOUS
10
79.2802909999999912
20
-93.5389509999999973
11
79.275030000000001
21
-93.5368709999999908
0
LINE
8
Edge.Cuts
6
CONTINUOUS
10
79.275030000000001
20
-93.5368709999999908
11
79.2697759999999931
21
-93.5347719999999896
0
LINE
8
Edge.Cuts
6
CONTINUOUS
10
79.2697759999999931
20
-93.5347719999999896
11
79.2645299999999935
21
-93.5326539999999937
0
LINE
8
Edge.Cuts
6
CONTINUOUS
10
79.2645299999999935
20
-93.5326539999999937
11
79.2592899999999929
21
-93.5305180000000007
0
LINE
8
Edge.Cuts
6
CONTINUOUS
10
79.2592899999999929
20
-93.5305180000000007
11
79.2585339999999974
21
-93.5302080000000018
0
LINE
8
Edge.Cuts
6
CONTINUOUS
10
89.904917999999995
20
-94.1499999999999915
11
89.904917999999995
21
-94.2103919999999988
0
LINE
8
Edge.Cuts
6
CONTINUOUS
10
78.742052000000001
20
-93.188769999999991
11
78.7340289999999925
21
-93.1807960000000008
0
LINE
8
Edge.Cuts
6
CONTINUOUS
10
78.7340289999999925
20
-93.1807960000000008
11
78.7260629999999964
21
-93.1727649999999983
0
LINE
8
Edge.Cuts
6
CONTINUOUS
10
78.7260629999999964
20
-93.1727649999999983
11
78.7181539999999984
21
-93.164677999999995
0
LINE
8
Edge.Cuts
6
CONTINUOUS
10
78.7181539999999984
20
-93.164677999999995
11
78.7103019999999987
21
-93.156534999999991
0
LINE
8
Edge.Cuts
6
CONTINUOUS
10
78.7103019999999987
20
-93.156534999999991
11
78.7025069999999971
21
-93.1483369999999979
0
LINE
8
Edge.Cuts
6
CONTINUOUS
10
78.7025069999999971
20
-93.1483369999999979
11
78.6947710000000029
21
-93.14008299999999
0
LINE
8
Edge.Cuts
6
CONTINUOUS
10
78.6947710000000029
20
-93.14008299999999
11
78.6870940000000019
21
-93.1317760000000021
0
LINE
8
Edge.Cuts
6
CONTINUOUS
10
78.6870940000000019
20
-93.1317760000000021
11
78.6794749999999965
21
-93.1234139999999968
0
LINE
8
Edge.Cuts
6
CONTINUOUS
10
78.6794749999999965
20
-93.1234139999999968
11
78.671915999999996
21
-93.1149989999999974
0
LINE
8
Edge.Cuts
6
CONTINUOUS
10
78.671915999999996
20
-93.1149989999999974
11
78.6644160000000028
21
-93.1065299999999922
0
LINE
8
Edge.Cuts
6
CONTINUOUS
10
78.6644160000000028
20
-93.1065299999999922
11
78.6569760000000002
21
-93.098007999999993
0
LINE
8
Edge.Cuts
6
CONTINUOUS
10
78.6569760000000002
20
-93.098007999999993
11
78.6495960000000025
21
-93.0894339999999971
0
LINE
8
Edge.Cuts
6
CONTINUOUS
10
78.6495960000000025
20
-93.0894339999999971
11
78.6422779999999904
21
-93.0808079999999904
0
LINE
8
Edge.Cuts
6
CONTINUOUS
10
78.6422779999999904
20
-93.0808079999999904
11
78.6350199999999973
21
-93.0721300000000014
0
LINE
8
Edge.Cuts
6
CONTINUOUS
10
78.6350199999999973
20
-93.0721300000000014
11
78.6278239999999897
21
-93.0634009999999989
0
LINE
8
Edge.Cuts
6
CONTINUOUS
10
78.6278239999999897
20
-93.0634009999999989
11
78.6206899999999962
21
-93.0546209999999974
0
LINE
8
Edge.Cuts
6
CONTINUOUS
10
78.6206899999999962
20
-93.0546209999999974
11
78.6136169999999908
21
-93.0457909999999941
0
LINE
8
Edge.Cuts
6
CONTINUOUS
10
78.6136169999999908
20
-93.0457909999999941
11
78.6066079999999943
21
-93.0369109999999893
0
LINE
8
Edge.Cuts
6
CONTINUOUS
10
78.6066079999999943
20
-93.0369109999999893
11
78.5996609999999976
21
-93.0279819999999944
0
LINE
8
Edge.Cuts
6
CONTINUOUS
10
78.5996609999999976
20
-93.0279819999999944
11
78.5927779999999956
21
-93.0190029999999979
0
LINE
8
Edge.Cuts
6
CONTINUOUS
10
78.5927779999999956
20
-93.0190029999999979
11
78.5859579999999909
21
-93.0099769999999921
0
LINE
8
Edge.Cuts
6
CONTINUOUS
10
78.5859579999999909
20
-93.0099769999999921
11
78.5792019999999951
21
-93.0009019999999964
0
LINE
8
Edge.Cuts
6
CONTINUOUS
10
78.5792019999999951
20
-93.0009019999999964
11
78.5725099999999941
21
-92.991778999999994
0
LINE
8
Edge.Cuts
6
CONTINUOUS
10
78.5725099999999941
20
-92.991778999999994
11
78.5658829999999995
21
-92.9826089999999965
0
LINE
8
Edge.Cuts
6
CONTINUOUS
10
78.5658829999999995
20
-92.9826089999999965
11
78.5593209999999971
21
-92.9733930000000015
0
LINE
8
Edge.Cuts
6
CONTINUOUS
10
78.5593209999999971
20
-92.9733930000000015
11
78.5528240000000011
21
-92.9641299999999973
0
LINE
8
Edge.Cuts
6
CONTINUOUS
10
78.5528240000000011
20
-92.9641299999999973
11
78.5496009999999956
21
-92.9594819999999942
0
LINE
8
Edge.Cuts
6
CONTINUOUS
10
78.5496009999999956
20
-92.9594819999999942
11
78.5463929999999948
21
-92.954821999999993
0
LINE
8
Edge.Cuts
6
CONTINUOUS
10
78.5463929999999948
20
-92.954821999999993
11
78.5432019999999937
21
-92.9501509999999911
0
LINE
8
Edge.Cuts
6
CONTINUOUS
10
78.5432019999999937
20
-92.9501509999999911
11
78.5400279999999924
21
-92.9454679999999911
0
LINE
8
Edge.Cuts
6
CONTINUOUS
10
78.5400279999999924
20
-92.9454679999999911
11
78.5368699999999933
21
-92.9407750000000021
0
LINE
8
Edge.Cuts
6
CONTINUOUS
10
78.5368699999999933
20
-92.9407750000000021
11
78.5337289999999939
21
-92.9360700000000008
0
LINE
8
Edge.Cuts
6
CONTINUOUS
10
78.5337289999999939
20
-92.9360700000000008
11
78.5306049999999942
21
-92.9313539999999989
0
LINE
8
Edge.Cuts
6
CONTINUOUS
10
78.5306049999999942
20
-92.9313539999999989
11
78.5274969999999968
21
-92.9266269999999963
0
LINE
8
Edge.Cuts
6
CONTINUOUS
10
78.5274969999999968
20
-92.9266269999999963
11
78.524405999999999
21
-92.9218889999999931
0
LINE
8
Edge.Cuts
6
CONTINUOUS
10
78.524405999999999
20
-92.9218889999999931
11
78.5213310000000035
21
-92.9171399999999892
0
LINE
8
Edge.Cuts
6
CONTINUOUS
10
78.5213310000000035
20
-92.9171399999999892
11
78.518273999999991
21
-92.9123799999999989
0
LINE
8
Edge.Cuts
6
CONTINUOUS
10
78.518273999999991
20
-92.9123799999999989
11
78.5152329999999949
21
-92.9076099999999911
0
LINE
8
Edge.Cuts
6
CONTINUOUS
10
78.5152329999999949
20
-92.9076099999999911
11
78.5122089999999986
21
-92.902828999999997
0
LINE
8
Edge.Cuts
6
CONTINUOUS
10
78.5122089999999986
20
-92.902828999999997
11
78.5092020000000019
21
-92.8980370000000022
0
LINE
8
Edge.Cuts
6
CONTINUOUS
10
78.5092020000000019
20
-92.8980370000000022
11
78.5062119999999908
21
-92.8932339999999925
0
LINE
8
Edge.Cuts
6
CONTINUOUS
10
78.5062119999999908
20
-92.8932339999999925
11
78.5032389999999936
21
-92.8884209999999939
0
LINE
8
Edge.Cuts
6
CONTINUOUS
10
78.5032389999999936
20
-92.8884209999999939
11
78.5002839999999935
21
-92.8835979999999921
0
LINE
8
Edge.Cuts
6
CONTINUOUS
10
78.5002839999999935
20
-92.8835979999999921
11
78.4973449999999957
21
-92.8787639999999897
0
LINE
8
Edge.Cuts
6
CONTINUOUS
10
78.4973449999999957
20
-92.8787639999999897
11
78.4944229999999976
21
-92.8739199999999983
0
LINE
8
Edge.Cuts
6
CONTINUOUS
10
78.4944229999999976
20
-92.8739199999999983
11
78.4915179999999992
21
-92.869064999999992
0
LINE
8
Edge.Cuts
6
CONTINUOUS
10
78.4915179999999992
20
-92.869064999999992
11
78.488630999999998
21
-92.8641999999999967
0
LINE
8
Edge.Cuts
6
CONTINUOUS
10
78.488630999999998
20
-92.8641999999999967
11
78.4857609999999966
21
-92.8593249999999983
0
LINE
8
Edge.Cuts
6
CONTINUOUS
10
78.4857609999999966
20
-92.8593249999999983
11
78.4829079999999948
21
-92.8544399999999968
0
LINE
8
Edge.Cuts
6
CONTINUOUS
10
78.4829079999999948
20
-92.8544399999999968
11
78.4800719999999927
21
-92.849544999999992
0
LINE
8
Edge.Cuts
6
CONTINUOUS
10
78.4800719999999927
20
-92.849544999999992
11
78.4772540000000021
21
-92.8446399999999983
0
LINE
8
Edge.Cuts
6
CONTINUOUS
10
78.4772540000000021
20
-92.8446399999999983
11
78.4744529999999969
21
-92.8397239999999897
0
LINE
8
Edge.Cuts
6
CONTINUOUS
10
78.4744529999999969
20
-92.8397239999999897
11
78.4716689999999915
21
-92.8347989999999896
0
LINE
8
Edge.Cuts
6
CONTINUOUS
10
78.4716689999999915
20
-92.8347989999999896
11
78.4689029999999974
21
-92.8298640000000006
0
LINE
8
Edge.Cuts
6
CONTINUOUS
10
78.4689029999999974
20
-92.8298640000000006
11
78.4661540000000031
21
-92.8249199999999917
0
LINE
8
Edge.Cuts
6
CONTINUOUS
10
78.4661540000000031
20
-92.8249199999999917
11
78.4634229999999917
21
-92.8199649999999963
0
LINE
8
Edge.Cuts
6
CONTINUOUS
10
78.4634229999999917
20
-92.8199649999999963
11
78.4607089999999943
21
-92.8150019999999927
0
LINE
8
Edge.Cuts
6
CONTINUOUS
10
78.4607089999999943
20
-92.8150019999999927
11
78.458012999999994
21
-92.8100280000000026
0
LINE
8
Edge.Cuts
6
CONTINUOUS
10
78.458012999999994
20
-92.8100280000000026
11
78.4553349999999909
21
-92.8050449999999927
0
LINE
8
Edge.Cuts
6
CONTINUOUS
10
78.4553349999999909
20
-92.8050449999999927
11
78.4526740000000018
21
-92.8000519999999938
0
LINE
8
Edge.Cuts
6
CONTINUOUS
10
78.4526740000000018
20
-92.8000519999999938
11
78.4500309999999956
21
-92.7950510000000008
0
LINE
8
Edge.Cuts
6
CONTINUOUS
10
78.4500309999999956
20
-92.7950510000000008
11
78.4474050000000034
21
-92.7900389999999931
0
LINE
8
Edge.Cuts
6
CONTINUOUS
10
78.4474050000000034
20
-92.7900389999999931
11
78.4447969999999941
21
-92.7850189999999913
0
LINE
8
Edge.Cuts
6
CONTINUOUS
10
78.4447969999999941
20
-92.7850189999999913
11
78.4422069999999962
21
-92.7799890000000005
0
LINE
8
Edge.Cuts
6
CONTINUOUS
10
78.4422069999999962
20
-92.7799890000000005
11
78.4396349999999956
21
-92.7749510000000015
0
LINE
8
Edge.Cuts
6
CONTINUOUS
10
78.4396349999999956
20
-92.7749510000000015
11
78.4370799999999946
21
-92.7699029999999993
0
LINE
8
Edge.Cuts
6
CONTINUOUS
10
78.4370799999999946
20
-92.7699029999999993
11
78.4345440000000025
21
-92.7648459999999915
0
LINE
8
Edge.Cuts
6
CONTINUOUS
10
78.4345440000000025
20
-92.7648459999999915
11
78.4320249999999959
21
-92.7597799999999921
0
LINE
8
Edge.Cuts
6
CONTINUOUS
10
78.4320249999999959
20
-92.7597799999999921
11
78.4295249999999982
21
-92.7547050000000013
0
LINE
8
Edge.Cuts
6
CONTINUOUS
10
78.4295249999999982
20
-92.7547050000000013
11
78.4270420000000001
21
-92.7496209999999905
0
LINE
8
Edge.Cuts
6
CONTINUOUS
10
78.4270420000000001
20
-92.7496209999999905
11
78.4245769999999993
21
-92.744529
0
LINE
8
Edge.Cuts
6
CONTINUOUS
10
78.4245769999999993
20
-92.744529
11
78.4221299999999957
21
-92.7394279999999895
0
LINE
8
Edge.Cuts
6
CONTINUOUS
10
78.4221299999999957
20
-92.7394279999999895
11
78.4197020000000009
21
-92.7343189999999993
0
LINE
8
Edge.Cuts
6
CONTINUOUS
10
78.4197020000000009
20
-92.7343189999999993
11
78.4172909999999916
21
-92.7291999999999916
0
LINE
8
Edge.Cuts
6
CONTINUOUS
10
78.4172909999999916
20
-92.7291999999999916
11
78.4148979999999938
21
-92.7240740000000017
0
LINE
8
Edge.Cuts
6
CONTINUOUS
10
78.4148979999999938
20
-92.7240740000000017
11
78.4125239999999906
21
-92.7189379999999943
0
LINE
8
Edge.Cuts
6
CONTINUOUS
10
78.4125239999999906
20
-92.7189379999999943
11
78.4079509999999971
21
-92.708911999999998
0
LINE
8
Edge.Cuts
6
CONTINUOUS
10
79.8659749999999917
20
-93.6499999999999915
11
89.404917999999995
21
-93.6499999999999915
0
ARC
8
Edge.Cuts
10
1.5999999999999999
20
-92.0499999999999972
40
1.5999999999999999
50
-180.00000000
51
-90.00000000
0
ARC
8
Edge.Cuts
10
136.7048999999999808
20
-99.0499999999999972
40
1.6000179999999999
50
-89.99935542
51
-0.00000000
0
LINE
8
Edge.Cuts
6
CONTINUOUS
10
136.7049179999999922
20
-94.2103919999999988
11
136.7049179999999922
21
-94.1499999999999915
0
ARC
8
Edge.Cuts
10
137.2048999999999808
20
-94.1499999999999915
40
0.499982
50
89.99793735
51
180.00000000
0
LINE
8
Edge.Cuts
6
CONTINUOUS
10
149.0450819999999794
20
-100.6499999999999915
11
195.8450819999999908
21
-100.6499999999999915
0
LINE
8
Edge.Cuts
6
CONTINUOUS
10
137.2049179999999922
20
-93.6499999999999915
11
148.5450819999999794
21
-93.6499999999999915
0
ARC
8
Edge.Cuts
10
148.5450999999999908
20
-94.1499999999999915
40
0.500000000324
50
0.00000000
51
90.00206265
0
LINE
8
Edge.Cuts
6
CONTINUOUS
10
149.0450819999999794
20
-94.1499999999999915
11
149.0450819999999794
21
-94.2103919999999988
0
LINE
8
Edge.Cuts
6
CONTINUOUS
10
209.85794199999998
20
-91.0530899999999974
11
209.8702529999999911
21
-91.0551279999999963
0
LINE
8
Edge.Cuts
6
CONTINUOUS
10
209.8702529999999911
20
-91.0551279999999963
11
209.8825589999999863
21
-91.0572469999999896
0
LINE
8
Edge.Cuts
6
CONTINUOUS
10
209.8825589999999863
20
-91.0572469999999896
11
209.8948570000000018
21
-91.0594449999999966
0
LINE
8
Edge.Cuts
6
CONTINUOUS
10
209.8948570000000018
20
-91.0594449999999966
11
209.907149000000004
21
-91.0617230000000006
0
LINE
8
Edge.Cuts
6
CONTINUOUS
10
209.907149000000004
20
-91.0617230000000006
11
209.9194349999999929
21
-91.0640819999999991
0
LINE
8
Edge.Cuts
6
CONTINUOUS
10
209.9194349999999929
20
-91.0640819999999991
11
209.9317139999999995
21
-91.066519999999997
0
LINE
8
Edge.Cuts
6
CONTINUOUS
10
209.9317139999999995
20
-91.066519999999997
11
209.9439859999999953
21
-91.0690389999999894
0
LINE
8
Edge.Cuts
6
CONTINUOUS
10
209.9439859999999953
20
-91.0690389999999894
11
209.9562509999999804
21
-91.071637999999993
0
LINE
8
Edge.Cuts
6
CONTINUOUS
10
209.9562509999999804
20
-91.071637999999993
11
209.9685089999999832
21
-91.0743169999999935
0
LINE
8
Edge.Cuts
6
CONTINUOUS
10
209.9685089999999832
20
-91.0743169999999935
11
209.9807610000000011
21
-91.077075999999991
0
LINE
8
Edge.Cuts
6
CONTINUOUS
10
209.9807610000000011
20
-91.077075999999991
11
209.9930039999999849
21
-91.0799159999999972
0
LINE
8
Edge.Cuts
6
CONTINUOUS
10
209.9930039999999849
20
-91.0799159999999972
11
210.0052409999999838
21
-91.0828360000000004
0
LINE
8
Edge.Cuts
6
CONTINUOUS
10
210.0052409999999838
20
-91.0828360000000004
11
210.017470000000003
21
-91.0858360000000005
0
LINE
8
Edge.Cuts
6
CONTINUOUS
10
210.017470000000003
20
-91.0858360000000005
11
210.029691999999983
21
-91.088916999999995
0
LINE
8
Edge.Cuts
6
CONTINUOUS
10
210.029691999999983
20
-91.088916999999995
11
210.0419059999999831
21
-91.0920789999999982
0
LINE
8
Edge.Cuts
6
CONTINUOUS
10
210.0419059999999831
20
-91.0920789999999982
11
210.0541120000000035
21
-91.0953209999999984
0
LINE
8
Edge.Cuts
6
CONTINUOUS
10
210.0541120000000035
20
-91.0953209999999984
11
210.0663099999999872
21
-91.0986429999999956
0
LINE
8
Edge.Cuts
6
CONTINUOUS
10
210.0663099999999872
20
-91.0986429999999956
11
210.0784999999999911
21
-91.1020460000000014
0
LINE
8
Edge.Cuts
6
CONTINUOUS
10
210.0784999999999911
20
-91.1020460000000014
11
210.0906819999999868
21
-91.1055300000000017
0
LINE
8
Edge.Cuts
6
CONTINUOUS
10
210.0906819999999868
20
-91.1055300000000017
11
210.1028549999999768
21
-91.1090949999999964
0
LINE
8
Edge.Cuts
6
CONTINUOUS
10
210.1028549999999768
20
-91.1090949999999964
11
210.115019999999987
21
-91.1127400000000023
0
LINE
8
Edge.Cuts
6
CONTINUOUS
10
210.115019999999987
20
-91.1127400000000023
11
210.1271759999999915
21
-91.1164670000000001
0
LINE
8
Edge.Cuts
6
CONTINUOUS
10
210.1271759999999915
20
-91.1164670000000001
11
210.1393239999999878
21
-91.1202739999999949
0
LINE
8
Edge.Cuts
6
CONTINUOUS
10
210.1393239999999878
20
-91.1202739999999949
11
210.1514619999999809
21
-91.1241619999999983
0
LINE
8
Edge.Cuts
6
CONTINUOUS
10
210.1514619999999809
20
-91.1241619999999983
11
210.1635909999999967
21
-91.1281309999999962
0
LINE
8
Edge.Cuts
6
CONTINUOUS
10
210.1635909999999967
20
-91.1281309999999962
11
210.1757109999999784
21
-91.1321810000000028
0
LINE
8
Edge.Cuts
6
CONTINUOUS
10
210.1757109999999784
20
-91.1321810000000028
11
210.1878219999999828
21
-91.1363130000000012
0
LINE
8
Edge.Cuts
6
CONTINUOUS
10
210.1878219999999828
20
-91.1363130000000012
11
210.1999229999999841
21
-91.1405249999999967
0
LINE
8
Edge.Cuts
6
CONTINUOUS
10
210.1999229999999841
20
-91.1405249999999967
11
210.2120139999999822
21
-91.1448189999999983
0
LINE
8
Edge.Cuts
6
CONTINUOUS
10
210.2120139999999822
20
-91.1448189999999983
11
210.2240939999999796
21
-91.1491939999999943
0
LINE
8
Edge.Cuts
6
CONTINUOUS
10
210.2240939999999796
20
-91.1491939999999943
11
210.2361649999999997
21
-91.153649999999999
0
LINE
8
Edge.Cuts
6
CONTINUOUS
10
210.2361649999999997
20
-91.153649999999999
11
210.2482249999999908
21
-91.1581879999999956
0
LINE
8
Edge.Cuts
6
CONTINUOUS
10
210.2482249999999908
20
-91.1581879999999956
11
210.2602749999999787
21
-91.1628070000000008
0
LINE
8
Edge.Cuts
6
CONTINUOUS
10
210.2602749999999787
20
-91.1628070000000008
11
210.2723139999999944
21
-91.167507999999998
0
LINE
8
Edge.Cuts
6
CONTINUOUS
10
210.2723139999999944
20
-91.167507999999998
11
210.284341999999981
21
-91.1722899999999896
0
LINE
8
Edge.Cuts
6
CONTINUOUS
10
210.284341999999981
20
-91.1722899999999896
11
210.2963579999999979
21
-91.1771540000000016
0
LINE
8
Edge.Cuts
6
CONTINUOUS
10
210.2963579999999979
20
-91.1771540000000016
11
210.3083629999999857
21
-91.1820989999999938
0
LINE
8
Edge.Cuts
6
CONTINUOUS
10
210.3083629999999857
20
-91.1820989999999938
11
210.3203570000000013
21
-91.1871259999999921
0
LINE
8
Edge.Cuts
6
CONTINUOUS
10
210.3203570000000013
20
-91.1871259999999921
11
210.3323379999999929
21
-91.1922349999999966
0
LINE
8
Edge.Cuts
6
CONTINUOUS
10
210.3323379999999929
20
-91.1922349999999966
11
210.3443079999999838
21
-91.1974249999999955
0
LINE
8
Edge.Cuts
6
CONTINUOUS
10
210.3443079999999838
20
-91.1974249999999955
11
210.3562649999999792
21
-91.202697999999998
0
LINE
8
Edge.Cuts
6
CONTINUOUS
10
210.3562649999999792
20
-91.202697999999998
11
210.3682089999999789
21
-91.208051999999995
0
LINE
8
Edge.Cuts
6
CONTINUOUS
10
210.3682089999999789
20
-91.208051999999995
11
210.3801409999999805
21
-91.2134879999999981
0
LINE
8
Edge.Cuts
6
CONTINUOUS
10
210.3801409999999805
20
-91.2134879999999981
11
210.3920589999999891
21
-91.2190049999999957
0
LINE
8
Edge.Cuts
6
CONTINUOUS
10
210.3920589999999891
20
-91.2190049999999957
11
210.403964000000002
21
-91.2246049999999968
0
LINE
8
Edge.Cuts
6
CONTINUOUS
10
210.403964000000002
20
-91.2246049999999968
11
210.4158559999999909
21
-91.2302869999999899
0
LINE
8
Edge.Cuts
6
CONTINUOUS
10
210.4158559999999909
20
-91.2302869999999899
11
210.4277329999999893
21
-91.2360509999999891
0
LINE
8
Edge.Cuts
6
CONTINUOUS
10
210.4277329999999893
20
-91.2360509999999891
11
210.439596999999992
21
-91.241895999999997
0
LINE
8
Edge.Cuts
6
CONTINUOUS
10
210.439596999999992
20
-91.241895999999997
11
210.4514460000000042
21
-91.2478239999999943
0
LINE
8
Edge.Cuts
6
CONTINUOUS
10
210.4514460000000042
20
-91.2478239999999943
11
210.4632809999999949
21
-91.2538339999999977
0
LINE
8
Edge.Cuts
6
CONTINUOUS
10
210.4632809999999949
20
-91.2538339999999977
11
210.4750999999999976
21
-91.259925999999993
0
LINE
8
Edge.Cuts
6
CONTINUOUS
10
210.4750999999999976
20
-91.259925999999993
11
210.4869039999999814
21
-91.2660999999999945
0
LINE
8
Edge.Cuts
6
CONTINUOUS
10
210.4869039999999814
20
-91.2660999999999945
11
210.4986930000000029
21
-91.272356000000002
0
LINE
8
Edge.Cuts
6
CONTINUOUS
10
210.4986930000000029
20
-91.272356000000002
11
210.5104659999999797
21
-91.2786940000000016
0
LINE
8
Edge.Cuts
6
CONTINUOUS
10
210.5104659999999797
20
-91.2786940000000016
11
210.5222219999999993
21
-91.285113999999993
0
LINE
8
Edge.Cuts
6
CONTINUOUS
10
210.5222219999999993
20
-91.285113999999993
11
210.533963
21
-91.2916170000000022
0
LINE
8
Edge.Cuts
6
CONTINUOUS
10
210.533963
20
-91.2916170000000022
11
210.5456859999999892
21
-91.2982009999999917
0
LINE
8
Edge.Cuts
6
CONTINUOUS
10
210.5456859999999892
20
-91.2982009999999917
11
210.5573929999999905
21
-91.304867999999999
0
LINE
8
Edge.Cuts
6
CONTINUOUS
10
210.5573929999999905
20
-91.304867999999999
11
210.5690819999999803
21
-91.3116169999999983
0
LINE
8
Edge.Cuts
6
CONTINUOUS
10
210.5690819999999803
20
-91.3116169999999983
11
210.5768549999999948
21
-91.3161559999999923
0
ARC
8
Edge.Cuts
10
148.5450999999999908
20
-94.2103999999999928
40
0.4999820000640023
50
-76.22770957
51
0.00091677
0
ARC
8
Edge.Cuts
10
62.9950999999999937
20
2.1000000000000001
40
0.500000000324
50
-180.00000000
51
-90.00206265
0
ARC
8
Edge.Cuts
10
149.0450999999999908
20
-96.25
40
1.6000179999999999
50
103.77479371
51
180.00000000
0
LINE
8
Edge.Cuts
6
CONTINUOUS
10
195.8450819999999908
20
2.1000000000000001
11
195.8450819999999908
21
2.1603919999999999
0
LINE
8
Edge.Cuts
6
CONTINUOUS
10
147.4450819999999851
20
-96.25
11
147.4450819999999851
21
-99.0499999999999972
0
ARC
8
Edge.Cuts
10
149.0450999999999908
20
-99.0499999999999972
40
1.6000000001012498
50
-180.00000000
51
-90.00064458
0
ARC
8
Edge.Cuts
10
195.8451000000000022
20
-99.0499999999999972
40
1.599982
50
-90.00064458
51
-0.00000000
0
LINE
8
Edge.Cuts
6
CONTINUOUS
10
197.4450819999999851
20
-99.0499999999999972
11
197.4450819999999851
21
-96.25
0
ARC
8
Edge.Cuts
10
223.2548999999999921
20
-96.25
40
1.599982
50
103.77350685
51
180.00000000
0
ARC
8
Edge.Cuts
10
195.8451000000000022
20
-96.25
40
1.5999957214083418
50
0.00000000
51
76.22649315
0
ARC
8
Edge.Cuts
10
196.3451000000000022
20
-94.2103999999999928
40
0.4999966981140975
50
-180.00091670
51
-103.77640845
0
LINE
8
Edge.Cuts
6
CONTINUOUS
10
195.8450819999999908
20
-94.2103919999999988
11
195.8450819999999908
21
-94.1499999999999915
0
ARC
8
Edge.Cuts
10
196.3451000000000022
20
-94.1499999999999915
40
0.500018
50
90.00206265
51
180.00000000
0
LINE
8
Edge.Cuts
6
CONTINUOUS
10
196.3450819999999908
20
-93.6499999999999915
11
205.8840249999999799
21
-93.6499999999999915
0
LINE
8
Edge.Cuts
6
CONTINUOUS
10
207.5654299999999921
20
-92.2871189999999899
11
207.5698419999999942
21
-92.2799779999999998
0
LINE
8
Edge.Cuts
6
CONTINUOUS
10
207.5698419999999942
20
-92.2799779999999998
11
207.5742659999999944
21
-92.2728539999999953
0
LINE
8
Edge.Cuts
6
CONTINUOUS
10
207.5742659999999944
20
-92.2728539999999953
11
207.5787009999999952
21
-92.265751999999992
0
LINE
8
Edge.Cuts
6
CONTINUOUS
10
207.5787009999999952
20
-92.265751999999992
11
207.5831489999999917
21
-92.2586670000000026
0
LINE
8
Edge.Cuts
6
CONTINUOUS
10
207.5831489999999917
20
-92.2586670000000026
11
207.5876059999999939
21
-92.2516030000000029
0
LINE
8
Edge.Cuts
6
CONTINUOUS
10
207.5876059999999939
20
-92.2516030000000029
11
207.5920769999999891
21
-92.2445570000000004
0
LINE
8
Edge.Cuts
6
CONTINUOUS
10
207.5920769999999891
20
-92.2445570000000004
11
207.59655699999999
21
-92.2375329999999991
0
LINE
8
Edge.Cuts
6
CONTINUOUS
10
207.59655699999999
20
-92.2375329999999991
11
207.6010499999999865
21
-92.2305259999999976
0
LINE
8
Edge.Cuts
6
CONTINUOUS
10
207.6010499999999865
20
-92.2305259999999976
11
207.6055529999999862
21
-92.2235399999999998
0
LINE
8
Edge.Cuts
6
CONTINUOUS
10
207.6055529999999862
20
-92.2235399999999998
11
207.6100679999999841
21
-92.2165719999999993
0
LINE
8
Edge.Cuts
6
CONTINUOUS
10
207.6100679999999841
20
-92.2165719999999993
11
207.6145929999999851
21
-92.2096260000000001
0
LINE
8
Edge.Cuts
6
CONTINUOUS
10
207.6145929999999851
20
-92.2096260000000001
11
207.6191309999999817
21
-92.2026970000000006
0
LINE
8
Edge.Cuts
6
CONTINUOUS
10
207.6191309999999817
20
-92.2026970000000006
11
207.623677999999984
21
-92.1957900000000024
0
LINE
8
Edge.Cuts
6
CONTINUOUS
10
207.623677999999984
20
-92.1957900000000024
11
207.6282379999999819
21
-92.1888999999999896
0
LINE
8
Edge.Cuts
6
CONTINUOUS
10
207.6282379999999819
20
-92.1888999999999896
11
207.6328079999999829
21
-92.1820319999999924
0
LINE
8
Edge.Cuts
6
CONTINUOUS
10
207.6328079999999829
20
-92.1820319999999924
11
207.6373889999999847
21
-92.1751819999999924
0
LINE
8
Edge.Cuts
6
CONTINUOUS
10
207.6373889999999847
20
-92.1751819999999924
11
207.6419799999999896
21
-92.1683539999999937
0
LINE
8
Edge.Cuts
6
CONTINUOUS
10
207.6419799999999896
20
-92.1683539999999937
11
207.6465839999999901
21
-92.1615429999999947
0
LINE
8
Edge.Cuts
6
CONTINUOUS
10
207.6465839999999901
20
-92.1615429999999947
11
207.6511969999999963
21
-92.1547529999999995
0
LINE
8
Edge.Cuts
6
CONTINUOUS
10
207.6511969999999963
20
-92.1547529999999995
11
207.6558220000000006
21
-92.1479819999999989
0
LINE
8
Edge.Cuts
6
CONTINUOUS
10
207.6558220000000006
20
-92.1479819999999989
11
207.6604559999999822
21
-92.1412320000000022
0
LINE
8
Edge.Cuts
6
CONTINUOUS
10
207.6604559999999822
20
-92.1412320000000022
11
207.6651029999999878
21
-92.1345000000000027
0
LINE
8
Edge.Cuts
6
CONTINUOUS
10
207.6651029999999878
20
-92.1345000000000027
11
207.6697580000000016
21
-92.1277899999999903
0
LINE
8
Edge.Cuts
6
CONTINUOUS
10
207.6697580000000016
20
-92.1277899999999903
11
207.6744259999999827
21
-92.1210979999999893
0
LINE
8
Edge.Cuts
6
CONTINUOUS
10
207.6744259999999827
20
-92.1210979999999893
11
207.6791029999999978
21
-92.1144269999999921
0
LINE
8
Edge.Cuts
6
CONTINUOUS
10
207.6791029999999978
20
-92.1144269999999921
11
207.6837919999999826
21
-92.107773999999992
0
LINE
8
Edge.Cuts
6
CONTINUOUS
10
207.6837919999999826
20
-92.107773999999992
11
207.6884900000000016
21
-92.1011439999999908
0
LINE
8
Edge.Cuts
6
CONTINUOUS
10
207.6884900000000016
20
-92.1011439999999908
11
207.6931989999999928
21
-92.0945309999999893
0
LINE
8
Edge.Cuts
6
CONTINUOUS
10
207.6931989999999928
20
-92.0945309999999893
11
207.6979179999999872
21
-92.087939999999989
0
LINE
8
Edge.Cuts
6
CONTINUOUS
10
207.6979179999999872
20
-92.087939999999989
11
207.7026489999999797
21
-92.0813660000000027
0
LINE
8
Edge.Cuts
6
CONTINUOUS
10
207.7026489999999797
20
-92.0813660000000027
11
207.7073879999999804
21
-92.074815000000001
0
LINE
8
Edge.Cuts
6
CONTINUOUS
10
207.7073879999999804
20
-92.074815000000001
11
207.7121389999999792
21
-92.0682819999999964
0
LINE
8
Edge.Cuts
6
CONTINUOUS
10
207.7121389999999792
20
-92.0682819999999964
11
207.7168989999999837
21
-92.0617699999999957
0
LINE
8
Edge.Cuts
6
CONTINUOUS
10
207.7168989999999837
20
-92.0617699999999957
11
207.7216699999999889
21
-92.0552769999999896
0
LINE
8
Edge.Cuts
6
CONTINUOUS
10
207.7216699999999889
20
-92.0552769999999896
11
207.7264499999999998
21
-92.048805999999999
0
LINE
8
Edge.Cuts
6
CONTINUOUS
10
207.7264499999999998
20
-92.048805999999999
11
207.7312419999999804
21
-92.042351999999994
0
LINE
8
Edge.Cuts
6
CONTINUOUS
10
207.7312419999999804
20
-92.042351999999994
11
207.7360419999999976
21
-92.0359210000000019
0
LINE
8
Edge.Cuts
6
CONTINUOUS
10
207.7360419999999976
20
-92.0359210000000019
11
207.7408539999999846
21
-92.0295069999999953
0
LINE
8
Edge.Cuts
6
CONTINUOUS
10
207.7408539999999846
20
-92.0295069999999953
11
207.7456739999999797
21
-92.0231160000000017
0
LINE
8
Edge.Cuts
6
CONTINUOUS
10
207.7456739999999797
20
-92.0231160000000017
11
207.7505060000000014
21
-92.0167419999999936
0
LINE
8
Edge.Cuts
6
CONTINUOUS
10
207.7505060000000014
20
-92.0167419999999936
11
207.755346000000003
21
-92.0103909999999985
0
LINE
8
Edge.Cuts
6
CONTINUOUS
10
207.755346000000003
20
-92.0103909999999985
11
207.7601980000000026
21
-92.0040580000000006
0
LINE
8
Edge.Cuts
6
CONTINUOUS
10
207.7601980000000026
20
-92.0040580000000006
11
207.7650569999999846
21
-91.9977469999999897
0
LINE
8
Edge.Cuts
6
CONTINUOUS
10
207.7650569999999846
20
-91.9977469999999897
11
207.7699279999999931
21
-91.9914539999999903
0
LINE
8
Edge.Cuts
6
CONTINUOUS
10
207.7699279999999931
20
-91.9914539999999903
11
207.7748079999999788
21
-91.9851829999999921
0
LINE
8
Edge.Cuts
6
CONTINUOUS
10
207.7748079999999788
20
-91.9851829999999921
11
207.7796979999999962
21
-91.9789299999999912
0
LINE
8
Edge.Cuts
6
CONTINUOUS
10
207.7796979999999962
20
-91.9789299999999912
11
207.7845969999999909
21
-91.9726989999999915
0
LINE
8
Edge.Cuts
6
CONTINUOUS
10
207.7845969999999909
20
-91.9726989999999915
11
207.7895059999999887
21
-91.9664870000000008
0
LINE
8
Edge.Cuts
6
CONTINUOUS
10
207.7895059999999887
20
-91.9664870000000008
11
207.7944239999999922
21
-91.9602969999999971
0
LINE
8
Edge.Cuts
6
CONTINUOUS
10
207.7944239999999922
20
-91.9602969999999971
11
207.7993529999999964
21
-91.9541239999999931
0
LINE
8
Edge.Cuts
6
CONTINUOUS
10
207.7993529999999964
20
-91.9541239999999931
11
207.8042889999999829
21
-91.9479749999999996
0
LINE
8
Edge.Cuts
6
CONTINUOUS
10
207.8042889999999829
20
-91.9479749999999996
11
207.809236999999996
21
-91.9418429999999915
0
LINE
8
Edge.Cuts
6
CONTINUOUS
10
207.809236999999996
20
-91.9418429999999915
11
207.8141919999999914
21
-91.935732999999999
0
LINE
8
Edge.Cuts
6
CONTINUOUS
10
207.8141919999999914
20
-91.935732999999999
11
207.8191589999999849
21
-91.9296420000000012
0
LINE
8
Edge.Cuts
6
CONTINUOUS
10
207.8191589999999849
20
-91.9296420000000012
11
207.8241329999999891
21
-91.9235729999999904
0
LINE
8
Edge.Cuts
6
CONTINUOUS
10
207.8241329999999891
20
-91.9235729999999904
11
207.829117999999994
21
-91.9175219999999911
0
LINE
8
Edge.Cuts
6
CONTINUOUS
10
207.829117999999994
20
-91.9175219999999911
11
207.8341109999999787
21
-91.911492999999993
0
LINE
8
Edge.Cuts
6
CONTINUOUS
10
207.8341109999999787
20
-91.911492999999993
11
207.839113999999995
21
-91.9054829999999896
0
LINE
8
Edge.Cuts
6
CONTINUOUS
10
207.839113999999995
20
-91.9054829999999896
11
207.8441249999999911
21
-91.8994950000000017
0
LINE
8
Edge.Cuts
6
CONTINUOUS
10
207.8441249999999911
20
-91.8994950000000017
11
207.8491469999999879
21
-91.8935249999999968
0
LINE
8
Edge.Cuts
6
CONTINUOUS
10
207.8491469999999879
20
-91.8935249999999968
11
207.8541759999999954
21
-91.8875779999999907
0
LINE
8
Edge.Cuts
6
CONTINUOUS
10
207.8541759999999954
20
-91.8875779999999907
11
207.8592160000000035
21
-91.8816479999999984
0
LINE
8
Edge.Cuts
6
CONTINUOUS
10
207.8592160000000035
20
-91.8816479999999984
11
207.864262999999994
21
-91.8757420000000025
0
LINE
8
Edge.Cuts
6
CONTINUOUS
10
207.864262999999994
20
-91.8757420000000025
11
207.8693209999999851
21
-91.869852999999992
0
LINE
8
Edge.Cuts
6
CONTINUOUS
10
207.8693209999999851
20
-91.869852999999992
11
207.874385999999987
21
-91.8639869999999945
0
LINE
8
Edge.Cuts
6
CONTINUOUS
10
207.874385999999987
20
-91.8639869999999945
11
207.8794609999999921
21
-91.8581389999999942
0
LINE
8
Edge.Cuts
6
CONTINUOUS
10
207.8794609999999921
20
-91.8581389999999942
11
207.8845439999999769
21
-91.8523129999999952
0
LINE
8
Edge.Cuts
6
CONTINUOUS
10
207.8845439999999769
20
-91.8523129999999952
11
207.8896369999999933
21
-91.8465059999999909
0
LINE
8
Edge.Cuts
6
CONTINUOUS
10
207.8896369999999933
20
-91.8465059999999909
11
207.8947369999999921
21
-91.8407210000000021
0
LINE
8
Edge.Cuts
6
CONTINUOUS
10
207.8947369999999921
20
-91.8407210000000021
11
207.8998479999999915
21
-91.8349549999999937
0
LINE
8
Edge.Cuts
6
CONTINUOUS
10
207.8998479999999915
20
-91.8349549999999937
11
207.9049660000000017
21
-91.8292110000000008
0
LINE
8
Edge.Cuts
6
CONTINUOUS
10
207.9049660000000017
20
-91.8292110000000008
11
207.9100939999999866
21
-91.8234849999999909
0
LINE
8
Edge.Cuts
6
CONTINUOUS
10
207.9100939999999866
20
-91.8234849999999909
11
207.9152279999999848
21
-91.817781999999994
0
LINE
8
Edge.Cuts
6
CONTINUOUS
10
207.9152279999999848
20
-91.817781999999994
11
207.9203739999999812
21
-91.8120969999999943
0
LINE
8
Edge.Cuts
6
CONTINUOUS
10
207.9203739999999812
20
-91.8120969999999943
11
207.9255249999999933
21
-91.8064339999999959
0
LINE
8
Edge.Cuts
6
CONTINUOUS
10
207.9255249999999933
20
-91.8064339999999959
11
207.9306880000000035
21
-91.8007899999999921
0
LINE
8
Edge.Cuts
6
CONTINUOUS
10
207.9306880000000035
20
-91.8007899999999921
11
207.9358560000000011
21
-91.7951690000000013
0
LINE
8
Edge.Cuts
6
CONTINUOUS
10
207.9358560000000011
20
-91.7951690000000013
11
207.9410349999999994
21
-91.7895649999999961
0
LINE
8
Edge.Cuts
6
CONTINUOUS
10
207.9410349999999994
20
-91.7895649999999961
11
207.9462199999999825
21
-91.7839850000000013
0
LINE
8
Edge.Cuts
6
CONTINUOUS
10
207.9462199999999825
20
-91.7839850000000013
11
207.9514159999999947
21
-91.778421999999992
0
LINE
8
Edge.Cuts
6
CONTINUOUS
10
207.9514159999999947
20
-91.778421999999992
11
207.9566179999999918
21
-91.7728819999999956
0
LINE
8
Edge.Cuts
6
CONTINUOUS
10
207.9566179999999918
20
-91.7728819999999956
11
207.961829999999992
21
-91.767360999999994
0
LINE
8
Edge.Cuts
6
CONTINUOUS
10
207.961829999999992
20
-91.767360999999994
11
207.9670490000000029
21
-91.7618619999999936
0
LINE
8
Edge.Cuts
6
CONTINUOUS
10
207.9670490000000029
20
-91.7618619999999936
11
207.9722769999999912
21
-91.7563809999999904
0
LINE
8
Edge.Cuts
6
CONTINUOUS
10
207.9722769999999912
20
-91.7563809999999904
11
207.9775119999999902
21
-91.7509230000000002
0
LINE
8
Edge.Cuts
6
CONTINUOUS
10
207.9775119999999902
20
-91.7509230000000002
11
207.9827569999999923
21
-91.7454839999999905
0
LINE
8
Edge.Cuts
6
CONTINUOUS
10
207.9827569999999923
20
-91.7454839999999905
11
207.9880069999999819
21
-91.7400669999999963
0
LINE
8
Edge.Cuts
6
CONTINUOUS
10
207.9880069999999819
20
-91.7400669999999963
11
207.9932680000000005
21
-91.7346679999999992
0
LINE
8
Edge.Cuts
6
CONTINUOUS
10
207.9932680000000005
20
-91.7346679999999992
11
207.9985350000000039
21
-91.7292920000000009
0
LINE
8
Edge.Cuts
6
CONTINUOUS
10
207.9985350000000039
20
-91.7292920000000009
11
208.0038119999999822
21
-91.7239339999999999
0
LINE
8
Edge.Cuts
6
CONTINUOUS
10
208.0038119999999822
20
-91.7239339999999999
11
208.0090940000000046
21
-91.7185989999999975
0
LINE
8
Edge.Cuts
6
CONTINUOUS
10
208.0090940000000046
20
-91.7185989999999975
11
208.0143869999999993
21
-91.7132819999999924
0
LINE
8
Edge.Cuts
6
CONTINUOUS
10
208.0143869999999993
20
-91.7132819999999924
11
208.0196849999999813
21
-91.7079880000000003
0
LINE
8
Edge.Cuts
6
CONTINUOUS
10
208.0196849999999813
20
-91.7079880000000003
11
208.0249929999999949
21
-91.7027119999999911
0
LINE
8
Edge.Cuts
6
CONTINUOUS
10
208.0249929999999949
20
-91.7027119999999911
11
208.0303069999999934
21
-91.6974589999999949
0
LINE
8
Edge.Cuts
6
CONTINUOUS
10
208.0303069999999934
20
-91.6974589999999949
11
208.0356299999999976
21
-91.6922249999999934
0
LINE
8
Edge.Cuts
6
CONTINUOUS
10
208.0356299999999976
20
-91.6922249999999934
11
208.0409589999999866
21
-91.6870129999999932
0
LINE
8
Edge.Cuts
6
CONTINUOUS
10
208.0409589999999866
20
-91.6870129999999932
11
208.0462979999999789
21
-91.6818189999999902
0
LINE
8
Edge.Cuts
6
CONTINUOUS
10
208.0462979999999789
20
-91.6818189999999902
11
208.0516429999999843
21
-91.6766480000000001
0
LINE
8
Edge.Cuts
6
CONTINUOUS
10
208.0516429999999843
20
-91.6766480000000001
11
208.0569969999999955
21
-91.6714949999999931
0
LINE
8
Edge.Cuts
6
CONTINUOUS
10
208.0569969999999955
20
-91.6714949999999931
11
208.0623559999999941
21
-91.666364999999999
0
LINE
8
Edge.Cuts
6
CONTINUOUS
10
208.0623559999999941
20
-91.666364999999999
11
208.0677249999999958
21
-91.6612539999999996
0
LINE
8
Edge.Cuts
6
CONTINUOUS
10
208.0677249999999958
20
-91.6612539999999996
11
208.0730989999999849
21
-91.6561650000000014
0
LINE
8
Edge.Cuts
6
CONTINUOUS
10
208.0730989999999849
20
-91.6561650000000014
11
208.0784829999999772
21
-91.6510940000000005
0
LINE
8
Edge.Cuts
6
CONTINUOUS
10
208.0784829999999772
20
-91.6510940000000005
11
208.0838719999999853
21
-91.6460469999999958
0
LINE
8
Edge.Cuts
6
CONTINUOUS
10
208.0838719999999853
20
-91.6460469999999958
11
208.0892709999999965
21
-91.6410169999999908
0
LINE
8
Edge.Cuts
6
CONTINUOUS
10
208.0892709999999965
20
-91.6410169999999908
11
208.0946749999999952
21
-91.6360099999999989
0
LINE
8
Edge.Cuts
6
CONTINUOUS
10
208.0946749999999952
20
-91.6360099999999989
11
208.1000879999999995
21
-91.6310220000000015
0
LINE
8
Edge.Cuts
6
CONTINUOUS
10
208.1000879999999995
20
-91.6310220000000015
11
208.1055059999999912
21
-91.6260559999999913
0
LINE
8
Edge.Cuts
6
CONTINUOUS
10
208.1055059999999912
20
-91.6260559999999913
11
208.1109339999999861
21
-91.6211089999999899
0
LINE
8
Edge.Cuts
6
CONTINUOUS
10
208.1109339999999861
20
-91.6211089999999899
11
208.1163659999999993
21
-91.6161839999999899
0
LINE
8
Edge.Cuts
6
CONTINUOUS
10
208.1163659999999993
20
-91.6161839999999899
11
208.1218079999999873
21
-91.6112779999999987
0
LINE
8
Edge.Cuts
6
CONTINUOUS
10
208.1218079999999873
20
-91.6112779999999987
11
208.127254999999991
21
-91.606394999999992
0
LINE
8
Edge.Cuts
6
CONTINUOUS
10
208.127254999999991
20
-91.606394999999992
11
208.1327110000000005
21
-91.6015299999999968
0
LINE
8
Edge.Cuts
6
CONTINUOUS
10
208.1327110000000005
20
-91.6015299999999968
11
208.1381719999999973
21
-91.5966870000000029
0
LINE
8
Edge.Cuts
6
CONTINUOUS
10
208.1381719999999973
20
-91.5966870000000029
11
208.1436419999999998
21
-91.5918629999999894
0
LINE
8
Edge.Cuts
6
CONTINUOUS
10
208.1436419999999998
20
-91.5918629999999894
11
208.1491169999999897
21
-91.5870619999999889
0
LINE
8
Edge.Cuts
6
CONTINUOUS
10
208.1491169999999897
20
-91.5870619999999889
11
208.1545999999999879
21
-91.5822789999999998
0
LINE
8
Edge.Cuts
6
CONTINUOUS
10
208.1545999999999879
20
-91.5822789999999998
11
208.1600889999999993
21
-91.5775189999999952
0
LINE
8
Edge.Cuts
6
CONTINUOUS
10
208.1600889999999993
20
-91.5775189999999952
11
208.1655869999999879
21
-91.5727770000000021
0
LINE
8
Edge.Cuts
6
CONTINUOUS
10
208.1655869999999879
20
-91.5727770000000021
11
208.1710889999999949
21
-91.5680579999999935
0
LINE
8
Edge.Cuts
6
CONTINUOUS
10
208.1710889999999949
20
-91.5680579999999935
11
208.1765999999999792
21
-91.5633569999999963
0
LINE
8
Edge.Cuts
6
CONTINUOUS
10
208.1765999999999792
20
-91.5633569999999963
11
208.1821159999999793
21
-91.5586789999999979
0
LINE
8
Edge.Cuts
6
CONTINUOUS
10
208.1821159999999793
20
-91.5586789999999979
11
208.1876409999999851
21
-91.5540189999999967
0
LINE
8
Edge.Cuts
6
CONTINUOUS
10
208.1876409999999851
20
-91.5540189999999967
11
208.1931699999999807
21
-91.5493819999999943
0
LINE
8
Edge.Cuts
6
CONTINUOUS
10
208.1931699999999807
20
-91.5493819999999943
11
208.1987079999999821
21
-91.5447640000000007
0
LINE
8
Edge.Cuts
6
CONTINUOUS
10
208.1987079999999821
20
-91.5447640000000007
11
208.2042500000000018
21
-91.5401679999999942
0
LINE
8
Edge.Cuts
6
CONTINUOUS
10
208.2042500000000018
20
-91.5401679999999942
11
208.2098009999999988
21
-91.5355909999999966
0
LINE
8
Edge.Cuts
6
CONTINUOUS
10
208.2098009999999988
20
-91.5355909999999966
11
208.2153569999999831
21
-91.5310360000000003
0
LINE
8
Edge.Cuts
6
CONTINUOUS
10
208.2153569999999831
20
-91.5310360000000003
11
208.2209210000000041
21
-91.5264990000000012
0
LINE
8
Edge.Cuts
6
CONTINUOUS
10
208.2209210000000041
20
-91.5264990000000012
11
208.2264889999999866
21
-91.5219850000000008
0
LINE
8
Edge.Cuts
6
CONTINUOUS
10
208.2264889999999866
20
-91.5219850000000008
11
208.2320660000000032
21
-91.5174899999999951
0
LINE
8
Edge.Cuts
6
CONTINUOUS
10
208.2320660000000032
20
-91.5174899999999951
11
208.2376479999999788
21
-91.5130169999999907
0
LINE
8
Edge.Cuts
6
CONTINUOUS
10
208.2376479999999788
20
-91.5130169999999907
11
208.243237999999991
21
-91.5085629999999952
0
LINE
8
Edge.Cuts
6
CONTINUOUS
10
208.243237999999991
20
-91.5085629999999952
11
208.2488319999999931
21
-91.504131000000001
0
LINE
8
Edge.Cuts
6
CONTINUOUS
10
208.2488319999999931
20
-91.504131000000001
11
208.2544340000000034
21
-91.4997180000000014
0
LINE
8
Edge.Cuts
6
CONTINUOUS
10
208.2544340000000034
20
-91.4997180000000014
11
208.2600410000000011
21
-91.4953280000000007
0
LINE
8
Edge.Cuts
6
CONTINUOUS
10
208.2600410000000011
20
-91.4953280000000007
11
208.2656559999999786
21
-91.4909549999999996
0
LINE
8
Edge.Cuts
6
CONTINUOUS
10
208.2656559999999786
20
-91.4909549999999996
11
208.2712750000000028
21
-91.4866059999999948
0
LINE
8
Edge.Cuts
6
CONTINUOUS
10
208.2712750000000028
20
-91.4866059999999948
11
208.2769030000000043
21
-91.4822750000000013
0
LINE
8
Edge.Cuts
6
CONTINUOUS
10
208.2769030000000043
20
-91.4822750000000013
11
208.2825339999999983
21
-91.477965999999995
0
LINE
8
Edge.Cuts
6
CONTINUOUS
10
208.2825339999999983
20
-91.477965999999995
11
208.2881739999999979
21
-91.4736759999999975
0
LINE
8
Edge.Cuts
6
CONTINUOUS
10
208.2881739999999979
20
-91.4736759999999975
11
208.2938179999999875
21
-91.4694080000000014
0
LINE
8
Edge.Cuts
6
CONTINUOUS
10
208.2938179999999875
20
-91.4694080000000014
11
208.2994699999999852
21
-91.4651589999999999
0
LINE
8
Edge.Cuts
6
CONTINUOUS
10
208.2994699999999852
20
-91.4651589999999999
11
208.3051250000000039
21
-91.4609329999999972
0
LINE
8
Edge.Cuts
6
CONTINUOUS
10
208.3051250000000039
20
-91.4609329999999972
11
208.3107889999999998
21
-91.4567239999999941
0
LINE
8
Edge.Cuts
6
CONTINUOUS
10
208.3107889999999998
20
-91.4567239999999941
11
208.3164569999999856
21
-91.4525390000000016
0
LINE
8
Edge.Cuts
6
CONTINUOUS
10
208.3164569999999856
20
-91.4525390000000016
11
208.3221329999999796
21
-91.448371999999992
0
LINE
8
Edge.Cuts
6
CONTINUOUS
10
208.3221329999999796
20
-91.448371999999992
11
208.3253609999999867
21
-91.4460129999999936
0
LINE
8
Edge.Cuts
6
CONTINUOUS
10
206.4588919999999916
20
-93.5431600000000003
11
206.4483209999999929
21
-93.5471869999999939
0
LINE
8
Edge.Cuts
6
CONTINUOUS
10
206.4483209999999929
20
-93.5471869999999939
11
206.4377219999999795
21
-93.5511389999999921
0
LINE
8
Edge.Cuts
6
CONTINUOUS
10
206.4377219999999795
20
-93.5511389999999921
11
206.4270959999999775
21
-93.5550159999999948
0
LINE
8
Edge.Cuts
6
CONTINUOUS
10
206.4270959999999775
20
-93.5550159999999948
11
206.4164419999999893
21
-93.5588180000000023
0
LINE
8
Edge.Cuts
6
CONTINUOUS
10
206.4164419999999893
20
-93.5588180000000023
11
206.4057609999999841
21
-93.5625440000000026
0
LINE
8
Edge.Cuts
6
CONTINUOUS
10
206.4057609999999841
20
-93.5625440000000026
11
206.3950549999999851
21
-93.5661949999999933
0
LINE
8
Edge.Cuts
6
CONTINUOUS
10
206.3950549999999851
20
-93.5661949999999933
11
206.3843219999999974
21
-93.5697699999999912
0
LINE
8
Edge.Cuts
6
CONTINUOUS
10
206.3843219999999974
20
-93.5697699999999912
11
206.373564999999985
21
-93.5732689999999963
0
LINE
8
Edge.Cuts
6
CONTINUOUS
10
206.373564999999985
20
-93.5732689999999963
11
206.362782999999979
21
-93.5766919999999942
0
LINE
8
Edge.Cuts
6
CONTINUOUS
10
206.362782999999979
20
-93.5766919999999942
11
206.3519769999999767
21
-93.5800389999999993
0
LINE
8
Edge.Cuts
6
CONTINUOUS
10
206.3519769999999767
20
-93.5800389999999993
11
206.341148000000004
21
-93.5833089999999999
0
LINE
8
Edge.Cuts
6
CONTINUOUS
10
206.341148000000004
20
-93.5833089999999999
11
206.3302960000000041
21
-93.5865029999999933
0
LINE
8
Edge.Cuts
6
CONTINUOUS
10
206.3302960000000041
20
-93.5865029999999933
11
206.3194209999999771
21
-93.5896199999999965
0
LINE
8
Edge.Cuts
6
CONTINUOUS
10
206.3194209999999771
20
-93.5896199999999965
11
206.3085239999999771
21
-93.5926599999999951
0
LINE
8
Edge.Cuts
6
CONTINUOUS
10
206.3085239999999771
20
-93.5926599999999951
11
206.2976060000000018
21
-93.5956229999999891
0
LINE
8
Edge.Cuts
6
CONTINUOUS
10
206.2976060000000018
20
-93.5956229999999891
11
206.2866679999999917
21
-93.5985079999999954
0
LINE
8
Edge.Cuts
6
CONTINUOUS
10
206.2866679999999917
20
-93.5985079999999954
11
206.2757089999999778
21
-93.6013159999999971
0
LINE
8
Edge.Cuts
6
CONTINUOUS
10
206.2757089999999778
20
-93.6013159999999971
11
206.2647299999999859
21
-93.6040469999999942
0
LINE
8
Edge.Cuts
6
CONTINUOUS
10
206.2647299999999859
20
-93.6040469999999942
11
206.2537319999999852
21
-93.6066999999999894
0
LINE
8
Edge.Cuts
6
CONTINUOUS
10
206.2537319999999852
20
-93.6066999999999894
11
206.2427160000000015
21
-93.6092749999999967
0
LINE
8
Edge.Cuts
6
CONTINUOUS
10
206.2427160000000015
20
-93.6092749999999967
11
206.231681999999978
21
-93.6117729999999995
0
LINE
8
Edge.Cuts
6
CONTINUOUS
10
206.231681999999978
20
-93.6117729999999995
11
206.2206299999999999
21
-93.6141920000000027
0
LINE
8
Edge.Cuts
6
CONTINUOUS
10
206.2206299999999999
20
-93.6141920000000027
11
206.2095609999999795
21
-93.6165329999999898
0
LINE
8
Edge.Cuts
6
CONTINUOUS
10
206.2095609999999795
20
-93.6165329999999898
11
206.1984759999999994
21
-93.6187949999999915
0
LINE
8
Edge.Cuts
6
CONTINUOUS
10
206.1984759999999994
20
-93.6187949999999915
11
206.187375000000003
21
-93.6209799999999888
0
LINE
8
Edge.Cuts
6
CONTINUOUS
10
206.187375000000003
20
-93.6209799999999888
11
206.1762589999999875
21
-93.623084999999989
0
LINE
8
Edge.Cuts
6
CONTINUOUS
10
206.1762589999999875
20
-93.623084999999989
11
206.1706949999999949
21
-93.62410899999999
0
LINE
8
Edge.Cuts
6
CONTINUOUS
10
206.1706949999999949
20
-93.62410899999999
11
206.1651279999999815
21
-93.6251129999999989
0
LINE
8
Edge.Cuts
6
CONTINUOUS
10
206.1651279999999815
20
-93.6251129999999989
11
206.1595569999999782
21
-93.6260970000000015
0
LINE
8
Edge.Cuts
6
CONTINUOUS
10
206.1595569999999782
20
-93.6260970000000015
11
206.1539829999999824
21
-93.6270609999999976
0
LINE
8
Edge.Cuts
6
CONTINUOUS
10
206.1539829999999824
20
-93.6270609999999976
11
206.1484049999999968
21
-93.6280059999999992
0
LINE
8
Edge.Cuts
6
CONTINUOUS
10
206.1484049999999968
20
-93.6280059999999992
11
206.1428239999999903
21
-93.6289309999999944
0
LINE
8
Edge.Cuts
6
CONTINUOUS
10
206.1428239999999903
20
-93.6289309999999944
11
206.1372399999999914
21
-93.6298359999999974
0
LINE
8
Edge.Cuts
6
CONTINUOUS
10
206.1372399999999914
20
-93.6298359999999974
11
206.131653
21
-93.6307209999999941
0
LINE
8
Edge.Cuts
6
CONTINUOUS
10
206.131653
20
-93.6307209999999941
11
206.1260619999999903
21
-93.6315869999999961
0
LINE
8
Edge.Cuts
6
CONTINUOUS
10
206.1260619999999903
20
-93.6315869999999961
11
206.1204689999999857
21
-93.6324329999999918
0
LINE
8
Edge.Cuts
6
CONTINUOUS
10
206.1204689999999857
20
-93.6324329999999918
11
206.1148719999999912
21
-93.6332589999999954
0
LINE
8
Edge.Cuts
6
CONTINUOUS
10
206.1148719999999912
20
-93.6332589999999954
11
206.1092730000000017
21
-93.6340649999999926
0
LINE
8
Edge.Cuts
6
CONTINUOUS
10
206.1092730000000017
20
-93.6340649999999926
11
206.1036709999999914
21
-93.6348519999999951
0
LINE
8
Edge.Cuts
6
CONTINUOUS
10
206.1036709999999914
20
-93.6348519999999951
11
206.0980659999999887
21
-93.6356179999999938
0
LINE
8
Edge.Cuts
6
CONTINUOUS
10
206.0980659999999887
20
-93.6356179999999938
11
206.0924579999999935
21
-93.6363649999999978
0
LINE
8
Edge.Cuts
6
CONTINUOUS
10
206.0924579999999935
20
-93.6363649999999978
11
206.0868480000000034
21
-93.6370919999999956
0
LINE
8
Edge.Cuts
6
CONTINUOUS
10
206.0868480000000034
20
-93.6370919999999956
11
206.0812349999999924
21
-93.6377990000000011
0
LINE
8
Edge.Cuts
6
CONTINUOUS
10
206.0812349999999924
20
-93.6377990000000011
11
206.0756199999999865
21
-93.6384869999999978
0
LINE
8
Edge.Cuts
6
CONTINUOUS
10
206.0756199999999865
20
-93.6384869999999978
11
206.0700019999999881
21
-93.6391539999999907
0
LINE
8
Edge.Cuts
6
CONTINUOUS
10
206.0700019999999881
20
-93.6391539999999907
11
206.0643819999999948
21
-93.6398019999999889
0
LINE
8
Edge.Cuts
6
CONTINUOUS
10
206.0643819999999948
20
-93.6398019999999889
11
206.0587599999999782
21
-93.6404299999999949
0
LINE
8
Edge.Cuts
6
CONTINUOUS
10
206.0587599999999782
20
-93.6404299999999949
11
206.0531349999999975
21
-93.6410379999999947
0
LINE
8
Edge.Cuts
6
CONTINUOUS
10
206.0531349999999975
20
-93.6410379999999947
11
206.0475089999999909
21
-93.6416260000000023
0
LINE
8
Edge.Cuts
6
CONTINUOUS
10
206.0475089999999909
20
-93.6416260000000023
11
206.0418799999999919
21
-93.6421939999999893
0
LINE
8
Edge.Cuts
6
CONTINUOUS
10
206.0418799999999919
20
-93.6421939999999893
11
206.036248999999998
21
-93.6427419999999984
0
LINE
8
Edge.Cuts
6
CONTINUOUS
10
206.036248999999998
20
-93.6427419999999984
11
206.0306169999999781
21
-93.6432700000000011
0
LINE
8
Edge.Cuts
6
CONTINUOUS
10
206.0306169999999781
20
-93.6432700000000011
11
206.0249819999999943
21
-93.643778999999995
0
LINE
8
Edge.Cuts
6
CONTINUOUS
10
206.0249819999999943
20
-93.643778999999995
11
206.0193459999999845
21
-93.6442669999999993
0
LINE
8
Edge.Cuts
6
CONTINUOUS
10
206.0193459999999845
20
-93.6442669999999993
11
206.0137079999999798
21
-93.6447359999999946
0
LINE
8
Edge.Cuts
6
CONTINUOUS
10
206.0137079999999798
20
-93.6447359999999946
11
206.0080689999999777
21
-93.6451840000000004
0
LINE
8
Edge.Cuts
6
CONTINUOUS
10
206.0080689999999777
20
-93.6451840000000004
11
206.0024279999999806
21
-93.6456129999999973
0
LINE
8
Edge.Cuts
6
CONTINUOUS
10
206.0024279999999806
20
-93.6456129999999973
11
205.9967849999999885
21
-93.6460220000000021
0
LINE
8
Edge.Cuts
6
CONTINUOUS
10
205.9967849999999885
20
-93.6460220000000021
11
205.9911409999999989
21
-93.6464099999999888
0
LINE
8
Edge.Cuts
6
CONTINUOUS
10
205.9911409999999989
20
-93.6464099999999888
11
205.9854959999999835
21
-93.6467789999999951
0
LINE
8
Edge.Cuts
6
CONTINUOUS
10
205.9854959999999835
20
-93.6467789999999951
11
205.979849999999999
21
-93.647127999999995
0
LINE
8
Edge.Cuts
6
CONTINUOUS
10
205.979849999999999
20
-93.647127999999995
11
205.9742019999999911
21
-93.6474570000000028
0
LINE
8
Edge.Cuts
6
CONTINUOUS
10
205.9742019999999911
20
-93.6474570000000028
11
205.9685529999999858
21
-93.6477659999999901
0
LINE
8
Edge.Cuts
6
CONTINUOUS
10
205.9685529999999858
20
-93.6477659999999901
11
205.962902999999983
21
-93.6480549999999994
0
LINE
8
Edge.Cuts
6
CONTINUOUS
10
205.962902999999983
20
-93.6480549999999994
11
205.9572519999999827
21
-93.6483229999999907
0
LINE
8
Edge.Cuts
6
CONTINUOUS
10
205.9572519999999827
20
-93.6483229999999907
11
205.9515999999999849
21
-93.6485720000000015
0
LINE
8
Edge.Cuts
6
CONTINUOUS
10
205.9515999999999849
20
-93.6485720000000015
11
205.9459469999999897
21
-93.6488009999999917
0
LINE
8
Edge.Cuts
6
CONTINUOUS
10
205.9459469999999897
20
-93.6488009999999917
11
205.9402929999999969
21
-93.6490099999999899
0
LINE
8
Edge.Cuts
6
CONTINUOUS
10
205.9402929999999969
20
-93.6490099999999899
11
205.9346390000000042
21
-93.6491989999999959
0
LINE
8
Edge.Cuts
6
CONTINUOUS
10
205.9346390000000042
20
-93.6491989999999959
11
205.9289839999999856
21
-93.6493679999999955
0
LINE
8
Edge.Cuts
6
CONTINUOUS
10
205.9289839999999856
20
-93.6493679999999955
11
205.9233289999999954
21
-93.6495169999999888
0
LINE
8
Edge.Cuts
6
CONTINUOUS
10
205.9233289999999954
20
-93.6495169999999888
11
205.9176719999999818
21
-93.64964599999999
0
LINE
8
Edge.Cuts
6
CONTINUOUS
10
205.9176719999999818
20
-93.64964599999999
11
205.9120159999999942
21
-93.649754999999999
0
LINE
8
Edge.Cuts
6
CONTINUOUS
10
205.9120159999999942
20
-93.649754999999999
11
205.9063589999999806
21
-93.6498440000000016
0
LINE
8
Edge.Cuts
6
CONTINUOUS
10
205.9063589999999806
20
-93.6498440000000016
11
205.9007019999999955
21
-93.649912999999998
0
LINE
8
Edge.Cuts
6
CONTINUOUS
10
205.9007019999999955
20
-93.649912999999998
11
205.8950439999999844
21
-93.6499620000000021
0
LINE
8
Edge.Cuts
6
CONTINUOUS
10
205.8950439999999844
20
-93.6499620000000021
11
205.8840249999999799
21
-93.6499999999999915
0
ARC
8
Edge.Cuts
10
62.4950999999999937
20
4.2000000000000002
40
1.599982
50
-76.22649315
51
-0.00000000
0
LINE
8
Edge.Cuts
6
CONTINUOUS
10
207.3420490000000029
20
-92.708911999999998
11
207.3457249999999874
21
-92.7008019999999959
0
LINE
8
Edge.Cuts
6
CONTINUOUS
10
207.3457249999999874
20
-92.7008019999999959
11
207.3494169999999883
21
-92.6927049999999895
0
LINE
8
Edge.Cuts
6
CONTINUOUS
10
207.3494169999999883
20
-92.6927049999999895
11
207.3531219999999848
21
-92.6846279999999894
0
LINE
8
Edge.Cuts
6
CONTINUOUS
10
207.3531219999999848
20
-92.6846279999999894
11
207.3568429999999978
21
-92.6765639999999991
0
LINE
8
Edge.Cuts
6
CONTINUOUS
10
207.3568429999999978
20
-92.6765639999999991
11
207.3605769999999779
21
-92.6685200000000009
0
LINE
8
Edge.Cuts
6
CONTINUOUS
10
207.3605769999999779
20
-92.6685200000000009
11
207.364327000000003
21
-92.6604899999999958
0
LINE
8
Edge.Cuts
6
CONTINUOUS
10
207.364327000000003
20
-92.6604899999999958
11
207.3680889999999977
21
-92.6524799999999971
0
LINE
8
Edge.Cuts
6
CONTINUOUS
10
207.3680889999999977
20
-92.6524799999999971
11
207.3718669999999804
21
-92.6444839999999914
0
LINE
8
Edge.Cuts
6
CONTINUOUS
10
207.3718669999999804
20
-92.6444839999999914
11
207.3756569999999897
21
-92.6365079999999921
0
LINE
8
Edge.Cuts
6
CONTINUOUS
10
207.3756569999999897
20
-92.6365079999999921
11
207.379462999999987
21
-92.6285450000000026
0
LINE
8
Edge.Cuts
6
CONTINUOUS
10
207.379462999999987
20
-92.6285450000000026
11
207.3832819999999799
21
-92.6206030000000027
0
LINE
8
Edge.Cuts
6
CONTINUOUS
10
207.3832819999999799
20
-92.6206030000000027
11
207.3871159999999918
21
-92.6126749999999959
0
LINE
8
Edge.Cuts
6
CONTINUOUS
10
207.3871159999999918
20
-92.6126749999999959
11
207.3909620000000018
21
-92.6047669999999954
0
LINE
8
Edge.Cuts
6
CONTINUOUS
10
207.3909620000000018
20
-92.6047669999999954
11
207.3948239999999998
21
-92.5968730000000022
0
LINE
8
Edge.Cuts
6
CONTINUOUS
10
207.3948239999999998
20
-92.5968730000000022
11
207.398697999999996
21
-92.5889990000000012
0
LINE
8
Edge.Cuts
6
CONTINUOUS
10
207.398697999999996
20
-92.5889990000000012
11
207.4025879999999802
21
-92.5811389999999932
0
LINE
8
Edge.Cuts
6
CONTINUOUS
10
207.4025879999999802
20
-92.5811389999999932
11
207.4064899999999909
21
-92.5733010000000007
0
LINE
8
Edge.Cuts
6
CONTINUOUS
10
207.4064899999999909
20
-92.5733010000000007
11
207.4104069999999922
21
-92.5654759999999897
0
LINE
8
Edge.Cuts
6
CONTINUOUS
10
207.4104069999999922
20
-92.5654759999999897
11
207.4143359999999916
21
-92.5576709999999991
0
LINE
8
Edge.Cuts
6
CONTINUOUS
10
207.4143359999999916
20
-92.5576709999999991
11
207.418280999999979
21
-92.5498809999999992
0
LINE
8
Edge.Cuts
6
CONTINUOUS
10
207.418280999999979
20
-92.5498809999999992
11
207.4222369999999955
21
-92.5421119999999888
0
LINE
8
Edge.Cuts
6
CONTINUOUS
10
207.4222369999999955
20
-92.5421119999999888
11
207.4262090000000001
21
-92.5343560000000025
0
LINE
8
Edge.Cuts
6
CONTINUOUS
10
207.4262090000000001
20
-92.5343560000000025
11
207.4301919999999768
21
-92.526621999999989
0
LINE
8
Edge.Cuts
6
CONTINUOUS
10
207.4301919999999768
20
-92.526621999999989
11
207.4341909999999984
21
-92.5189019999999971
0
LINE
8
Edge.Cuts
6
CONTINUOUS
10
207.4341909999999984
20
-92.5189019999999971
11
207.4382009999999923
21
-92.5112029999999947
0
LINE
8
Edge.Cuts
6
CONTINUOUS
10
207.4382009999999923
20
-92.5112029999999947
11
207.4422259999999767
21
-92.5035179999999997
0
LINE
8
Edge.Cuts
6
CONTINUOUS
10
207.4422259999999767
20
-92.5035179999999997
11
207.4462629999999876
21
-92.4958549999999917
0
LINE
8
Edge.Cuts
6
CONTINUOUS
10
207.4462629999999876
20
-92.4958549999999917
11
207.4503149999999891
21
-92.4882049999999936
0
LINE
8
Edge.Cuts
6
CONTINUOUS
10
207.4503149999999891
20
-92.4882049999999936
11
207.4543779999999913
21
-92.4805769999999967
0
LINE
8
Edge.Cuts
6
CONTINUOUS
10
207.4543779999999913
20
-92.4805769999999967
11
207.4584569999999815
21
-92.4729629999999929
0
LINE
8
Edge.Cuts
6
CONTINUOUS
10
207.4584569999999815
20
-92.4729629999999929
11
207.4625470000000007
21
-92.4653709999999904
0
LINE
8
Edge.Cuts
6
CONTINUOUS
10
207.4625470000000007
20
-92.4653709999999904
11
207.4666509999999846
21
-92.4577919999999978
0
LINE
8
Edge.Cuts
6
CONTINUOUS
10
207.4666509999999846
20
-92.4577919999999978
11
207.4707669999999951
21
-92.4502359999999896
0
LINE
8
Edge.Cuts
6
CONTINUOUS
10
207.4707669999999951
20
-92.4502359999999896
11
207.474897999999996
21
-92.4426929999999913
0
LINE
8
Edge.Cuts
6
CONTINUOUS
10
207.474897999999996
20
-92.4426929999999913
11
207.4790390000000002
21
-92.4351729999999918
0
LINE
8
Edge.Cuts
6
CONTINUOUS
10
207.4790390000000002
20
-92.4351729999999918
11
207.4831959999999924
21
-92.4276660000000021
0
LINE
8
Edge.Cuts
6
CONTINUOUS
10
207.4831959999999924
20
-92.4276660000000021
11
207.4873639999999853
21
-92.4201819999999969
0
LINE
8
Edge.Cuts
6
CONTINUOUS
10
207.4873639999999853
20
-92.4201819999999969
11
207.4915459999999996
21
-92.4127119999999991
0
LINE
8
Edge.Cuts
6
CONTINUOUS
10
207.4915459999999996
20
-92.4127119999999991
11
207.4957389999999862
21
-92.4052629999999908
0
LINE
8
Edge.Cuts
6
CONTINUOUS
10
207.4957389999999862
20
-92.4052629999999908
11
207.4999469999999917
21
-92.3978290000000015
0
LINE
8
Edge.Cuts
6
CONTINUOUS
10
207.4999469999999917
20
-92.3978290000000015
11
207.5041650000000004
21
-92.3904179999999968
0
LINE
8
Edge.Cuts
6
CONTINUOUS
10
207.5041650000000004
20
-92.3904179999999968
11
207.5083989999999972
21
-92.3830200000000019
0
LINE
8
Edge.Cuts
6
CONTINUOUS
10
207.5083989999999972
20
-92.3830200000000019
11
207.5126419999999996
21
-92.3756449999999916
0
LINE
8
Edge.Cuts
6
CONTINUOUS
10
207.5126419999999996
20
-92.3756449999999916
11
207.5169009999999901
21
-92.3682840000000027
0
LINE
8
Edge.Cuts
6
CONTINUOUS
10
207.5169009999999901
20
-92.3682840000000027
11
207.5211689999999862
21
-92.360945000000001
0
LINE
8
Edge.Cuts
6
CONTINUOUS
10
207.5211689999999862
20
-92.360945000000001
11
207.5254529999999988
21
-92.3536209999999897
0
LINE
8
Edge.Cuts
6
CONTINUOUS
10
207.5254529999999988
20
-92.3536209999999897
11
207.5297459999999887
21
-92.346318999999994
0
LINE
8
Edge.Cuts
6
CONTINUOUS
10
207.5297459999999887
20
-92.346318999999994
11
207.5340549999999951
21
-92.3390319999999889
0
LINE
8
Edge.Cuts
6
CONTINUOUS
10
207.5340549999999951
20
-92.3390319999999889
11
207.5383729999999787
21
-92.3317669999999993
0
LINE
8
Edge.Cuts
6
CONTINUOUS
10
207.5383729999999787
20
-92.3317669999999993
11
207.5427059999999813
21
-92.3245160000000027
0
LINE
8
Edge.Cuts
6
CONTINUOUS
10
207.5427059999999813
20
-92.3245160000000027
11
207.547048999999987
21
-92.3172879999999907
0
LINE
8
Edge.Cuts
6
CONTINUOUS
10
207.547048999999987
20
-92.3172879999999907
11
207.5514059999999859
21
-92.3100749999999977
0
LINE
8
Edge.Cuts
6
CONTINUOUS
10
207.5514059999999859
20
-92.3100749999999977
11
207.5557729999999879
21
-92.3028839999999917
0
LINE
8
Edge.Cuts
6
CONTINUOUS
10
207.5557729999999879
20
-92.3028839999999917
11
207.5601549999999804
21
-92.2957079999999905
0
LINE
8
Edge.Cuts
6
CONTINUOUS
10
207.5601549999999804
20
-92.2957079999999905
11
207.5654299999999921
21
-92.2871189999999899
0
LINE
8
Edge.Cuts
6
CONTINUOUS
10
208.3253609999999867
20
-91.4460129999999936
11
208.3310349999999858
21
-91.4418859999999967
0
LINE
8
Edge.Cuts
6
CONTINUOUS
10
208.3310349999999858
20
-91.4418859999999967
11
208.3367199999999855
21
-91.4377759999999995
0
LINE
8
Edge.Cuts
6
CONTINUOUS
10
208.3367199999999855
20
-91.4377759999999995
11
208.3424059999999827
21
-91.4336899999999986
0
LINE
8
Edge.Cuts
6
CONTINUOUS
10
208.3424059999999827
20
-91.4336899999999986
11
208.348101999999983
21
-91.4296219999999948
0
LINE
8
Edge.Cuts
6
CONTINUOUS
10
208.348101999999983
20
-91.4296219999999948
11
208.3537989999999809
21
-91.4255769999999899
0
LINE
8
Edge.Cuts
6
CONTINUOUS
10
208.3537989999999809
20
-91.4255769999999899
11
208.3595059999999819
21
-91.4215499999999963
0
LINE
8
Edge.Cuts
6
CONTINUOUS
10
208.3595059999999819
20
-91.4215499999999963
11
208.3652139999999804
21
-91.417546999999999
0
LINE
8
Edge.Cuts
6
CONTINUOUS
10
208.3652139999999804
20
-91.417546999999999
11
208.3709319999999821
21
-91.4135610000000014
0
LINE
8
Edge.Cuts
6
CONTINUOUS
10
208.3709319999999821
20
-91.4135610000000014
11
208.3766509999999812
21
-91.409599
0
LINE
8
Edge.Cuts
6
CONTINUOUS
10
208.3766509999999812
20
-91.409599
11
208.382378999999986
21
-91.4056539999999984
0
LINE
8
Edge.Cuts
6
CONTINUOUS
10
208.382378999999986
20
-91.4056539999999984
11
208.3881089999999858
21
-91.4017339999999905
0
LINE
8
Edge.Cuts
6
CONTINUOUS
10
208.3881089999999858
20
-91.4017339999999905
11
208.3938479999999913
21
-91.3978309999999965
0
LINE
8
Edge.Cuts
6
CONTINUOUS
10
208.3938479999999913
20
-91.3978309999999965
11
208.3995869999999968
21
-91.3939519999999987
0
LINE
8
Edge.Cuts
6
CONTINUOUS
10
208.3995869999999968
20
-91.3939519999999987
11
208.4053370000000029
21
-91.3900900000000007
0
LINE
8
Edge.Cuts
6
CONTINUOUS
10
208.4053370000000029
20
-91.3900900000000007
11
208.4110859999999832
21
-91.3862529999999964
0
LINE
8
Edge.Cuts
6
CONTINUOUS
10
208.4110859999999832
20
-91.3862529999999964
11
208.4168459999999925
21
-91.3824319999999943
0
LINE
8
Edge.Cuts
6
CONTINUOUS
10
208.4168459999999925
20
-91.3824319999999943
11
208.4226050000000043
21
-91.3786360000000002
0
LINE
8
Edge.Cuts
6
CONTINUOUS
10
208.4226050000000043
20
-91.3786360000000002
11
208.4283749999999884
21
-91.3748569999999916
0
LINE
8
Edge.Cuts
6
CONTINUOUS
10
208.4283749999999884
20
-91.3748569999999916
11
208.4341440000000034
21
-91.3711019999999934
0
LINE
8
Edge.Cuts
6
CONTINUOUS
10
208.4341440000000034
20
-91.3711019999999934
11
208.4399239999999907
21
-91.3673649999999924
0
LINE
8
Edge.Cuts
6
CONTINUOUS
10
208.4399239999999907
20
-91.3673649999999924
11
208.4457029999999804
21
-91.3636520000000019
0
LINE
8
Edge.Cuts
6
CONTINUOUS
10
208.4457029999999804
20
-91.3636520000000019
11
208.4514920000000018
21
-91.3599559999999968
0
LINE
8
Edge.Cuts
6
CONTINUOUS
10
208.4514920000000018
20
-91.3599559999999968
11
208.4572799999999972
21
-91.3562840000000023
0
LINE
8
Edge.Cuts
6
CONTINUOUS
10
208.4572799999999972
20
-91.3562840000000023
11
208.4630789999999934
21
-91.3526289999999932
0
LINE
8
Edge.Cuts
6
CONTINUOUS
10
208.4630789999999934
20
-91.3526289999999932
11
208.468876999999992
21
-91.3489989999999921
0
LINE
8
Edge.Cuts
6
CONTINUOUS
10
208.468876999999992
20
-91.3489989999999921
11
208.4746849999999938
21
-91.3453859999999906
0
LINE
8
Edge.Cuts
6
CONTINUOUS
10
208.4746849999999938
20
-91.3453859999999906
11
208.4804919999999981
21
-91.3417969999999997
0
LINE
8
Edge.Cuts
6
CONTINUOUS
10
208.4804919999999981
20
-91.3417969999999997
11
208.4863089999999772
21
-91.3382249999999942
0
LINE
8
Edge.Cuts
6
CONTINUOUS
10
208.4863089999999772
20
-91.3382249999999942
11
208.4921249999999873
21
-91.3346779999999967
0
LINE
8
Edge.Cuts
6
CONTINUOUS
10
208.4921249999999873
20
-91.3346779999999967
11
208.4979510000000005
21
-91.3311479999999989
0
LINE
8
Edge.Cuts
6
CONTINUOUS
10
208.4979510000000005
20
-91.3311479999999989
11
208.5037759999999878
21
-91.3276419999999973
0
LINE
8
Edge.Cuts
6
CONTINUOUS
10
208.5037759999999878
20
-91.3276419999999973
11
208.5096109999999783
21
-91.3241529999999955
0
LINE
8
Edge.Cuts
6
CONTINUOUS
10
208.5096109999999783
20
-91.3241529999999955
11
208.5154449999999997
21
-91.3206879999999899
0
LINE
8
Edge.Cuts
6
CONTINUOUS
10
208.5154449999999997
20
-91.3206879999999899
11
208.5212879999999984
21
-91.3172409999999957
0
LINE
8
Edge.Cuts
6
CONTINUOUS
10
208.5212879999999984
20
-91.3172409999999957
11
208.5271299999999997
21
-91.3138179999999977
0
LINE
8
Edge.Cuts
6
CONTINUOUS
10
208.5271299999999997
20
-91.3138179999999977
11
208.5329820000000041
21
-91.3104119999999995
0
LINE
8
Edge.Cuts
6
CONTINUOUS
10
208.5329820000000041
20
-91.3104119999999995
11
208.5388329999999826
21
-91.3070309999999949
0
LINE
8
Edge.Cuts
6
CONTINUOUS
10
208.5388329999999826
20
-91.3070309999999949
11
208.5446939999999927
21
-91.3036659999999927
0
LINE
8
Edge.Cuts
6
CONTINUOUS
10
208.5446939999999927
20
-91.3036659999999927
11
208.5505529999999794
21
-91.3003259999999983
0
LINE
8
Edge.Cuts
6
CONTINUOUS
10
208.5505529999999794
20
-91.3003259999999983
11
208.5564210000000003
21
-91.2970029999999895
0
LINE
8
Edge.Cuts
6
CONTINUOUS
10
208.5564210000000003
20
-91.2970029999999895
11
208.5622889999999927
21
-91.2937039999999911
0
LINE
8
Edge.Cuts
6
CONTINUOUS
10
208.5622889999999927
20
-91.2937039999999911
11
208.5681659999999908
21
-91.2904229999999899
0
LINE
8
Edge.Cuts
6
CONTINUOUS
10
208.5681659999999908
20
-91.2904229999999899
11
208.574040999999994
21
-91.2871650000000017
0
LINE
8
Edge.Cuts
6
CONTINUOUS
10
208.574040999999994
20
-91.2871650000000017
11
208.5799260000000004
21
-91.2839249999999964
0
LINE
8
Edge.Cuts
6
CONTINUOUS
10
208.5799260000000004
20
-91.2839249999999964
11
208.5858089999999834
21
-91.2807090000000017
0
LINE
8
Edge.Cuts
6
CONTINUOUS
10
208.5858089999999834
20
-91.2807090000000017
11
208.591701999999998
21
-91.2775099999999924
0
LINE
8
Edge.Cuts
6
CONTINUOUS
10
208.591701999999998
20
-91.2775099999999924
11
208.5975929999999892
21
-91.2743349999999936
0
LINE
8
Edge.Cuts
6
CONTINUOUS
10
208.5975929999999892
20
-91.2743349999999936
11
208.6034929999999861
21
-91.2711779999999919
0
LINE
8
Edge.Cuts
6
CONTINUOUS
10
208.6034929999999861
20
-91.2711779999999919
11
208.6093919999999855
21
-91.2680450000000008
0
LINE
8
Edge.Cuts
6
CONTINUOUS
10
208.6093919999999855
20
-91.2680450000000008
11
208.6152999999999906
21
-91.2649289999999951
0
LINE
8
Edge.Cuts
6
CONTINUOUS
10
208.6152999999999906
20
-91.2649289999999951
11
208.6212060000000008
21
-91.2618360000000024
0
LINE
8
Edge.Cuts
6
CONTINUOUS
10
208.6212060000000008
20
-91.2618360000000024
11
208.6271209999999883
21
-91.2587619999999902
0
LINE
8
Edge.Cuts
6
CONTINUOUS
10
208.6271209999999883
20
-91.2587619999999902
11
208.6330349999999783
21
-91.2557109999999909
0
LINE
8
Edge.Cuts
6
CONTINUOUS
10
208.6330349999999783
20
-91.2557109999999909
11
208.6389580000000024
21
-91.2526779999999889
0
LINE
8
Edge.Cuts
6
CONTINUOUS
10
208.6389580000000024
20
-91.2526779999999889
11
208.6448790000000031
21
-91.2496679999999998
0
LINE
8
Edge.Cuts
6
CONTINUOUS
10
208.6448790000000031
20
-91.2496679999999998
11
208.6508089999999811
21
-91.2466759999999937
0
LINE
8
Edge.Cuts
6
CONTINUOUS
10
208.6508089999999811
20
-91.2466759999999937
11
208.6567369999999926
21
-91.243707999999998
0
LINE
8
Edge.Cuts
6
CONTINUOUS
10
208.6567369999999926
20
-91.243707999999998
11
208.6626739999999813
21
-91.2407570000000021
0
LINE
8
Edge.Cuts
6
CONTINUOUS
10
208.6626739999999813
20
-91.2407570000000021
11
208.6686090000000036
21
-91.2378300000000024
0
LINE
8
Edge.Cuts
6
CONTINUOUS
10
208.6686090000000036
20
-91.2378300000000024
11
208.6745530000000031
21
-91.2349209999999999
0
LINE
8
Edge.Cuts
6
CONTINUOUS
10
208.6745530000000031
20
-91.2349209999999999
11
208.6804949999999792
21
-91.2320339999999987
0
LINE
8
Edge.Cuts
6
CONTINUOUS
10
208.6804949999999792
20
-91.2320339999999987
11
208.6864459999999895
21
-91.2291659999999922
0
LINE
8
Edge.Cuts
6
CONTINUOUS
10
208.6864459999999895
20
-91.2291659999999922
11
208.6923950000000048
21
-91.2263209999999987
0
LINE
8
Edge.Cuts
6
CONTINUOUS
10
208.6923950000000048
20
-91.2263209999999987
11
208.6983529999999973
21
-91.2234949999999998
0
LINE
8
Edge.Cuts
6
CONTINUOUS
10
208.6983529999999973
20
-91.2234949999999998
11
208.704308999999995
21
-91.2206910000000022
0
LINE
8
Edge.Cuts
6
CONTINUOUS
10
208.704308999999995
20
-91.2206910000000022
11
208.7102730000000008
21
-91.2179050000000018
0
LINE
8
Edge.Cuts
6
CONTINUOUS
10
208.7102730000000008
20
-91.2179050000000018
11
208.7162349999999833
21
-91.2151420000000002
0
LINE
8
Edge.Cuts
6
CONTINUOUS
10
208.7162349999999833
20
-91.2151420000000002
11
208.7222059999999999
21
-91.2123979999999932
0
LINE
8
Edge.Cuts
6
CONTINUOUS
10
208.7222059999999999
20
-91.2123979999999932
11
208.7281749999999931
21
-91.2096760000000017
0
LINE
8
Edge.Cuts
6
CONTINUOUS
10
208.7281749999999931
20
-91.2096760000000017
11
208.7341519999999946
21
-91.2069729999999907
0
LINE
8
Edge.Cuts
6
CONTINUOUS
10
208.7341519999999946
20
-91.2069729999999907
11
208.7401279999999986
21
-91.2042919999999953
0
LINE
8
Edge.Cuts
6
CONTINUOUS
10
208.7401279999999986
20
-91.2042919999999953
11
208.7461109999999849
21
-91.2016299999999944
0
LINE
8
Edge.Cuts
6
CONTINUOUS
10
208.7461109999999849
20
-91.2016299999999944
11
208.7520930000000021
21
-91.1989899999999949
0
LINE
8
Edge.Cuts
6
CONTINUOUS
10
208.7520930000000021
20
-91.1989899999999949
11
208.7580829999999992
21
-91.19636899999999
0
LINE
8
Edge.Cuts
6
CONTINUOUS
10
208.7580829999999992
20
-91.19636899999999
11
208.7640710000000013
21
-91.1937700000000007
0
LINE
8
Edge.Cuts
6
CONTINUOUS
10
208.7640710000000013
20
-91.1937700000000007
11
208.7700669999999832
21
-91.1911899999999918
0
LINE
8
Edge.Cuts
6
CONTINUOUS
10
208.7700669999999832
20
-91.1911899999999918
11
208.7760609999999986
21
-91.1886319999999984
0
LINE
8
Edge.Cuts
6
CONTINUOUS
10
208.7760609999999986
20
-91.1886319999999984
11
208.7820629999999937
21
-91.1860929999999996
0
LINE
8
Edge.Cuts
6
CONTINUOUS
10
208.7820629999999937
20
-91.1860929999999996
11
208.788062999999994
21
-91.1835760000000022
0
LINE
8
Edge.Cuts
6
CONTINUOUS
10
208.788062999999994
20
-91.1835760000000022
11
208.7940710000000024
21
-91.1810779999999994
0
LINE
8
Edge.Cuts
6
CONTINUOUS
10
208.7940710000000024
20
-91.1810779999999994
11
208.8000769999999875
21
-91.1786019999999979
0
LINE
8
Edge.Cuts
6
CONTINUOUS
10
208.8000769999999875
20
-91.1786019999999979
11
208.8060909999999808
21
-91.1761439999999936
0
LINE
8
Edge.Cuts
6
CONTINUOUS
10
208.8060909999999808
20
-91.1761439999999936
11
208.8121029999999791
21
-91.1737090000000023
0
LINE
8
Edge.Cuts
6
CONTINUOUS
10
208.8121029999999791
20
-91.1737090000000023
11
208.8181229999999857
21
-91.1712929999999915
0
LINE
8
Edge.Cuts
6
CONTINUOUS
10
208.8181229999999857
20
-91.1712929999999915
11
208.8241409999999973
21
-91.1688989999999961
0
LINE
8
Edge.Cuts
6
CONTINUOUS
10
208.8241409999999973
20
-91.1688989999999961
11
208.8301659999999913
21
-91.166522999999998
0
LINE
8
Edge.Cuts
6
CONTINUOUS
10
208.8301659999999913
20
-91.166522999999998
11
208.8361899999999878
21
-91.1641690000000011
0
LINE
8
Edge.Cuts
6
CONTINUOUS
10
208.8361899999999878
20
-91.1641690000000011
11
208.842220999999995
21
-91.1618349999999964
0
LINE
8
Edge.Cuts
6
CONTINUOUS
10
208.842220999999995
20
-91.1618349999999964
11
208.8482499999999789
21
-91.1595219999999955
0
LINE
8
Edge.Cuts
6
CONTINUOUS
10
208.8482499999999789
20
-91.1595219999999955
11
208.8542869999999994
21
-91.1572279999999893
0
LINE
8
Edge.Cuts
6
CONTINUOUS
10
208.8542869999999994
20
-91.1572279999999893
11
208.8603219999999965
21
-91.1549559999999985
0
LINE
8
Edge.Cuts
6
CONTINUOUS
10
208.8603219999999965
20
-91.1549559999999985
11
208.8663640000000044
21
-91.1527030000000025
0
LINE
8
Edge.Cuts
6
CONTINUOUS
10
208.8663640000000044
20
-91.1527030000000025
11
208.8724039999999889
21
-91.150470999999996
0
LINE
8
Edge.Cuts
6
CONTINUOUS
10
208.8724039999999889
20
-91.150470999999996
11
208.8784519999999816
21
-91.1482589999999959
0
LINE
8
Edge.Cuts
6
CONTINUOUS
10
208.8784519999999816
20
-91.1482589999999959
11
208.8844969999999819
21
-91.1460679999999996
0
LINE
8
Edge.Cuts
6
CONTINUOUS
10
208.8844969999999819
20
-91.1460679999999996
11
208.8905499999999904
21
-91.143895999999998
0
LINE
8
Edge.Cuts
6
CONTINUOUS
10
208.8905499999999904
20
-91.143895999999998
11
208.896601000000004
21
-91.1417459999999977
0
LINE
8
Edge.Cuts
6
CONTINUOUS
10
208.896601000000004
20
-91.1417459999999977
11
208.9026599999999974
21
-91.1396149999999921
0
LINE
8
Edge.Cuts
6
CONTINUOUS
10
208.9026599999999974
20
-91.1396149999999921
11
208.9087159999999983
21
-91.1375060000000019
0
LINE
8
Edge.Cuts
6
CONTINUOUS
10
208.9087159999999983
20
-91.1375060000000019
11
208.9147799999999791
21
-91.1354149999999947
0
LINE
8
Edge.Cuts
6
CONTINUOUS
10
208.9147799999999791
20
-91.1354149999999947
11
208.9208409999999958
21
-91.1333459999999889
0
LINE
8
Edge.Cuts
6
CONTINUOUS
10
208.9208409999999958
20
-91.1333459999999889
11
208.9269099999999924
21
-91.1312959999999919
0
LINE
8
Edge.Cuts
6
CONTINUOUS
10
208.9269099999999924
20
-91.1312959999999919
11
208.932976999999994
21
-91.1292679999999962
0
LINE
8
Edge.Cuts
6
CONTINUOUS
10
208.932976999999994
20
-91.1292679999999962
11
208.9390509999999779
21
-91.1272589999999951
0
LINE
8
Edge.Cuts
6
CONTINUOUS
10
208.9390509999999779
20
-91.1272589999999951
11
208.9451219999999978
21
-91.1252709999999979
0
LINE
8
Edge.Cuts
6
CONTINUOUS
10
208.9451219999999978
20
-91.1252709999999979
11
208.9512009999999975
21
-91.1233019999999954
0
LINE
8
Edge.Cuts
6
CONTINUOUS
10
208.9512009999999975
20
-91.1233019999999954
11
208.9572780000000023
21
-91.1213539999999966
0
LINE
8
Edge.Cuts
6
CONTINUOUS
10
208.9572780000000023
20
-91.1213539999999966
11
208.9633619999999894
21
-91.11942599999999
0
LINE
8
Edge.Cuts
6
CONTINUOUS
10
208.9633619999999894
20
-91.11942599999999
11
208.9694439999999815
21
-91.1175190000000015
0
LINE
8
Edge.Cuts
6
CONTINUOUS
10
208.9694439999999815
20
-91.1175190000000015
11
208.9755329999999844
21
-91.1156309999999934
0
LINE
8
Edge.Cuts
6
CONTINUOUS
10
208.9755329999999844
20
-91.1156309999999934
11
208.9816189999999949
21
-91.1137650000000008
0
LINE
8
Edge.Cuts
6
CONTINUOUS
10
208.9816189999999949
20
-91.1137650000000008
11
208.9877129999999852
21
-91.1119169999999912
0
LINE
8
Edge.Cuts
6
CONTINUOUS
10
208.9877129999999852
20
-91.1119169999999912
11
208.9938049999999805
21
-91.1100909999999971
0
LINE
8
Edge.Cuts
6
CONTINUOUS
10
208.9938049999999805
20
-91.1100909999999971
11
208.9999029999999891
21
-91.1082830000000001
0
LINE
8
Edge.Cuts
6
CONTINUOUS
10
208.9999029999999891
20
-91.1082830000000001
11
209.0060000000000002
21
-91.106498000000002
0
LINE
8
Edge.Cuts
6
CONTINUOUS
10
209.0060000000000002
20
-91.106498000000002
11
209.0121029999999962
21
-91.104731000000001
0
LINE
8
Edge.Cuts
6
CONTINUOUS
10
209.0121029999999962
20
-91.104731000000001
11
209.0182039999999972
21
-91.1029849999999897
0
LINE
8
Edge.Cuts
6
CONTINUOUS
10
209.0182039999999972
20
-91.1029849999999897
11
209.0243119999999806
21
-91.1012589999999989
0
LINE
8
Edge.Cuts
6
CONTINUOUS
10
209.0243119999999806
20
-91.1012589999999989
11
209.0304179999999974
21
-91.0995539999999977
0
LINE
8
Edge.Cuts
6
CONTINUOUS
10
209.0304179999999974
20
-91.0995539999999977
11
209.0365309999999965
21
-91.0978669999999937
0
LINE
8
Edge.Cuts
6
CONTINUOUS
10
209.0365309999999965
20
-91.0978669999999937
11
209.0426420000000007
21
-91.096201999999991
0
LINE
8
Edge.Cuts
6
CONTINUOUS
10
209.0426420000000007
20
-91.096201999999991
11
209.0487589999999898
21
-91.0945559999999972
0
LINE
8
Edge.Cuts
6
CONTINUOUS
10
209.0487589999999898
20
-91.0945559999999972
11
209.0548749999999814
21
-91.092930999999993
0
LINE
8
Edge.Cuts
6
CONTINUOUS
10
209.0548749999999814
20
-91.092930999999993
11
209.0609969999999862
21
-91.0913259999999951
0
LINE
8
Edge.Cuts
6
CONTINUOUS
10
209.0609969999999862
20
-91.0913259999999951
11
209.0671169999999961
21
-91.0897409999999894
0
LINE
8
Edge.Cuts
6
CONTINUOUS
10
209.0671169999999961
20
-91.0897409999999894
11
209.0732429999999908
21
-91.08817599999999
0
LINE
8
Edge.Cuts
6
CONTINUOUS
10
209.0732429999999908
20
-91.08817599999999
11
209.0793679999999881
21
-91.086630999999997
0
LINE
8
Edge.Cuts
6
CONTINUOUS
10
209.0793679999999881
20
-91.086630999999997
11
209.0854989999999987
21
-91.0851059999999961
0
LINE
8
Edge.Cuts
6
CONTINUOUS
10
209.0854989999999987
20
-91.0851059999999961
11
209.0963769999999897
21
-91.0824499999999944
0
LINE
8
Edge.Cuts
6
CONTINUOUS
10
210.5768549999999948
20
-91.3161559999999923
11
210.5885289999999941
21
-91.323049999999995
0
LINE
8
Edge.Cuts
6
CONTINUOUS
10
210.5885289999999941
20
-91.323049999999995
11
210.6001819999999896
21
-91.330024999999992
0
LINE
8
Edge.Cuts
6
CONTINUOUS
10
210.6001819999999896
20
-91.330024999999992
11
210.6118160000000046
21
-91.3370809999999977
0
LINE
8
Edge.Cuts
6
CONTINUOUS
10
210.6118160000000046
20
-91.3370809999999977
11
210.6234289999999874
21
-91.3442179999999979
0
LINE
8
Edge.Cuts
6
CONTINUOUS
10
210.6234289999999874
20
-91.3442179999999979
11
210.6350219999999922
21
-91.35143699999999
0
LINE
8
Edge.Cuts
6
CONTINUOUS
10
210.6350219999999922
20
-91.35143699999999
11
210.6465939999999932
21
-91.3587359999999933
0
LINE
8
Edge.Cuts
6
CONTINUOUS
10
210.6465939999999932
20
-91.3587359999999933
11
210.6581449999999904
21
-91.3661180000000002
0
LINE
8
Edge.Cuts
6
CONTINUOUS
10
210.6581449999999904
20
-91.3661180000000002
11
210.6696759999999813
21
-91.3735799999999898
0
LINE
8
Edge.Cuts
6
CONTINUOUS
10
210.6696759999999813
20
-91.3735799999999898
11
210.6811859999999967
21
-91.3811249999999973
0
LINE
8
Edge.Cuts
6
CONTINUOUS
10
210.6811859999999967
20
-91.3811249999999973
11
210.6926739999999825
21
-91.3887509999999992
0
LINE
8
Edge.Cuts
6
CONTINUOUS
10
210.6926739999999825
20
-91.3887509999999992
11
210.7041419999999903
21
-91.396458999999993
0
LINE
8
Edge.Cuts
6
CONTINUOUS
10
210.7041419999999903
20
-91.396458999999993
11
210.7155879999999968
21
-91.4042479999999955
0
LINE
8
Edge.Cuts
6
CONTINUOUS
10
210.7155879999999968
20
-91.4042479999999955
11
210.727012000000002
21
-91.4121200000000016
0
LINE
8
Edge.Cuts
6
CONTINUOUS
10
210.727012000000002
20
-91.4121200000000016
11
210.7384150000000034
21
-91.4200739999999996
0
LINE
8
Edge.Cuts
6
CONTINUOUS
10
210.7384150000000034
20
-91.4200739999999996
11
210.7497949999999776
21
-91.4281099999999896
0
LINE
8
Edge.Cuts
6
CONTINUOUS
10
210.7497949999999776
20
-91.4281099999999896
11
210.7611539999999763
21
-91.4362279999999998
0
LINE
8
Edge.Cuts
6
CONTINUOUS
10
210.7611539999999763
20
-91.4362279999999998
11
210.7724899999999764
21
-91.444428000000002
0
LINE
8
Edge.Cuts
6
CONTINUOUS
10
210.7724899999999764
20
-91.444428000000002
11
210.7838040000000035
21
-91.4527109999999936
0
LINE
8
Edge.Cuts
6
CONTINUOUS
10
210.7838040000000035
20
-91.4527109999999936
11
210.7950950000000034
21
-91.4610759999999914
0
LINE
8
Edge.Cuts
6
CONTINUOUS
10
210.7950950000000034
20
-91.4610759999999914
11
210.8063630000000046
21
-91.4695239999999927
0
LINE
8
Edge.Cuts
6
CONTINUOUS
10
210.8063630000000046
20
-91.4695239999999927
11
210.8176079999999786
21
-91.4780540000000002
0
LINE
8
Edge.Cuts
6
CONTINUOUS
10
210.8176079999999786
20
-91.4780540000000002
11
210.8288299999999822
21
-91.4866669999999971
0
LINE
8
Edge.Cuts
6
CONTINUOUS
10
210.8288299999999822
20
-91.4866669999999971
11
210.8400279999999896
21
-91.4953629999999976
0
LINE
8
Edge.Cuts
6
CONTINUOUS
10
210.8400279999999896
20
-91.4953629999999976
11
210.8512020000000007
21
-91.50414099999999
0
LINE
8
Edge.Cuts
6
CONTINUOUS
10
210.8512020000000007
20
-91.50414099999999
11
210.8623529999999846
21
-91.5130020000000002
0
LINE
8
Edge.Cuts
6
CONTINUOUS
10
210.8623529999999846
20
-91.5130020000000002
11
210.8734790000000032
21
-91.5219459999999998
0
LINE
8
Edge.Cuts
6
CONTINUOUS
10
210.8734790000000032
20
-91.5219459999999998
11
210.8845809999999972
21
-91.5309729999999888
0
LINE
8
Edge.Cuts
6
CONTINUOUS
10
210.8845809999999972
20
-91.5309729999999888
11
210.8956579999999974
21
-91.5400819999999982
0
LINE
8
Edge.Cuts
6
CONTINUOUS
10
210.8956579999999974
20
-91.5400819999999982
11
210.9067100000000039
21
-91.5492749999999944
0
LINE
8
Edge.Cuts
6
CONTINUOUS
10
210.9067100000000039
20
-91.5492749999999944
11
210.9177369999999883
21
-91.5585499999999968
0
LINE
8
Edge.Cuts
6
CONTINUOUS
10
210.9177369999999883
20
-91.5585499999999968
11
210.9287379999999814
21
-91.5679090000000002
0
LINE
8
Edge.Cuts
6
CONTINUOUS
10
210.9287379999999814
20
-91.5679090000000002
11
210.9397139999999808
21
-91.5773499999999956
0
LINE
8
Edge.Cuts
6
CONTINUOUS
10
210.9397139999999808
20
-91.5773499999999956
11
210.9506629999999916
21
-91.586874999999992
0
LINE
8
Edge.Cuts
6
CONTINUOUS
10
210.9506629999999916
20
-91.586874999999992
11
210.9615859999999827
21
-91.5964819999999946
0
LINE
8
Edge.Cuts
6
CONTINUOUS
10
210.9615859999999827
20
-91.5964819999999946
11
210.9724829999999827
21
-91.6061729999999983
0
LINE
8
Edge.Cuts
6
CONTINUOUS
10
210.9724829999999827
20
-91.6061729999999983
11
210.9833529999999939
21
-91.6159459999999939
0
LINE
8
Edge.Cuts
6
CONTINUOUS
10
210.9833529999999939
20
-91.6159459999999939
11
210.9941949999999906
21
-91.6258029999999906
0
LINE
8
Edge.Cuts
6
CONTINUOUS
10
210.9941949999999906
20
-91.6258029999999906
11
211.0050099999999986
21
-91.6357419999999934
0
LINE
8
Edge.Cuts
6
CONTINUOUS
10
211.0050099999999986
20
-91.6357419999999934
11
211.0157969999999921
21
-91.6457649999999973
0
LINE
8
Edge.Cuts
6
CONTINUOUS
10
211.0157969999999921
20
-91.6457649999999973
11
211.0265559999999994
21
-91.6558699999999931
0
LINE
8
Edge.Cuts
6
CONTINUOUS
10
211.0265559999999994
20
-91.6558699999999931
11
211.0372869999999921
21
-91.6660579999999925
0
LINE
8
Edge.Cuts
6
CONTINUOUS
10
211.0372869999999921
20
-91.6660579999999925
11
211.0479880000000037
21
-91.6763289999999955
0
LINE
8
Edge.Cuts
6
CONTINUOUS
10
211.0479880000000037
20
-91.6763289999999955
11
211.0586610000000007
21
-91.6866830000000022
0
LINE
8
Edge.Cuts
6
CONTINUOUS
10
211.0586610000000007
20
-91.6866830000000022
11
211.0693039999999883
21
-91.6971199999999982
0
LINE
8
Edge.Cuts
6
CONTINUOUS
10
211.0693039999999883
20
-91.6971199999999982
11
211.0799169999999947
21
-91.7076390000000004
0
LINE
8
Edge.Cuts
6
CONTINUOUS
10
211.0799169999999947
20
-91.7076390000000004
11
211.0904999999999916
21
-91.7182409999999919
0
LINE
8
Edge.Cuts
6
CONTINUOUS
10
211.0904999999999916
20
-91.7182409999999919
11
211.101052999999979
21
-91.7289260000000013
0
LINE
8
Edge.Cuts
6
CONTINUOUS
10
211.101052999999979
20
-91.7289260000000013
11
211.1115749999999878
21
-91.7396930000000026
0
LINE
8
Edge.Cuts
6
CONTINUOUS
10
211.1115749999999878
20
-91.7396930000000026
11
211.1220649999999921
21
-91.7505419999999958
0
LINE
8
Edge.Cuts
6
CONTINUOUS
10
211.1220649999999921
20
-91.7505419999999958
11
211.1325239999999894
21
-91.7614729999999952
0
LINE
8
Edge.Cuts
6
CONTINUOUS
10
211.1325239999999894
20
-91.7614729999999952
11
211.1429499999999848
21
-91.7724869999999981
0
LINE
8
Edge.Cuts
6
CONTINUOUS
10
211.1429499999999848
20
-91.7724869999999981
11
211.1533450000000016
21
-91.7835819999999956
0
LINE
8
Edge.Cuts
6
CONTINUOUS
10
211.1533450000000016
20
-91.7835819999999956
11
211.1637059999999906
21
-91.7947599999999966
0
LINE
8
Edge.Cuts
6
CONTINUOUS
10
211.1637059999999906
20
-91.7947599999999966
11
211.1740339999999776
21
-91.806018999999992
0
LINE
8
Edge.Cuts
6
CONTINUOUS
10
211.1740339999999776
20
-91.806018999999992
11
211.1843279999999936
21
-91.8173589999999962
0
LINE
8
Edge.Cuts
6
CONTINUOUS
10
211.1843279999999936
20
-91.8173589999999962
11
211.1945889999999793
21
-91.8287809999999922
0
LINE
8
Edge.Cuts
6
CONTINUOUS
10
211.1945889999999793
20
-91.8287809999999922
11
211.2048149999999964
21
-91.8402839999999969
0
LINE
8
Edge.Cuts
6
CONTINUOUS
10
211.2048149999999964
20
-91.8402839999999969
11
211.2150059999999883
21
-91.8518679999999961
0
LINE
8
Edge.Cuts
6
CONTINUOUS
10
211.2150059999999883
20
-91.8518679999999961
11
211.2251609999999857
21
-91.8635329999999897
0
LINE
8
Edge.Cuts
6
CONTINUOUS
10
211.2251609999999857
20
-91.8635329999999897
11
211.2352809999999863
21
-91.8752779999999944
0
LINE
8
Edge.Cuts
6
CONTINUOUS
10
211.2352809999999863
20
-91.8752779999999944
11
211.2453649999999925
21
-91.8871039999999937
0
LINE
8
Edge.Cuts
6
CONTINUOUS
10
211.2453649999999925
20
-91.8871039999999937
11
211.2554119999999784
21
-91.8990099999999899
0
LINE
8
Edge.Cuts
6
CONTINUOUS
10
211.2554119999999784
20
-91.8990099999999899
11
211.2654210000000035
21
-91.9109959999999973
0
LINE
8
Edge.Cuts
6
CONTINUOUS
10
211.2654210000000035
20
-91.9109959999999973
11
211.2728679999999883
21
-91.9199940000000026
0
LINE
8
Edge.Cuts
6
CONTINUOUS
10
211.2728679999999883
20
-91.9199940000000026
11
211.2828250000000025
21
-91.9321350000000024
0
LINE
8
Edge.Cuts
6
CONTINUOUS
10
211.2828250000000025
20
-91.9321350000000024
11
211.2927430000000015
21
-91.9443550000000016
0
LINE
8
Edge.Cuts
6
CONTINUOUS
10
211.2927430000000015
20
-91.9443550000000016
11
211.3026219999999853
21
-91.9566519999999912
0
LINE
8
Edge.Cuts
6
CONTINUOUS
10
211.3026219999999853
20
-91.9566519999999912
11
211.3124609999999848
21
-91.969026999999997
0
LINE
8
Edge.Cuts
6
CONTINUOUS
10
211.3124609999999848
20
-91.969026999999997
11
211.3222590000000025
21
-91.9814810000000023
0
LINE
8
Edge.Cuts
6
CONTINUOUS
10
211.3222590000000025
20
-91.9814810000000023
11
211.3320169999999791
21
-91.9940119999999979
0
LINE
8
Edge.Cuts
6
CONTINUOUS
10
211.3320169999999791
20
-91.9940119999999979
11
211.3417349999999999
21
-92.0066209999999955
0
LINE
8
Edge.Cuts
6
CONTINUOUS
10
211.3417349999999999
20
-92.0066209999999955
11
211.3514109999999846
21
-92.0193079999999952
0
LINE
8
Edge.Cuts
6
CONTINUOUS
10
211.3514109999999846
20
-92.0193079999999952
11
211.361046999999985
21
-92.0320729999999969
0
LINE
8
Edge.Cuts
6
CONTINUOUS
10
211.361046999999985
20
-92.0320729999999969
11
211.3706409999999778
21
-92.0449160000000006
0
LINE
8
Edge.Cuts
6
CONTINUOUS
10
211.3706409999999778
20
-92.0449160000000006
11
211.3801929999999913
21
-92.0578359999999947
0
LINE
8
Edge.Cuts
6
CONTINUOUS
10
211.3801929999999913
20
-92.0578359999999947
11
211.3897039999999947
21
-92.0708339999999907
0
LINE
8
Edge.Cuts
6
CONTINUOUS
10
211.3897039999999947
20
-92.0708339999999907
11
211.399171999999993
21
-92.0839099999999888
0
LINE
8
Edge.Cuts
6
CONTINUOUS
10
211.399171999999993
20
-92.0839099999999888
11
211.4085979999999836
21
-92.0970629999999915
0
LINE
8
Edge.Cuts
6
CONTINUOUS
10
211.4085979999999836
20
-92.0970629999999915
11
211.41798
21
-92.1102939999999961
0
LINE
8
Edge.Cuts
6
CONTINUOUS
10
211.41798
20
-92.1102939999999961
11
211.4273199999999804
21
-92.1236019999999911
0
LINE
8
Edge.Cuts
6
CONTINUOUS
10
211.4273199999999804
20
-92.1236019999999911
11
211.4366159999999866
21
-92.1369869999999906
0
LINE
8
Edge.Cuts
6
CONTINUOUS
10
211.4366159999999866
20
-92.1369869999999906
11
211.4458689999999876
21
-92.1504489999999947
0
LINE
8
Edge.Cuts
6
CONTINUOUS
10
211.4458689999999876
20
-92.1504489999999947
11
211.4550769999999886
21
-92.1639890000000008
0
LINE
8
Edge.Cuts
6
CONTINUOUS
10
211.4550769999999886
20
-92.1639890000000008
11
211.464240999999987
21
-92.1776049999999998
0
LINE
8
Edge.Cuts
6
CONTINUOUS
10
211.464240999999987
20
-92.1776049999999998
11
211.4733609999999828
21
-92.1912979999999891
0
LINE
8
Edge.Cuts
6
CONTINUOUS
10
211.4733609999999828
20
-92.1912979999999891
11
211.4824349999999811
21
-92.2050669999999997
0
LINE
8
Edge.Cuts
6
CONTINUOUS
10
211.4824349999999811
20
-92.2050669999999997
11
211.4914649999999767
21
-92.2189130000000006
0
LINE
8
Edge.Cuts
6
CONTINUOUS
10
211.4914649999999767
20
-92.2189130000000006
11
211.5004479999999774
21
-92.2328359999999918
0
LINE
8
Edge.Cuts
6
CONTINUOUS
10
211.5004479999999774
20
-92.2328359999999918
11
211.5093859999999779
21
-92.2468339999999927
0
LINE
8
Edge.Cuts
6
CONTINUOUS
10
211.5093859999999779
20
-92.2468339999999927
11
211.5182769999999834
21
-92.2609089999999981
0
LINE
8
Edge.Cuts
6
CONTINUOUS
10
211.5182769999999834
20
-92.2609089999999981
11
211.5271219999999914
21
-92.2750589999999988
0
LINE
8
Edge.Cuts
6
CONTINUOUS
10
211.5271219999999914
20
-92.2750589999999988
11
211.5359189999999785
21
-92.2892849999999925
0
LINE
8
Edge.Cuts
6
CONTINUOUS
10
211.5359189999999785
20
-92.2892849999999925
11
211.5446699999999964
21
-92.3035859999999957
0
LINE
8
Edge.Cuts
6
CONTINUOUS
10
211.5446699999999964
20
-92.3035859999999957
11
211.553371999999996
21
-92.3179629999999918
0
LINE
8
Edge.Cuts
6
CONTINUOUS
10
211.553371999999996
20
-92.3179629999999918
11
211.5620270000000005
21
-92.3324149999999975
0
LINE
8
Edge.Cuts
6
CONTINUOUS
10
211.5620270000000005
20
-92.3324149999999975
11
211.5706329999999866
21
-92.3469410000000011
0
LINE
8
Edge.Cuts
6
CONTINUOUS
10
211.5706329999999866
20
-92.3469410000000011
11
211.5791909999999802
21
-92.361542
0
LINE
8
Edge.Cuts
6
CONTINUOUS
10
211.5791909999999802
20
-92.361542
11
211.5876989999999864
21
-92.3762159999999994
0
LINE
8
Edge.Cuts
6
CONTINUOUS
10
211.5876989999999864
20
-92.3762159999999994
11
211.5961580000000026
21
-92.3909649999999942
0
LINE
8
Edge.Cuts
6
CONTINUOUS
10
211.5961580000000026
20
-92.3909649999999942
11
211.604567000000003
21
-92.4057880000000011
0
LINE
8
Edge.Cuts
6
CONTINUOUS
10
211.604567000000003
20
-92.4057880000000011
11
211.6129259999999874
21
-92.4206839999999943
0
LINE
8
Edge.Cuts
6
CONTINUOUS
10
211.6129259999999874
20
-92.4206839999999943
11
211.621233999999987
21
-92.4356530000000021
0
LINE
8
Edge.Cuts
6
CONTINUOUS
10
211.621233999999987
20
-92.4356530000000021
11
211.6294910000000016
21
-92.4506949999999961
0
LINE
8
Edge.Cuts
6
CONTINUOUS
10
211.6294910000000016
20
-92.4506949999999961
11
211.6376970000000028
21
-92.4658099999999905
0
LINE
8
Edge.Cuts
6
CONTINUOUS
10
211.6376970000000028
20
-92.4658099999999905
11
211.6458509999999933
21
-92.4809959999999904
0
LINE
8
Edge.Cuts
6
CONTINUOUS
10
211.6458509999999933
20
-92.4809959999999904
11
211.6539530000000013
21
-92.4962549999999908
0
LINE
8
Edge.Cuts
6
CONTINUOUS
10
211.6539530000000013
20
-92.4962549999999908
11
211.6620020000000011
21
-92.5115839999999992
0
LINE
8
Edge.Cuts
6
CONTINUOUS
10
211.6620020000000011
20
-92.5115839999999992
11
211.66999899999999
21
-92.5269849999999963
0
LINE
8
Edge.Cuts
6
CONTINUOUS
10
211.66999899999999
20
-92.5269849999999963
11
211.6779420000000016
21
-92.5424569999999989
0
LINE
8
Edge.Cuts
6
CONTINUOUS
10
211.6779420000000016
20
-92.5424569999999989
11
211.685830999999979
21
-92.5579989999999952
0
LINE
8
Edge.Cuts
6
CONTINUOUS
10
211.685830999999979
20
-92.5579989999999952
11
211.693665999999979
21
-92.5736100000000022
0
LINE
8
Edge.Cuts
6
CONTINUOUS
10
211.693665999999979
20
-92.5736100000000022
11
211.7014470000000017
21
-92.5892920000000004
0
LINE
8
Edge.Cuts
6
CONTINUOUS
10
211.7014470000000017
20
-92.5892920000000004
11
211.7091729999999927
21
-92.6050419999999974
0
LINE
8
Edge.Cuts
6
CONTINUOUS
10
211.7091729999999927
20
-92.6050419999999974
11
211.716842999999983
21
-92.6208599999999933
0
LINE
8
Edge.Cuts
6
CONTINUOUS
10
211.716842999999983
20
-92.6208599999999933
11
211.7244579999999985
21
-92.6367469999999997
0
LINE
8
Edge.Cuts
6
CONTINUOUS
10
211.7244579999999985
20
-92.6367469999999997
11
211.7320159999999873
21
-92.6527019999999908
0
LINE
8
Edge.Cuts
6
CONTINUOUS
10
211.7320159999999873
20
-92.6527019999999908
11
211.739516999999978
21
-92.668723
0
LINE
8
Edge.Cuts
6
CONTINUOUS
10
211.739516999999978
20
-92.668723
11
211.7469619999999964
21
-92.6848109999999963
0
LINE
8
Edge.Cuts
6
CONTINUOUS
10
211.7469619999999964
20
-92.6848109999999963
11
211.7543489999999906
21
-92.7009649999999965
0
LINE
8
Edge.Cuts
6
CONTINUOUS
10
211.7543489999999906
20
-92.7009649999999965
11
211.7579509999999914
21
-92.708911999999998
0
LINE
8
Edge.Cuts
6
CONTINUOUS
10
213.215974999999986
20
-93.6499999999999915
11
213.2046629999999823
21
-93.649959999999993
0
LINE
8
Edge.Cuts
6
CONTINUOUS
10
213.2046629999999823
20
-93.649959999999993
11
213.1933520000000044
21
-93.6498399999999975
0
LINE
8
Edge.Cuts
6
CONTINUOUS
10
213.1933520000000044
20
-93.6498399999999975
11
213.1820419999999956
21
-93.6496399999999909
0
LINE
8
Edge.Cuts
6
CONTINUOUS
10
213.1820419999999956
20
-93.6496399999999909
11
213.1707339999999817
21
-93.6493600000000015
0
LINE
8
Edge.Cuts
6
CONTINUOUS
10
213.1707339999999817
20
-93.6493600000000015
11
213.1594279999999912
21
-93.6490000000000009
0
LINE
8
Edge.Cuts
6
CONTINUOUS
10
213.1594279999999912
20
-93.6490000000000009
11
213.1481239999999957
21
-93.6485610000000008
0
LINE
8
Edge.Cuts
6
CONTINUOUS
10
213.1481239999999957
20
-93.6485610000000008
11
213.1368239999999901
21
-93.6480409999999921
0
LINE
8
Edge.Cuts
6
CONTINUOUS
10
213.1368239999999901
20
-93.6480409999999921
11
213.1255280000000027
21
-93.6474410000000006
0
LINE
8
Edge.Cuts
6
CONTINUOUS
10
213.1255280000000027
20
-93.6474410000000006
11
213.1142370000000028
21
-93.6467619999999954
0
LINE
8
Edge.Cuts
6
CONTINUOUS
10
213.1142370000000028
20
-93.6467619999999954
11
213.1029499999999928
21
-93.6460029999999932
0
LINE
8
Edge.Cuts
6
CONTINUOUS
10
213.1029499999999928
20
-93.6460029999999932
11
213.091668999999996
21
-93.6451639999999941
0
LINE
8
Edge.Cuts
6
CONTINUOUS
10
213.091668999999996
20
-93.6451639999999941
11
213.0803939999999841
21
-93.644244999999998
0
LINE
8
Edge.Cuts
6
CONTINUOUS
10
213.0803939999999841
20
-93.644244999999998
11
213.0691259999999829
21
-93.6432470000000023
0
LINE
8
Edge.Cuts
6
CONTINUOUS
10
213.0691259999999829
20
-93.6432470000000023
11
213.0578649999999925
21
-93.6421679999999981
0
LINE
8
Edge.Cuts
6
CONTINUOUS
10
213.0578649999999925
20
-93.6421679999999981
11
213.0466109999999844
21
-93.6410109999999918
0
LINE
8
Edge.Cuts
6
CONTINUOUS
10
213.0466109999999844
20
-93.6410109999999918
11
213.035365999999982
21
-93.639772999999991
0
LINE
8
Edge.Cuts
6
CONTINUOUS
10
213.035365999999982
20
-93.639772999999991
11
213.0241299999999853
21
-93.6384570000000025
0
LINE
8
Edge.Cuts
6
CONTINUOUS
10
213.0241299999999853
20
-93.6384570000000025
11
213.0129039999999918
21
-93.6370599999999911
0
LINE
8
Edge.Cuts
6
CONTINUOUS
10
213.0129039999999918
20
-93.6370599999999911
11
213.001687000000004
21
-93.6355849999999919
0
LINE
8
Edge.Cuts
6
CONTINUOUS
10
213.001687000000004
20
-93.6355849999999919
11
212.9904809999999884
21
-93.6340299999999957
0
LINE
8
Edge.Cuts
6
CONTINUOUS
10
212.9904809999999884
20
-93.6340299999999957
11
212.9792860000000019
21
-93.632396
0
LINE
8
Edge.Cuts
6
CONTINUOUS
10
212.9792860000000019
20
-93.632396
11
212.9681029999999851
21
-93.6306829999999906
0
LINE
8
Edge.Cuts
6
CONTINUOUS
10
212.9681029999999851
20
-93.6306829999999906
11
212.9569329999999923
21
-93.6288909999999959
0
LINE
8
Edge.Cuts
6
CONTINUOUS
10
212.9569329999999923
20
-93.6288909999999959
11
212.9457749999999976
21
-93.62701899999999
0
LINE
8
Edge.Cuts
6
CONTINUOUS
10
212.9457749999999976
20
-93.62701899999999
11
212.9346299999999985
21
-93.6250689999999963
0
LINE
8
Edge.Cuts
6
CONTINUOUS
10
212.9346299999999985
20
-93.6250689999999963
11
212.92349999999999
21
-93.6230399999999889
0
LINE
8
Edge.Cuts
6
CONTINUOUS
10
212.92349999999999
20
-93.6230399999999889
11
212.912384000000003
21
-93.6209329999999937
0
LINE
8
Edge.Cuts
6
CONTINUOUS
10
212.912384000000003
20
-93.6209329999999937
11
212.9012829999999781
21
-93.618746999999999
0
LINE
8
Edge.Cuts
6
CONTINUOUS
10
212.9012829999999781
20
-93.618746999999999
11
212.8957379999999944
21
-93.6176249999999897
0
LINE
8
Edge.Cuts
6
CONTINUOUS
10
212.8957379999999944
20
-93.6176249999999897
11
212.890197999999998
21
-93.6164819999999906
0
LINE
8
Edge.Cuts
6
CONTINUOUS
10
212.890197999999998
20
-93.6164819999999906
11
212.8846609999999941
21
-93.6153209999999945
0
LINE
8
Edge.Cuts
6
CONTINUOUS
10
212.8846609999999941
20
-93.6153209999999945
11
212.8791289999999776
21
-93.6141399999999919
0
LINE
8
Edge.Cuts
6
CONTINUOUS
10
212.8791289999999776
20
-93.6141399999999919
11
212.8736009999999794
21
-93.6129389999999972
0
LINE
8
Edge.Cuts
6
CONTINUOUS
10
212.8736009999999794
20
-93.6129389999999972
11
212.8680769999999995
21
-93.6117189999999937
0
LINE
8
Edge.Cuts
6
CONTINUOUS
10
212.8680769999999995
20
-93.6117189999999937
11
212.8625569999999811
21
-93.610478999999998
0
LINE
8
Edge.Cuts
6
CONTINUOUS
10
212.8625569999999811
20
-93.610478999999998
11
212.8570419999999785
21
-93.609218999999996
0
LINE
8
Edge.Cuts
6
CONTINUOUS
10
212.8570419999999785
20
-93.609218999999996
11
212.8515309999999943
21
-93.6079409999999967
0
LINE
8
Edge.Cuts
6
CONTINUOUS
10
212.8515309999999943
20
-93.6079409999999967
11
212.8460249999999974
21
-93.6066419999999937
0
LINE
8
Edge.Cuts
6
CONTINUOUS
10
212.8460249999999974
20
-93.6066419999999937
11
212.8405229999999904
21
-93.6053249999999935
0
LINE
8
Edge.Cuts
6
CONTINUOUS
10
212.8405229999999904
20
-93.6053249999999935
11
212.8350259999999992
21
-93.6039869999999894
0
LINE
8
Edge.Cuts
6
CONTINUOUS
10
212.8350259999999992
20
-93.6039869999999894
11
212.8295339999999953
21
-93.6026310000000024
0
LINE
8
Edge.Cuts
6
CONTINUOUS
10
212.8295339999999953
20
-93.6026310000000024
11
212.8240469999999789
21
-93.6012549999999948
0
LINE
8
Edge.Cuts
6
CONTINUOUS
10
212.8240469999999789
20
-93.6012549999999948
11
212.8185649999999782
21
-93.599858999999995
0
LINE
8
Edge.Cuts
6
CONTINUOUS
10
212.8185649999999782
20
-93.599858999999995
11
212.8130869999999959
21
-93.5984440000000006
0
LINE
8
Edge.Cuts
6
CONTINUOUS
10
212.8130869999999959
20
-93.5984440000000006
11
212.8076149999999984
21
-93.5970099999999974
0
LINE
8
Edge.Cuts
6
CONTINUOUS
10
212.8076149999999984
20
-93.5970099999999974
11
212.8021469999999908
21
-93.5955569999999994
0
LINE
8
Edge.Cuts
6
CONTINUOUS
10
212.8021469999999908
20
-93.5955569999999994
11
212.7966849999999965
21
-93.5940839999999952
0
LINE
8
Edge.Cuts
6
CONTINUOUS
10
212.7966849999999965
20
-93.5940839999999952
11
212.7912279999999896
21
-93.5925919999999962
0
LINE
8
Edge.Cuts
6
CONTINUOUS
10
212.7912279999999896
20
-93.5925919999999962
11
212.785776999999996
21
-93.5910799999999909
0
LINE
8
Edge.Cuts
6
CONTINUOUS
10
212.785776999999996
20
-93.5910799999999909
11
212.7803299999999922
21
-93.5895500000000027
0
LINE
8
Edge.Cuts
6
CONTINUOUS
10
212.7803299999999922
20
-93.5895500000000027
11
212.7748899999999992
21
-93.5879999999999939
0
LINE
8
Edge.Cuts
6
CONTINUOUS
10
212.7748899999999992
20
-93.5879999999999939
11
212.7694539999999961
21
-93.5864309999999904
0
LINE
8
Edge.Cuts
6
CONTINUOUS
10
212.7694539999999961
20
-93.5864309999999904
11
212.7640250000000037
21
-93.5848419999999948
0
LINE
8
Edge.Cuts
6
CONTINUOUS
10
212.7640250000000037
20
-93.5848419999999948
11
212.7586009999999987
21
-93.5832350000000019
0
LINE
8
Edge.Cuts
6
CONTINUOUS
10
212.7586009999999987
20
-93.5832350000000019
11
212.7531819999999811
21
-93.5816080000000028
0
LINE
8
Edge.Cuts
6
CONTINUOUS
10
212.7531819999999811
20
-93.5816080000000028
11
212.7477700000000027
21
-93.5799619999999948
0
LINE
8
Edge.Cuts
6
CONTINUOUS
10
212.7477700000000027
20
-93.5799619999999948
11
212.7423629999999832
21
-93.5782969999999921
0
LINE
8
Edge.Cuts
6
CONTINUOUS
10
212.7423629999999832
20
-93.5782969999999921
11
212.736961999999977
21
-93.5766129999999947
0
LINE
8
Edge.Cuts
6
CONTINUOUS
10
212.736961999999977
20
-93.5766129999999947
11
212.7315679999999816
21
-93.5749100000000027
0
LINE
8
Edge.Cuts
6
CONTINUOUS
10
212.7315679999999816
20
-93.5749100000000027
11
212.7261790000000019
21
-93.5731869999999901
0
LINE
8
Edge.Cuts
6
CONTINUOUS
10
212.7261790000000019
20
-93.5731869999999901
11
212.7207959999999787
21
-93.5714459999999946
0
LINE
8
Edge.Cuts
6
CONTINUOUS
10
212.7207959999999787
20
-93.5714459999999946
11
212.7154189999999971
21
-93.5696859999999901
0
LINE
8
Edge.Cuts
6
CONTINUOUS
10
212.7154189999999971
20
-93.5696859999999901
11
212.7100499999999954
21
-93.5679059999999936
0
LINE
8
Edge.Cuts
6
CONTINUOUS
10
212.7100499999999954
20
-93.5679059999999936
11
212.7046849999999836
21
-93.5661079999999998
0
LINE
8
Edge.Cuts
6
CONTINUOUS
10
212.7046849999999836
20
-93.5661079999999998
11
212.69932799999998
21
-93.5642909999999972
0
LINE
8
Edge.Cuts
6
CONTINUOUS
10
212.69932799999998
20
-93.5642909999999972
11
212.6939769999999896
21
-93.5624540000000025
0
LINE
8
Edge.Cuts
6
CONTINUOUS
10
212.6939769999999896
20
-93.5624540000000025
11
212.6886329999999816
21
-93.5605989999999963
0
LINE
8
Edge.Cuts
6
CONTINUOUS
10
212.6886329999999816
20
-93.5605989999999963
11
212.6832939999999894
21
-93.5587249999999955
0
LINE
8
Edge.Cuts
6
CONTINUOUS
10
212.6832939999999894
20
-93.5587249999999955
11
212.677962999999977
21
-93.556832
0
LINE
8
Edge.Cuts
6
CONTINUOUS
10
212.677962999999977
20
-93.556832
11
212.6726379999999779
21
-93.5549199999999956
0
LINE
8
Edge.Cuts
6
CONTINUOUS
10
212.6726379999999779
20
-93.5549199999999956
11
212.667320999999987
21
-93.5529899999999941
0
LINE
8
Edge.Cuts
6
CONTINUOUS
10
212.667320999999987
20
-93.5529899999999941
11
212.6620089999999834
21
-93.5510400000000004
0
LINE
8
Edge.Cuts
6
CONTINUOUS
10
212.6620089999999834
20
-93.5510400000000004
11
212.6567059999999856
21
-93.5490719999999953
0
LINE
8
Edge.Cuts
6
CONTINUOUS
10
212.6567059999999856
20
-93.5490719999999953
11
212.6514080000000035
21
-93.5470849999999956
0
LINE
8
Edge.Cuts
6
CONTINUOUS
10
212.6514080000000035
20
-93.5470849999999956
11
212.6461189999999988
21
-93.5450799999999987
0
LINE
8
Edge.Cuts
6
CONTINUOUS
10
212.6461189999999988
20
-93.5450799999999987
11
212.6408349999999814
21
-93.5430549999999954
0
LINE
8
Edge.Cuts
6
CONTINUOUS
10
212.6408349999999814
20
-93.5430549999999954
11
212.6355599999999981
21
-93.5410129999999924
0
LINE
8
Edge.Cuts
6
CONTINUOUS
10
212.6355599999999981
20
-93.5410129999999924
11
212.6302909999999997
21
-93.5389509999999973
0
LINE
8
Edge.Cuts
6
CONTINUOUS
10
212.6302909999999997
20
-93.5389509999999973
11
212.6250299999999811
21
-93.5368709999999908
0
LINE
8
Edge.Cuts
6
CONTINUOUS
10
212.6250299999999811
20
-93.5368709999999908
11
212.6197760000000017
21
-93.5347719999999896
0
LINE
8
Edge.Cuts
6
CONTINUOUS
10
212.6197760000000017
20
-93.5347719999999896
11
212.614530000000002
21
-93.5326539999999937
0
LINE
8
Edge.Cuts
6
CONTINUOUS
10
212.614530000000002
20
-93.5326539999999937
11
212.6092899999999872
21
-93.5305180000000007
0
LINE
8
Edge.Cuts
6
CONTINUOUS
10
212.6092899999999872
20
-93.5305180000000007
11
212.6085339999999917
21
-93.5302080000000018
0
LINE
8
Edge.Cuts
6
CONTINUOUS
10
212.6085339999999917
20
-93.5302080000000018
11
212.5980840000000001
21
-93.5258759999999967
0
LINE
8
Edge.Cuts
6
CONTINUOUS
10
212.5980840000000001
20
-93.5258759999999967
11
212.5876659999999845
21
-93.5214709999999911
0
LINE
8
Edge.Cuts
6
CONTINUOUS
10
212.5876659999999845
20
-93.5214709999999911
11
212.5772779999999784
21
-93.5169920000000019
0
LINE
8
Edge.Cuts
6
CONTINUOUS
10
212.5772779999999784
20
-93.5169920000000019
11
212.5669230000000027
21
-93.512439999999998
0
LINE
8
Edge.Cuts
6
CONTINUOUS
10
212.5669230000000027
20
-93.512439999999998
11
212.5566000000000031
21
-93.5078149999999937
0
LINE
8
Edge.Cuts
6
CONTINUOUS
10
212.5566000000000031
20
-93.5078149999999937
11
212.546309999999977
21
-93.5031169999999889
0
LINE
8
Edge.Cuts
6
CONTINUOUS
10
212.546309999999977
20
-93.5031169999999889
11
212.5360529999999812
21
-93.498345999999998
0
LINE
8
Edge.Cuts
6
CONTINUOUS
10
212.5360529999999812
20
-93.498345999999998
11
212.5258299999999849
21
-93.4935029999999898
0
LINE
8
Edge.Cuts
6
CONTINUOUS
10
212.5258299999999849
20
-93.4935029999999898
11
212.5156419999999855
21
-93.4885869999999954
0
LINE
8
Edge.Cuts
6
CONTINUOUS
10
212.5156419999999855
20
-93.4885869999999954
11
212.505488999999983
21
-93.4835999999999956
0
LINE
8
Edge.Cuts
6
CONTINUOUS
10
212.505488999999983
20
-93.4835999999999956
11
212.4953709999999774
21
-93.4785409999999928
0
LINE
8
Edge.Cuts
6
CONTINUOUS
10
212.4953709999999774
20
-93.4785409999999928
11
212.4852889999999945
21
-93.4734100000000012
0
LINE
8
Edge.Cuts
6
CONTINUOUS
10
212.4852889999999945
20
-93.4734100000000012
11
212.4752429999999777
21
-93.4682090000000017
0
LINE
8
Edge.Cuts
6
CONTINUOUS
10
212.4752429999999777
20
-93.4682090000000017
11
212.4652339999999811
21
-93.4629359999999991
0
LINE
8
Edge.Cuts
6
CONTINUOUS
10
212.4652339999999811
20
-93.4629359999999991
11
212.4552630000000022
21
-93.4575919999999911
0
LINE
8
Edge.Cuts
6
CONTINUOUS
10
212.4552630000000022
20
-93.4575919999999911
11
212.4453299999999842
21
-93.452179000000001
0
LINE
8
Edge.Cuts
6
CONTINUOUS
10
212.4453299999999842
20
-93.452179000000001
11
212.435434999999984
21
-93.4466949999999912
0
LINE
8
Edge.Cuts
6
CONTINUOUS
10
212.435434999999984
20
-93.4466949999999912
11
212.425578999999999
21
-93.4411410000000018
0
LINE
8
Edge.Cuts
6
CONTINUOUS
10
212.425578999999999
20
-93.4411410000000018
11
212.4157620000000009
21
-93.4355169999999902
0
LINE
8
Edge.Cuts
6
CONTINUOUS
10
212.4157620000000009
20
-93.4355169999999902
11
212.4059859999999844
21
-93.4298239999999964
0
LINE
8
Edge.Cuts
6
CONTINUOUS
10
212.4059859999999844
20
-93.4298239999999964
11
212.3962489999999832
21
-93.4240629999999896
0
LINE
8
Edge.Cuts
6
CONTINUOUS
10
212.3962489999999832
20
-93.4240629999999896
11
212.3865539999999896
21
-93.4182319999999891
0
LINE
8
Edge.Cuts
6
CONTINUOUS
10
212.3865539999999896
20
-93.4182319999999891
11
212.3768999999999778
21
-93.4123329999999896
0
LINE
8
Edge.Cuts
6
CONTINUOUS
10
212.3768999999999778
20
-93.4123329999999896
11
212.3672880000000021
21
-93.4063659999999913
0
LINE
8
Edge.Cuts
6
CONTINUOUS
10
212.3672880000000021
20
-93.4063659999999913
11
212.3577179999999771
21
-93.4003309999999942
0
LINE
8
Edge.Cuts
6
CONTINUOUS
10
212.3577179999999771
20
-93.4003309999999942
11
212.3481909999999857
21
-93.3942279999999982
0
LINE
8
Edge.Cuts
6
CONTINUOUS
10
212.3481909999999857
20
-93.3942279999999982
11
212.3387079999999969
21
-93.3880580000000009
0
LINE
8
Edge.Cuts
6
CONTINUOUS
10
212.3387079999999969
20
-93.3880580000000009
11
212.3292679999999848
21
-93.3818210000000022
0
LINE
8
Edge.Cuts
6
CONTINUOUS
10
212.3292679999999848
20
-93.3818210000000022
11
212.324563999999981
21
-93.3786779999999936
0
LINE
8
Edge.Cuts
6
CONTINUOUS
10
212.324563999999981
20
-93.3786779999999936
11
212.3198720000000037
21
-93.3755179999999996
0
LINE
8
Edge.Cuts
6
CONTINUOUS
10
212.3198720000000037
20
-93.3755179999999996
11
212.3151909999999987
21
-93.3723409999999916
0
LINE
8
Edge.Cuts
6
CONTINUOUS
10
212.3151909999999987
20
-93.3723409999999916
11
212.3105209999999943
21
-93.3691479999999956
0
LINE
8
Edge.Cuts
6
CONTINUOUS
10
212.3105209999999943
20
-93.3691479999999956
11
212.305862999999988
21
-93.3659389999999973
0
LINE
8
Edge.Cuts
6
CONTINUOUS
10
212.305862999999988
20
-93.3659389999999973
11
212.3012159999999824
21
-93.3627120000000019
0
LINE
8
Edge.Cuts
6
CONTINUOUS
10
212.3012159999999824
20
-93.3627120000000019
11
212.2965799999999774
21
-93.3594700000000017
0
LINE
8
Edge.Cuts
6
CONTINUOUS
10
212.2965799999999774
20
-93.3594700000000017
11
212.291955999999999
21
-93.3562110000000018
0
LINE
8
Edge.Cuts
6
CONTINUOUS
10
212.291955999999999
20
-93.3562110000000018
11
212.2873439999999903
21
-93.3529359999999997
0
LINE
8
Edge.Cuts
6
CONTINUOUS
10
212.2873439999999903
20
-93.3529359999999997
11
212.2827419999999847
21
-93.3496439999999978
0
LINE
8
Edge.Cuts
6
CONTINUOUS
10
212.2827419999999847
20
-93.3496439999999978
11
212.2781530000000032
21
-93.3463369999999912
0
LINE
8
Edge.Cuts
6
CONTINUOUS
10
212.2781530000000032
20
-93.3463369999999912
11
212.2735749999999939
21
-93.3430120000000016
0
LINE
8
Edge.Cuts
6
CONTINUOUS
10
212.2735749999999939
20
-93.3430120000000016
11
212.2690099999999802
21
-93.3396719999999931
0
LINE
8
Edge.Cuts
6
CONTINUOUS
10
212.2690099999999802
20
-93.3396719999999931
11
212.2644549999999981
21
-93.3363159999999965
0
LINE
8
Edge.Cuts
6
CONTINUOUS
10
212.2644549999999981
20
-93.3363159999999965
11
212.2599129999999832
21
-93.3329439999999977
0
LINE
8
Edge.Cuts
6
CONTINUOUS
10
212.2599129999999832
20
-93.3329439999999977
11
212.2553829999999948
21
-93.3295549999999992
0
LINE
8
Edge.Cuts
6
CONTINUOUS
10
212.2553829999999948
20
-93.3295549999999992
11
212.2508650000000046
21
-93.3261509999999959
0
LINE
8
Edge.Cuts
6
CONTINUOUS
10
212.2508650000000046
20
-93.3261509999999959
11
212.246358999999984
21
-93.3227299999999929
0
LINE
8
Edge.Cuts
6
CONTINUOUS
10
212.246358999999984
20
-93.3227299999999929
11
212.24186499999999
21
-93.3192939999999993
0
LINE
8
Edge.Cuts
6
CONTINUOUS
10
212.24186499999999
20
-93.3192939999999993
11
212.2373829999999941
21
-93.3158419999999893
0
LINE
8
Edge.Cuts
6
CONTINUOUS
10
212.2373829999999941
20
-93.3158419999999893
11
212.2329129999999964
21
-93.3123739999999913
0
LINE
8
Edge.Cuts
6
CONTINUOUS
10
212.2329129999999964
20
-93.3123739999999913
11
212.2284559999999942
21
-93.308889999999991
0
LINE
8
Edge.Cuts
6
CONTINUOUS
10
212.2284559999999942
20
-93.308889999999991
11
212.2240109999999902
21
-93.3053910000000002
0
LINE
8
Edge.Cuts
6
CONTINUOUS
10
212.2240109999999902
20
-93.3053910000000002
11
212.2195779999999843
21
-93.3018759999999929
0
LINE
8
Edge.Cuts
6
CONTINUOUS
10
212.2195779999999843
20
-93.3018759999999929
11
212.2151580000000024
21
-93.2983449999999976
0
LINE
8
Edge.Cuts
6
CONTINUOUS
10
212.2151580000000024
20
-93.2983449999999976
11
212.2107499999999902
21
-93.2947980000000001
0
LINE
8
Edge.Cuts
6
CONTINUOUS
10
212.2107499999999902
20
-93.2947980000000001
11
212.2063550000000021
21
-93.2912359999999978
0
LINE
8
Edge.Cuts
6
CONTINUOUS
10
212.2063550000000021
20
-93.2912359999999978
11
212.2019729999999811
21
-93.2876589999999908
0
LINE
8
Edge.Cuts
6
CONTINUOUS
10
212.2019729999999811
20
-93.2876589999999908
11
212.1976029999999867
21
-93.2840659999999957
0
LINE
8
Edge.Cuts
6
CONTINUOUS
10
212.1976029999999867
20
-93.2840659999999957
11
212.1932459999999878
21
-93.2804569999999984
0
LINE
8
Edge.Cuts
6
CONTINUOUS
10
212.1932459999999878
20
-93.2804569999999984
11
212.1889019999999846
21
-93.2768329999999963
0
LINE
8
Edge.Cuts
6
CONTINUOUS
10
212.1889019999999846
20
-93.2768329999999963
11
212.1845699999999795
21
-93.2731939999999895
0
LINE
8
Edge.Cuts
6
CONTINUOUS
10
212.1845699999999795
20
-93.2731939999999895
11
212.1802519999999959
21
-93.2695399999999921
0
LINE
8
Edge.Cuts
6
CONTINUOUS
10
212.1802519999999959
20
-93.2695399999999921
11
212.175945999999982
21
-93.2658699999999925
0
LINE
8
Edge.Cuts
6
CONTINUOUS
10
212.175945999999982
20
-93.2658699999999925
11
212.1716539999999895
21
-93.2621850000000023
0
LINE
8
Edge.Cuts
6
CONTINUOUS
10
212.1716539999999895
20
-93.2621850000000023
11
212.1673739999999952
21
-93.2584849999999932
0
LINE
8
Edge.Cuts
6
CONTINUOUS
10
212.1673739999999952
20
-93.2584849999999932
11
212.163107999999994
21
-93.2547699999999935
0
LINE
8
Edge.Cuts
6
CONTINUOUS
10
212.163107999999994
20
-93.2547699999999935
11
212.1588539999999909
21
-93.2510389999999916
0
LINE
8
Edge.Cuts
6
CONTINUOUS
10
212.1588539999999909
20
-93.2510389999999916
11
212.1546139999999809
21
-93.2472939999999966
0
LINE
8
Edge.Cuts
6
CONTINUOUS
10
212.1546139999999809
20
-93.2472939999999966
11
212.1503869999999949
21
-93.2435339999999968
0
LINE
8
Edge.Cuts
6
CONTINUOUS
10
212.1503869999999949
20
-93.2435339999999968
11
212.146174000000002
21
-93.2397589999999923
0
LINE
8
Edge.Cuts
6
CONTINUOUS
10
212.146174000000002
20
-93.2397589999999923
11
212.1419739999999763
21
-93.2359679999999997
0
LINE
8
Edge.Cuts
6
CONTINUOUS
10
212.1419739999999763
20
-93.2359679999999997
11
212.137787000000003
21
-93.2321639999999974
0
LINE
8
Edge.Cuts
6
CONTINUOUS
10
212.137787000000003
20
-93.2321639999999974
11
212.1336129999999969
21
-93.2283439999999928
0
LINE
8
Edge.Cuts
6
CONTINUOUS
10
212.1336129999999969
20
-93.2283439999999928
11
212.1294539999999813
21
-93.2245089999999976
0
LINE
8
Edge.Cuts
6
CONTINUOUS
10
212.1294539999999813
20
-93.2245089999999976
11
212.1253079999999898
21
-93.2206599999999952
0
LINE
8
Edge.Cuts
6
CONTINUOUS
10
212.1253079999999898
20
-93.2206599999999952
11
212.1211749999999938
21
-93.2167960000000022
0
LINE
8
Edge.Cuts
6
CONTINUOUS
10
212.1211749999999938
20
-93.2167960000000022
11
212.1170559999999909
21
-93.2129180000000019
0
LINE
8
Edge.Cuts
6
CONTINUOUS
10
212.1170559999999909
20
-93.2129180000000019
11
212.1129509999999811
21
-93.2090249999999969
0
LINE
8
Edge.Cuts
6
CONTINUOUS
10
212.1129509999999811
20
-93.2090249999999969
11
212.1088599999999929
21
-93.2051170000000013
0
LINE
8
Edge.Cuts
6
CONTINUOUS
10
212.1088599999999929
20
-93.2051170000000013
11
212.1047820000000002
21
-93.2011949999999985
0
LINE
8
Edge.Cuts
6
CONTINUOUS
10
212.1047820000000002
20
-93.2011949999999985
11
212.1007180000000005
21
-93.1972590000000025
0
LINE
8
Edge.Cuts
6
CONTINUOUS
10
212.1007180000000005
20
-93.1972590000000025
11
212.0966689999999915
21
-93.1933080000000018
0
LINE
8
Edge.Cuts
6
CONTINUOUS
10
212.0966689999999915
20
-93.1933080000000018
11
212.092632999999978
21
-93.1893429999999938
0
LINE
8
Edge.Cuts
6
CONTINUOUS
10
212.092632999999978
20
-93.1893429999999938
11
212.0920519999999954
21
-93.188769999999991
0
LINE
8
Edge.Cuts
6
CONTINUOUS
10
212.0920519999999954
20
-93.188769999999991
11
212.0840289999999868
21
-93.1807960000000008
0
LINE
8
Edge.Cuts
6
CONTINUOUS
10
212.0840289999999868
20
-93.1807960000000008
11
212.0760629999999765
21
-93.1727649999999983
0
LINE
8
Edge.Cuts
6
CONTINUOUS
10
212.0760629999999765
20
-93.1727649999999983
11
212.0681539999999927
21
-93.164677999999995
0
LINE
8
Edge.Cuts
6
CONTINUOUS
10
212.0681539999999927
20
-93.164677999999995
11
212.0603019999999788
21
-93.156534999999991
0
LINE
8
Edge.Cuts
6
CONTINUOUS
10
212.0603019999999788
20
-93.156534999999991
11
212.0525069999999914
21
-93.1483369999999979
0
LINE
8
Edge.Cuts
6
CONTINUOUS
10
212.0525069999999914
20
-93.1483369999999979
11
212.0447709999999972
21
-93.14008299999999
0
LINE
8
Edge.Cuts
6
CONTINUOUS
10
212.0447709999999972
20
-93.14008299999999
11
212.0370939999999962
21
-93.1317760000000021
0
LINE
8
Edge.Cuts
6
CONTINUOUS
10
212.0370939999999962
20
-93.1317760000000021
11
212.0294749999999908
21
-93.1234139999999968
0
LINE
8
Edge.Cuts
6
CONTINUOUS
10
212.0294749999999908
20
-93.1234139999999968
11
212.0219160000000045
21
-93.1149989999999974
0
LINE
8
Edge.Cuts
6
CONTINUOUS
10
212.0219160000000045
20
-93.1149989999999974
11
212.0144159999999829
21
-93.1065299999999922
0
LINE
8
Edge.Cuts
6
CONTINUOUS
10
212.0144159999999829
20
-93.1065299999999922
11
212.0069759999999803
21
-93.098007999999993
0
LINE
8
Edge.Cuts
6
CONTINUOUS
10
212.0069759999999803
20
-93.098007999999993
11
211.9995959999999968
21
-93.0894339999999971
0
LINE
8
Edge.Cuts
6
CONTINUOUS
10
211.9995959999999968
20
-93.0894339999999971
11
211.9922779999999989
21
-93.0808079999999904
0
LINE
8
Edge.Cuts
6
CONTINUOUS
10
211.9922779999999989
20
-93.0808079999999904
11
211.9850199999999916
21
-93.0721300000000014
0
LINE
8
Edge.Cuts
6
CONTINUOUS
10
211.9850199999999916
20
-93.0721300000000014
11
211.9778239999999983
21
-93.0634009999999989
0
LINE
8
Edge.Cuts
6
CONTINUOUS
10
211.9778239999999983
20
-93.0634009999999989
11
211.9706899999999905
21
-93.0546209999999974
0
LINE
8
Edge.Cuts
6
CONTINUOUS
10
211.9706899999999905
20
-93.0546209999999974
11
211.9636169999999993
21
-93.0457909999999941
0
LINE
8
Edge.Cuts
6
CONTINUOUS
10
211.9636169999999993
20
-93.0457909999999941
11
211.9566079999999886
21
-93.0369109999999893
0
LINE
8
Edge.Cuts
6
CONTINUOUS
10
211.9566079999999886
20
-93.0369109999999893
11
211.9496609999999919
21
-93.0279819999999944
0
LINE
8
Edge.Cuts
6
CONTINUOUS
10
211.9496609999999919
20
-93.0279819999999944
11
211.9427780000000041
21
-93.0190029999999979
0
LINE
8
Edge.Cuts
6
CONTINUOUS
10
211.9427780000000041
20
-93.0190029999999979
11
211.9359579999999994
21
-93.0099769999999921
0
LINE
8
Edge.Cuts
6
CONTINUOUS
10
211.9359579999999994
20
-93.0099769999999921
11
211.9292020000000036
21
-93.0009019999999964
0
LINE
8
Edge.Cuts
6
CONTINUOUS
10
211.9292020000000036
20
-93.0009019999999964
11
211.9225099999999884
21
-92.991778999999994
0
LINE
8
Edge.Cuts
6
CONTINUOUS
10
211.9225099999999884
20
-92.991778999999994
11
211.9158829999999796
21
-92.9826089999999965
0
LINE
8
Edge.Cuts
6
CONTINUOUS
10
211.9158829999999796
20
-92.9826089999999965
11
211.9093209999999772
21
-92.9733930000000015
0
LINE
8
Edge.Cuts
6
CONTINUOUS
10
211.9093209999999772
20
-92.9733930000000015
11
211.9028239999999812
21
-92.9641299999999973
0
LINE
8
Edge.Cuts
6
CONTINUOUS
10
211.9028239999999812
20
-92.9641299999999973
11
211.8996009999999899
21
-92.9594819999999942
0
LINE
8
Edge.Cuts
6
CONTINUOUS
10
211.8996009999999899
20
-92.9594819999999942
11
211.8963929999999891
21
-92.954821999999993
0
LINE
8
Edge.Cuts
6
CONTINUOUS
10
211.8963929999999891
20
-92.954821999999993
11
211.8932020000000023
21
-92.9501509999999911
0
LINE
8
Edge.Cuts
6
CONTINUOUS
10
211.8932020000000023
20
-92.9501509999999911
11
211.8900280000000009
21
-92.9454679999999911
0
LINE
8
Edge.Cuts
6
CONTINUOUS
10
211.8900280000000009
20
-92.9454679999999911
11
211.8868699999999876
21
-92.9407750000000021
0
LINE
8
Edge.Cuts
6
CONTINUOUS
10
211.8868699999999876
20
-92.9407750000000021
11
211.8837289999999882
21
-92.9360700000000008
0
LINE
8
Edge.Cuts
6
CONTINUOUS
10
211.8837289999999882
20
-92.9360700000000008
11
211.8806050000000027
21
-92.9313539999999989
0
LINE
8
Edge.Cuts
6
CONTINUOUS
10
211.8806050000000027
20
-92.9313539999999989
11
211.8774969999999769
21
-92.9266269999999963
0
LINE
8
Edge.Cuts
6
CONTINUOUS
10
211.8774969999999769
20
-92.9266269999999963
11
211.8744059999999934
21
-92.9218889999999931
0
LINE
8
Edge.Cuts
6
CONTINUOUS
10
211.8744059999999934
20
-92.9218889999999931
11
211.8713309999999979
21
-92.9171399999999892
0
LINE
8
Edge.Cuts
6
CONTINUOUS
10
211.8713309999999979
20
-92.9171399999999892
11
211.8682739999999853
21
-92.9123799999999989
0
LINE
8
Edge.Cuts
6
CONTINUOUS
10
211.8682739999999853
20
-92.9123799999999989
11
211.8652329999999893
21
-92.9076099999999911
0
LINE
8
Edge.Cuts
6
CONTINUOUS
10
211.8652329999999893
20
-92.9076099999999911
11
211.8622089999999787
21
-92.902828999999997
0
LINE
8
Edge.Cuts
6
CONTINUOUS
10
211.8622089999999787
20
-92.902828999999997
11
211.859201999999982
21
-92.8980370000000022
0
LINE
8
Edge.Cuts
6
CONTINUOUS
10
211.859201999999982
20
-92.8980370000000022
11
211.8562119999999993
21
-92.8932339999999925
0
LINE
8
Edge.Cuts
6
CONTINUOUS
10
211.8562119999999993
20
-92.8932339999999925
11
211.8532390000000021
21
-92.8884209999999939
0
LINE
8
Edge.Cuts
6
CONTINUOUS
10
211.8532390000000021
20
-92.8884209999999939
11
211.8502839999999878
21
-92.8835979999999921
0
LINE
8
Edge.Cuts
6
CONTINUOUS
10
211.8502839999999878
20
-92.8835979999999921
11
211.84734499999999
21
-92.8787639999999897
0
LINE
8
Edge.Cuts
6
CONTINUOUS
10
211.84734499999999
20
-92.8787639999999897
11
211.8444229999999777
21
-92.8739199999999983
0
LINE
8
Edge.Cuts
6
CONTINUOUS
10
211.8444229999999777
20
-92.8739199999999983
11
211.8415179999999793
21
-92.869064999999992
0
LINE
8
Edge.Cuts
6
CONTINUOUS
10
211.8415179999999793
20
-92.869064999999992
11
211.8386309999999924
21
-92.8641999999999967
0
LINE
8
Edge.Cuts
6
CONTINUOUS
10
211.8386309999999924
20
-92.8641999999999967
11
211.8357609999999909
21
-92.8593249999999983
0
LINE
8
Edge.Cuts
6
CONTINUOUS
10
211.8357609999999909
20
-92.8593249999999983
11
211.8329080000000033
21
-92.8544399999999968
0
LINE
8
Edge.Cuts
6
CONTINUOUS
10
211.8329080000000033
20
-92.8544399999999968
11
211.8300720000000013
21
-92.849544999999992
0
LINE
8
Edge.Cuts
6
CONTINUOUS
10
211.8300720000000013
20
-92.849544999999992
11
211.8272539999999822
21
-92.8446399999999983
0
LINE
8
Edge.Cuts
6
CONTINUOUS
10
211.8272539999999822
20
-92.8446399999999983
11
211.824452999999977
21
-92.8397239999999897
0
LINE
8
Edge.Cuts
6
CONTINUOUS
10
211.824452999999977
20
-92.8397239999999897
11
211.8216689999999858
21
-92.8347989999999896
0
LINE
8
Edge.Cuts
6
CONTINUOUS
10
211.8216689999999858
20
-92.8347989999999896
11
211.8189029999999775
21
-92.8298640000000006
0
LINE
8
Edge.Cuts
6
CONTINUOUS
10
211.8189029999999775
20
-92.8298640000000006
11
211.8161539999999832
21
-92.8249199999999917
0
LINE
8
Edge.Cuts
6
CONTINUOUS
10
211.8161539999999832
20
-92.8249199999999917
11
211.8134230000000002
21
-92.8199649999999963
0
LINE
8
Edge.Cuts
6
CONTINUOUS
10
211.8134230000000002
20
-92.8199649999999963
11
211.8107090000000028
21
-92.8150019999999927
0
LINE
8
Edge.Cuts
6
CONTINUOUS
10
211.8107090000000028
20
-92.8150019999999927
11
211.8080129999999883
21
-92.8100280000000026
0
LINE
8
Edge.Cuts
6
CONTINUOUS
10
211.8080129999999883
20
-92.8100280000000026
11
211.8053349999999853
21
-92.8050449999999927
0
LINE
8
Edge.Cuts
6
CONTINUOUS
10
211.8053349999999853
20
-92.8050449999999927
11
211.8026739999999961
21
-92.8000519999999938
0
LINE
8
Edge.Cuts
6
CONTINUOUS
10
211.8026739999999961
20
-92.8000519999999938
11
211.8000309999999899
21
-92.7950510000000008
0
LINE
8
Edge.Cuts
6
CONTINUOUS
10
211.8000309999999899
20
-92.7950510000000008
11
211.7974049999999977
21
-92.7900389999999931
0
LINE
8
Edge.Cuts
6
CONTINUOUS
10
211.7974049999999977
20
-92.7900389999999931
11
211.7947969999999884
21
-92.7850189999999913
0
LINE
8
Edge.Cuts
6
CONTINUOUS
10
211.7947969999999884
20
-92.7850189999999913
11
211.7922069999999906
21
-92.7799890000000005
0
LINE
8
Edge.Cuts
6
CONTINUOUS
10
211.7922069999999906
20
-92.7799890000000005
11
211.7896350000000041
21
-92.7749510000000015
0
LINE
8
Edge.Cuts
6
CONTINUOUS
10
211.7896350000000041
20
-92.7749510000000015
11
211.7870800000000031
21
-92.7699029999999993
0
LINE
8
Edge.Cuts
6
CONTINUOUS
10
211.7870800000000031
20
-92.7699029999999993
11
211.7845439999999826
21
-92.7648459999999915
0
LINE
8
Edge.Cuts
6
CONTINUOUS
10
211.7845439999999826
20
-92.7648459999999915
11
211.7820250000000044
21
-92.7597799999999921
0
LINE
8
Edge.Cuts
6
CONTINUOUS
10
211.7820250000000044
20
-92.7597799999999921
11
211.7795249999999783
21
-92.7547050000000013
0
LINE
8
Edge.Cuts
6
CONTINUOUS
10
211.7795249999999783
20
-92.7547050000000013
11
211.7770419999999945
21
-92.7496209999999905
0
LINE
8
Edge.Cuts
6
CONTINUOUS
10
211.7770419999999945
20
-92.7496209999999905
11
211.7745769999999936
21
-92.744529
0
LINE
8
Edge.Cuts
6
CONTINUOUS
10
211.7745769999999936
20
-92.744529
11
211.7721300000000042
21
-92.7394279999999895
0
LINE
8
Edge.Cuts
6
CONTINUOUS
10
211.7721300000000042
20
-92.7394279999999895
11
211.7697019999999952
21
-92.7343189999999993
0
LINE
8
Edge.Cuts
6
CONTINUOUS
10
211.7697019999999952
20
-92.7343189999999993
11
211.7672910000000002
21
-92.7291999999999916
0
LINE
8
Edge.Cuts
6
CONTINUOUS
10
211.7672910000000002
20
-92.7291999999999916
11
211.7648979999999881
21
-92.7240740000000017
0
LINE
8
Edge.Cuts
6
CONTINUOUS
10
211.7648979999999881
20
-92.7240740000000017
11
211.7625239999999849
21
-92.7189379999999943
0
LINE
8
Edge.Cuts
6
CONTINUOUS
10
211.7625239999999849
20
-92.7189379999999943
11
211.7579509999999914
21
-92.708911999999998
0
ARC
8
Edge.Cuts
10
270.0548999999999751
20
7.
40
1.6000000001012498
50
0.00000000
51
89.99935542
0
LINE
8
Edge.Cuts
6
CONTINUOUS
10
136.7049179999999922
20
2.1000000000000001
11
136.7049179999999922
21
2.1603919999999999
0
LINE
8
Edge.Cuts
6
CONTINUOUS
10
213.215974999999986
20
-93.6499999999999915
11
222.7549180000000035
21
-93.6499999999999915
0
ARC
8
Edge.Cuts
10
222.7548999999999921
20
-94.1499999999999915
40
0.500000000324
50
0.00000000
51
89.99793735
0
LINE
8
Edge.Cuts
6
CONTINUOUS
10
0.
20
0.
11
0.
21
-92.0499999999999972
0
LINE
8
Edge.Cuts
6
CONTINUOUS
10
223.2549180000000035
20
-94.1499999999999915
11
223.2549180000000035
21
-94.2103919999999988
0
ARC
8
Edge.Cuts
10
222.7548999999999921
20
-94.2103999999999928
40
0.5000180000639977
50
-76.22359155
51
0.00091670
0
LINE
8
Edge.Cuts
6
CONTINUOUS
10
221.6549179999999808
20
-96.25
11
221.6549179999999808
21
-99.0499999999999972
0
ARC
8
Edge.Cuts
10
223.2548999999999921
20
-99.0499999999999972
40
1.6000000001012498
50
-180.00000000
51
-89.99935542
0
LINE
8
Edge.Cuts
6
CONTINUOUS
10
223.2549180000000035
20
-100.6499999999999915
11
270.0549179999999865
21
-100.6499999999999915
0
ARC
8
Edge.Cuts
10
270.0548999999999751
20
-99.0499999999999972
40
1.6000179999999999
50
-89.99935542
51
-0.00000000
0
LINE
8
Edge.Cuts
6
CONTINUOUS
10
284.1499999999999773
20
1.5999999999999999
11
270.5549179999999865
21
1.5999999999999999
0
ARC
8
Edge.Cuts
10
270.0548999999999751
20
-96.25
40
1.6000045309342095
50
0.00000000
51
76.22520629
0
ARC
8
Edge.Cuts
10
270.5548999999999751
20
-94.2103999999999928
40
0.4999878884633107
50
-180.00091677
51
-103.77229043
0
ARC
8
Edge.Cuts
10
270.0548999999999751
20
4.2000000000000002
40
1.6000179999999999
50
-76.22520629
51
-0.00000000
0
ARC
8
Edge.Cuts
10
149.0450999999999908
20
7.
40
1.6000179999999999
50
90.00064458
51
180.00000000
0
LINE
8
Edge.Cuts
6
CONTINUOUS
10
270.0549179999999865
20
-94.2103919999999988
11
270.0549179999999865
21
-94.1499999999999915
0
ARC
8
Edge.Cuts
10
270.5548999999999751
20
-94.1499999999999915
40
0.499982
50
89.99793735
51
180.00000000
0
LINE
8
Edge.Cuts
6
CONTINUOUS
10
270.5549179999999865
20
-93.6499999999999915
11
284.1499999999999773
21
-93.6499999999999915
0
ARC
8
Edge.Cuts
10
284.1499999999999773
20
-92.0499999999999972
40
1.5999999999999999
50
-90.00000000
51
-0.00000000
0
ARC
8
Edge.Cuts
10
284.1499999999999773
20
0.
40
1.5999999999999999
50
0.00000000
51
90.00000000
0
LINE
8
Edge.Cuts
6
CONTINUOUS
10
197.4450819999999851
20
4.2000000000000002
11
197.4450819999999851
21
7.
0
ARC
8
Edge.Cuts
10
270.5548999999999751
20
2.1000000000000001
40
0.500000000324
50
-180.00000000
51
-89.99793735
0
LINE
8
Edge.Cuts
6
CONTINUOUS
10
270.0549179999999865
20
2.1000000000000001
11
270.0549179999999865
21
2.1603919999999999
0
ARC
8
Edge.Cuts
10
270.5548999999999751
20
2.1604000000000001
40
0.4999820000640023
50
-256.22770957
51
-179.99908323
0
LINE
8
Edge.Cuts
6
CONTINUOUS
10
271.6549180000000092
20
4.2000000000000002
11
271.6549180000000092
21
7.
0
LINE
8
Edge.Cuts
6
CONTINUOUS
10
270.0549179999999865
20
8.5999999999999996
11
223.2549180000000035
21
8.5999999999999996
0
LINE
8
Edge.Cuts
6
CONTINUOUS
10
221.6549179999999808
20
7.
11
221.6549179999999808
21
4.2000000000000002
0
ARC
8
Edge.Cuts
10
223.2548999999999921
20
4.2000000000000002
40
1.5999957214083418
50
-180.00000000
51
-103.77350685
0
ARC
8
Edge.Cuts
10
222.7548999999999921
20
2.1604000000000001
40
0.4999966981140975
50
-0.00091670
51
76.22359155
0
LINE
8
Edge.Cuts
6
CONTINUOUS
10
223.2549180000000035
20
2.1603919999999999
11
223.2549180000000035
21
2.1000000000000001
0
ARC
8
Edge.Cuts
10
222.7548999999999921
20
2.1000000000000001
40
0.500018
50
-89.99793735
51
-0.00000000
0
LINE
8
Edge.Cuts
6
CONTINUOUS
10
212.1172689999999932
20
1.163119
11
212.1255199999999945
21
1.170858
0
LINE
8
Edge.Cuts
6
CONTINUOUS
10
212.1255199999999945
20
1.170858
11
212.1338250000000016
21
1.1785379999999999
0
LINE
8
Edge.Cuts
6
CONTINUOUS
10
212.1338250000000016
20
1.1785379999999999
11
212.1421839999999861
21
1.186159
0
LINE
8
Edge.Cuts
6
CONTINUOUS
10
212.1421839999999861
20
1.186159
11
212.1505969999999763
21
1.193721
0
LINE
8
Edge.Cuts
6
CONTINUOUS
10
212.1505969999999763
20
1.193721
11
212.1590630000000033
21
1.2012229999999999
0
LINE
8
Edge.Cuts
6
CONTINUOUS
10
212.1590630000000033
20
1.2012229999999999
11
212.1675819999999817
21
1.2086649999999999
0
LINE
8
Edge.Cuts
6
CONTINUOUS
10
212.1675819999999817
20
1.2086649999999999
11
212.1761529999999993
21
1.2160469999999999
0
LINE
8
Edge.Cuts
6
CONTINUOUS
10
212.1761529999999993
20
1.2160469999999999
11
212.1847759999999994
21
1.223368
0
LINE
8
Edge.Cuts
6
CONTINUOUS
10
212.1847759999999994
20
1.223368
11
212.1934509999999818
21
1.2306280000000001
0
LINE
8
Edge.Cuts
6
CONTINUOUS
10
212.1934509999999818
20
1.2306280000000001
11
212.2021780000000035
21
1.237827
0
LINE
8
Edge.Cuts
6
CONTINUOUS
10
212.2021780000000035
20
1.237827
11
212.2109549999999842
21
1.244963
0
LINE
8
Edge.Cuts
6
CONTINUOUS
10
212.2109549999999842
20
1.244963
11
212.2197819999999808
21
1.252038
0
LINE
8
Edge.Cuts
6
CONTINUOUS
10
212.2197819999999808
20
1.252038
11
212.2286589999999933
21
1.25905
0
LINE
8
Edge.Cuts
6
CONTINUOUS
10
212.2286589999999933
20
1.25905
11
212.2375859999999932
21
1.2659989999999999
0
LINE
8
Edge.Cuts
6
CONTINUOUS
10
212.2375859999999932
20
1.2659989999999999
11
212.2465609999999856
21
1.272885
0
LINE
8
Edge.Cuts
6
CONTINUOUS
10
212.2465609999999856
20
1.272885
11
212.2555849999999964
21
1.2797069999999999
0
LINE
8
Edge.Cuts
6
CONTINUOUS
10
212.2555849999999964
20
1.2797069999999999
11
212.2646579999999972
21
1.2864659999999999
0
LINE
8
Edge.Cuts
6
CONTINUOUS
10
212.2646579999999972
20
1.2864659999999999
11
212.273777999999993
21
1.2931599999999999
0
LINE
8
Edge.Cuts
6
CONTINUOUS
10
212.273777999999993
20
1.2931599999999999
11
212.2829449999999838
21
1.29979
0
LINE
8
Edge.Cuts
6
CONTINUOUS
10
212.2829449999999838
20
1.29979
11
212.2921589999999981
21
1.306354
0
LINE
8
Edge.Cuts
6
CONTINUOUS
10
212.2921589999999981
20
1.306354
11
212.3014189999999815
21
1.312854
0
LINE
8
Edge.Cuts
6
CONTINUOUS
10
212.3014189999999815
20
1.312854
11
212.3107249999999908
21
1.319288
0
LINE
8
Edge.Cuts
6
CONTINUOUS
10
212.3107249999999908
20
1.319288
11
212.3200760000000002
21
1.3256559999999999
0
LINE
8
Edge.Cuts
6
CONTINUOUS
10
212.3200760000000002
20
1.3256559999999999
11
212.3294719999999813
21
1.3319569999999998
0
LINE
8
Edge.Cuts
6
CONTINUOUS
10
212.3294719999999813
20
1.3319569999999998
11
212.3389129999999909
21
1.338193
0
LINE
8
Edge.Cuts
6
CONTINUOUS
10
212.3389129999999909
20
1.338193
11
212.3483969999999772
21
1.3443609999999999
0
LINE
8
Edge.Cuts
6
CONTINUOUS
10
212.3483969999999772
20
1.3443609999999999
11
212.3579249999999945
21
1.3504619999999998
0
LINE
8
Edge.Cuts
6
CONTINUOUS
10
212.3579249999999945
20
1.3504619999999998
11
212.3674959999999885
21
1.3564959999999999
0
LINE
8
Edge.Cuts
6
CONTINUOUS
10
212.3674959999999885
20
1.3564959999999999
11
212.3722970000000032
21
1.3594869999999999
0
LINE
8
Edge.Cuts
6
CONTINUOUS
10
212.3722970000000032
20
1.3594869999999999
11
212.3771089999999901
21
1.3624619999999998
0
LINE
8
Edge.Cuts
6
CONTINUOUS
10
212.3771089999999901
20
1.3624619999999998
11
212.3819319999999777
21
1.3654189999999999
0
LINE
8
Edge.Cuts
6
CONTINUOUS
10
212.3819319999999777
20
1.3654189999999999
11
212.3867649999999969
21
1.36836
0
LINE
8
Edge.Cuts
6
CONTINUOUS
10
212.3867649999999969
20
1.36836
11
212.3916079999999909
21
1.371283
0
LINE
8
Edge.Cuts
6
CONTINUOUS
10
212.3916079999999909
20
1.371283
11
212.3964619999999854
21
1.3741889999999999
0
LINE
8
Edge.Cuts
6
CONTINUOUS
10
212.3964619999999854
20
1.3741889999999999
11
212.4013249999999857
21
1.377078
0
LINE
8
Edge.Cuts
6
CONTINUOUS
10
212.4013249999999857
20
1.377078
11
212.4061989999999867
21
1.37995
0
LINE
8
Edge.Cuts
6
CONTINUOUS
10
212.4061989999999867
20
1.37995
11
212.4110839999999882
21
1.3828039999999999
0
LINE
8
Edge.Cuts
6
CONTINUOUS
10
212.4110839999999882
20
1.3828039999999999
11
212.4159779999999955
21
1.385642
0
LINE
8
Edge.Cuts
6
CONTINUOUS
10
212.4159779999999955
20
1.385642
11
212.4208819999999776
21
1.3884609999999999
0
LINE
8
Edge.Cuts
6
CONTINUOUS
10
212.4208819999999776
20
1.3884609999999999
11
212.4257959999999912
21
1.3912639999999998
0
LINE
8
Edge.Cuts
6
CONTINUOUS
10
212.4257959999999912
20
1.3912639999999998
11
212.4307199999999796
21
1.3940489999999999
0
LINE
8
Edge.Cuts
6
CONTINUOUS
10
212.4307199999999796
20
1.3940489999999999
11
212.4356539999999995
21
1.396817
0
LINE
8
Edge.Cuts
6
CONTINUOUS
10
212.4356539999999995
20
1.396817
11
212.4405979999999943
21
1.399567
0
LINE
8
Edge.Cuts
6
CONTINUOUS
10
212.4405979999999943
20
1.399567
11
212.4455509999999947
21
1.4022999999999999
0
LINE
8
Edge.Cuts
6
CONTINUOUS
10
212.4455509999999947
20
1.4022999999999999
11
212.4505139999999983
21
1.4050149999999999
0
LINE
8
Edge.Cuts
6
CONTINUOUS
10
212.4505139999999983
20
1.4050149999999999
11
212.4554869999999767
21
1.407713
0
LINE
8
Edge.Cuts
6
CONTINUOUS
10
212.4554869999999767
20
1.407713
11
212.4604689999999891
21
1.410393
0
LINE
8
Edge.Cuts
6
CONTINUOUS
10
212.4604689999999891
20
1.410393
11
212.4654609999999764
21
1.4130559999999999
0
LINE
8
Edge.Cuts
6
CONTINUOUS
10
212.4654609999999764
20
1.4130559999999999
11
212.4704610000000002
21
1.4157
0
LINE
8
Edge.Cuts
6
CONTINUOUS
10
212.4704610000000002
20
1.4157
11
212.4754719999999963
21
1.418328
0
LINE
8
Edge.Cuts
6
CONTINUOUS
10
212.4754719999999963
20
1.418328
11
212.4804910000000007
21
1.4209369999999999
0
LINE
8
Edge.Cuts
6
CONTINUOUS
10
212.4804910000000007
20
1.4209369999999999
11
212.4855199999999797
21
1.423529
0
LINE
8
Edge.Cuts
6
CONTINUOUS
10
212.4855199999999797
20
1.423529
11
212.4905579999999929
21
1.426102
0
LINE
8
Edge.Cuts
6
CONTINUOUS
10
212.4905579999999929
20
1.426102
11
212.4956049999999834
21
1.4286589999999999
0
LINE
8
Edge.Cuts
6
CONTINUOUS
10
212.4956049999999834
20
1.4286589999999999
11
212.5006599999999821
21
1.4311969999999998
0
LINE
8
Edge.Cuts
6
CONTINUOUS
10
212.5006599999999821
20
1.4311969999999998
11
212.5057259999999815
21
1.4337169999999999
0
LINE
8
Edge.Cuts
6
CONTINUOUS
10
212.5057259999999815
20
1.4337169999999999
11
212.5107989999999916
21
1.4362189999999999
0
LINE
8
Edge.Cuts
6
CONTINUOUS
10
212.5107989999999916
20
1.4362189999999999
11
212.5158819999999764
21
1.438704
0
LINE
8
Edge.Cuts
6
CONTINUOUS
10
212.5158819999999764
20
1.438704
11
212.5209729999999979
21
1.4411699999999998
0
LINE
8
Edge.Cuts
6
CONTINUOUS
10
212.5209729999999979
20
1.4411699999999998
11
212.5260729999999967
21
1.443619
0
LINE
8
Edge.Cuts
6
CONTINUOUS
10
212.5260729999999967
20
1.443619
11
212.5311820000000012
21
1.4460489999999999
0
LINE
8
Edge.Cuts
6
CONTINUOUS
10
212.5311820000000012
20
1.4460489999999999
11
212.5362989999999854
21
1.448461
0
LINE
8
Edge.Cuts
6
CONTINUOUS
10
212.5362989999999854
20
1.448461
11
212.5414250000000038
21
1.450855
0
LINE
8
Edge.Cuts
6
CONTINUOUS
10
212.5414250000000038
20
1.450855
11
212.546559000000002
21
1.4532309999999999
0
LINE
8
Edge.Cuts
6
CONTINUOUS
10
212.546559000000002
20
1.4532309999999999
11
212.5517019999999775
21
1.455589
0
LINE
8
Edge.Cuts
6
CONTINUOUS
10
212.5517019999999775
20
1.455589
11
212.5568529999999896
21
1.457929
0
LINE
8
Edge.Cuts
6
CONTINUOUS
10
212.5568529999999896
20
1.457929
11
212.5620119999999815
21
1.4602499999999998
0
LINE
8
Edge.Cuts
6
CONTINUOUS
10
212.5620119999999815
20
1.4602499999999998
11
212.5671789999999817
21
1.4625539999999999
0
LINE
8
Edge.Cuts
6
CONTINUOUS
10
212.5671789999999817
20
1.4625539999999999
11
212.57235399999999
21
1.4648379999999999
0
LINE
8
Edge.Cuts
6
CONTINUOUS
10
212.57235399999999
20
1.4648379999999999
11
212.5775380000000041
21
1.4671049999999999
0
LINE
8
Edge.Cuts
6
CONTINUOUS
10
212.5775380000000041
20
1.4671049999999999
11
212.5827290000000005
21
1.4693529999999999
0
LINE
8
Edge.Cuts
6
CONTINUOUS
10
212.5827290000000005
20
1.4693529999999999
11
212.5879290000000026
21
1.4715829999999999
0
LINE
8
Edge.Cuts
6
CONTINUOUS
10
212.5879290000000026
20
1.4715829999999999
11
212.593135999999987
21
1.473795
0
LINE
8
Edge.Cuts
6
CONTINUOUS
10
212.593135999999987
20
1.473795
11
212.5983519999999771
21
1.4759879999999999
0
LINE
8
Edge.Cuts
6
CONTINUOUS
10
212.5983519999999771
20
1.4759879999999999
11
212.6035739999999805
21
1.478162
0
LINE
8
Edge.Cuts
6
CONTINUOUS
10
212.6035739999999805
20
1.478162
11
212.6088049999999896
21
1.4803189999999999
0
LINE
8
Edge.Cuts
6
CONTINUOUS
10
212.6088049999999896
20
1.4803189999999999
11
212.614042999999981
21
1.482456
0
LINE
8
Edge.Cuts
6
CONTINUOUS
10
212.614042999999981
20
1.482456
11
212.6192889999999807
21
1.4845759999999999
0
LINE
8
Edge.Cuts
6
CONTINUOUS
10
212.6192889999999807
20
1.4845759999999999
11
212.624541999999991
21
1.4866759999999999
0
LINE
8
Edge.Cuts
6
CONTINUOUS
10
212.624541999999991
20
1.4866759999999999
11
212.6298029999999812
21
1.488758
0
LINE
8
Edge.Cuts
6
CONTINUOUS
10
212.6298029999999812
20
1.488758
11
212.6350709999999822
21
1.4908219999999999
0
LINE
8
Edge.Cuts
6
CONTINUOUS
10
212.6350709999999822
20
1.4908219999999999
11
212.6403459999999939
21
1.4928669999999999
0
LINE
8
Edge.Cuts
6
CONTINUOUS
10
212.6403459999999939
20
1.4928669999999999
11
212.6411080000000027
21
1.49316
0
LINE
8
Edge.Cuts
6
CONTINUOUS
10
212.6411080000000027
20
1.49316
11
212.6516790000000015
21
1.4971869999999998
0
LINE
8
Edge.Cuts
6
CONTINUOUS
10
212.6516790000000015
20
1.4971869999999998
11
212.6622779999999864
21
1.501139
0
LINE
8
Edge.Cuts
6
CONTINUOUS
10
212.6622779999999864
20
1.501139
11
212.6729039999999884
21
1.5050159999999999
0
LINE
8
Edge.Cuts
6
CONTINUOUS
10
212.6729039999999884
20
1.5050159999999999
11
212.6835579999999766
21
1.508818
0
LINE
8
Edge.Cuts
6
CONTINUOUS
10
212.6835579999999766
20
1.508818
11
212.6942389999999818
21
1.5125439999999999
0
LINE
8
Edge.Cuts
6
CONTINUOUS
10
212.6942389999999818
20
1.5125439999999999
11
212.7049449999999808
21
1.516195
0
LINE
8
Edge.Cuts
6
CONTINUOUS
10
212.7049449999999808
20
1.516195
11
212.7156779999999969
21
1.5197699999999998
0
LINE
8
Edge.Cuts
6
CONTINUOUS
10
212.7156779999999969
20
1.5197699999999998
11
212.7264349999999808
21
1.523269
0
LINE
8
Edge.Cuts
6
CONTINUOUS
10
212.7264349999999808
20
1.523269
11
212.7372169999999869
21
1.5266919999999999
0
LINE
8
Edge.Cuts
6
CONTINUOUS
10
212.7372169999999869
20
1.5266919999999999
11
212.7480229999999892
21
1.5300389999999999
0
LINE
8
Edge.Cuts
6
CONTINUOUS
10
212.7480229999999892
20
1.5300389999999999
11
212.7588519999999903
21
1.533309
0
LINE
8
Edge.Cuts
6
CONTINUOUS
10
212.7588519999999903
20
1.533309
11
212.7697039999999902
21
1.536503
0
LINE
8
Edge.Cuts
6
CONTINUOUS
10
212.7697039999999902
20
1.536503
11
212.7805789999999888
21
1.53962
0
LINE
8
Edge.Cuts
6
CONTINUOUS
10
212.7805789999999888
20
1.53962
11
212.7914759999999887
21
1.5426599999999999
0
LINE
8
Edge.Cuts
6
CONTINUOUS
10
212.7914759999999887
20
1.5426599999999999
11
212.8023939999999925
21
1.545623
0
LINE
8
Edge.Cuts
6
CONTINUOUS
10
212.8023939999999925
20
1.545623
11
212.8133320000000026
21
1.548508
0
LINE
8
Edge.Cuts
6
CONTINUOUS
10
212.8133320000000026
20
1.548508
11
212.8242909999999881
21
1.5513159999999999
0
LINE
8
Edge.Cuts
6
CONTINUOUS
10
212.8242909999999881
20
1.5513159999999999
11
212.83526999999998
21
1.554047
0
LINE
8
Edge.Cuts
6
CONTINUOUS
10
212.83526999999998
20
1.554047
11
212.8462679999999807
21
1.5567
0
LINE
8
Edge.Cuts
6
CONTINUOUS
10
212.8462679999999807
20
1.5567
11
212.8572839999999928
21
1.559275
0
LINE
8
Edge.Cuts
6
CONTINUOUS
10
212.8572839999999928
20
1.559275
11
212.8683179999999879
21
1.5617729999999999
0
LINE
8
Edge.Cuts
6
CONTINUOUS
10
212.8683179999999879
20
1.5617729999999999
11
212.8793699999999944
21
1.564192
0
LINE
8
Edge.Cuts
6
CONTINUOUS
10
212.8793699999999944
20
1.564192
11
212.8904389999999864
21
1.566533
0
LINE
8
Edge.Cuts
6
CONTINUOUS
10
212.8904389999999864
20
1.566533
11
212.9015239999999949
21
1.5687949999999999
0
LINE
8
Edge.Cuts
6
CONTINUOUS
10
212.9015239999999949
20
1.5687949999999999
11
212.9126249999999914
21
1.5709799999999998
0
LINE
8
Edge.Cuts
6
CONTINUOUS
10
212.9126249999999914
20
1.5709799999999998
11
212.9237409999999784
21
1.5730849999999998
0
LINE
8
Edge.Cuts
6
CONTINUOUS
10
212.9237409999999784
20
1.5730849999999998
11
212.9293049999999994
21
1.574109
0
LINE
8
Edge.Cuts
6
CONTINUOUS
10
212.9293049999999994
20
1.574109
11
212.9348719999999844
21
1.575113
0
LINE
8
Edge.Cuts
6
CONTINUOUS
10
212.9348719999999844
20
1.575113
11
212.9404429999999877
21
1.5760969999999999
0
LINE
8
Edge.Cuts
6
CONTINUOUS
10
212.9404429999999877
20
1.5760969999999999
11
212.9460169999999835
21
1.5770609999999998
0
LINE
8
Edge.Cuts
6
CONTINUOUS
10
212.9460169999999835
20
1.5770609999999998
11
212.9515949999999975
21
1.578006
0
LINE
8
Edge.Cuts
6
CONTINUOUS
10
212.9515949999999975
20
1.578006
11
212.957176000000004
21
1.5789309999999999
0
LINE
8
Edge.Cuts
6
CONTINUOUS
10
212.957176000000004
20
1.5789309999999999
11
212.9627600000000029
21
1.579836
0
LINE
8
Edge.Cuts
6
CONTINUOUS
10
212.9627600000000029
20
1.579836
11
212.9683469999999943
21
1.5807209999999998
0
LINE
8
Edge.Cuts
6
CONTINUOUS
10
212.9683469999999943
20
1.5807209999999998
11
212.973938000000004
21
1.5815869999999999
0
LINE
8
Edge.Cuts
6
CONTINUOUS
10
212.973938000000004
20
1.5815869999999999
11
212.9795309999999802
21
1.582433
0
LINE
8
Edge.Cuts
6
CONTINUOUS
10
212.9795309999999802
20
1.582433
11
212.9851280000000031
21
1.583259
0
LINE
8
Edge.Cuts
6
CONTINUOUS
10
212.9851280000000031
20
1.583259
11
212.9907269999999926
21
1.5840649999999998
0
LINE
8
Edge.Cuts
6
CONTINUOUS
10
212.9907269999999926
20
1.5840649999999998
11
212.9963290000000029
21
1.5848519999999999
0
LINE
8
Edge.Cuts
6
CONTINUOUS
10
212.9963290000000029
20
1.5848519999999999
11
213.0019339999999772
21
1.585618
0
LINE
8
Edge.Cuts
6
CONTINUOUS
10
213.0019339999999772
20
1.585618
11
213.0075420000000008
21
1.586365
0
LINE
8
Edge.Cuts
6
CONTINUOUS
10
213.0075420000000008
20
1.586365
11
213.0131519999999909
21
1.5870919999999999
0
LINE
8
Edge.Cuts
6
CONTINUOUS
10
213.0131519999999909
20
1.5870919999999999
11
213.0187650000000019
21
1.587799
0
LINE
8
Edge.Cuts
6
CONTINUOUS
10
213.0187650000000019
20
1.587799
11
213.0243799999999794
21
1.588487
0
LINE
8
Edge.Cuts
6
CONTINUOUS
10
213.0243799999999794
20
1.588487
11
213.0299979999999778
21
1.589154
0
LINE
8
Edge.Cuts
6
CONTINUOUS
10
213.0299979999999778
20
1.589154
11
213.0356179999999995
21
1.5898019999999999
0
LINE
8
Edge.Cuts
6
CONTINUOUS
10
213.0356179999999995
20
1.5898019999999999
11
213.0412399999999877
21
1.59043
0
LINE
8
Edge.Cuts
6
CONTINUOUS
10
213.0412399999999877
20
1.59043
11
213.0468649999999968
21
1.591038
0
LINE
8
Edge.Cuts
6
CONTINUOUS
10
213.0468649999999968
20
1.591038
11
213.0524910000000034
21
1.591626
0
LINE
8
Edge.Cuts
6
CONTINUOUS
10
213.0524910000000034
20
1.591626
11
213.0581200000000024
21
1.5921939999999999
0
LINE
8
Edge.Cuts
6
CONTINUOUS
10
213.0581200000000024
20
1.5921939999999999
11
213.0637509999999963
21
1.5927419999999999
0
LINE
8
Edge.Cuts
6
CONTINUOUS
10
213.0637509999999963
20
1.5927419999999999
11
213.0693829999999878
21
1.59327
0
LINE
8
Edge.Cuts
6
CONTINUOUS
10
213.0693829999999878
20
1.59327
11
213.075018
21
1.5937789999999998
0
LINE
8
Edge.Cuts
6
CONTINUOUS
10
213.075018
20
1.5937789999999998
11
213.0806539999999814
21
1.5942669999999999
0
LINE
8
Edge.Cuts
6
CONTINUOUS
10
213.0806539999999814
20
1.5942669999999999
11
213.086291999999986
21
1.5947359999999999
0
LINE
8
Edge.Cuts
6
CONTINUOUS
10
213.086291999999986
20
1.5947359999999999
11
213.0919309999999882
21
1.5951839999999999
0
LINE
8
Edge.Cuts
6
CONTINUOUS
10
213.0919309999999882
20
1.5951839999999999
11
213.0975719999999853
21
1.5956129999999999
0
LINE
8
Edge.Cuts
6
CONTINUOUS
10
213.0975719999999853
20
1.5956129999999999
11
213.1032149999999774
21
1.5960219999999998
0
LINE
8
Edge.Cuts
6
CONTINUOUS
10
213.1032149999999774
20
1.5960219999999998
11
213.1088589999999954
21
1.5964099999999999
0
LINE
8
Edge.Cuts
6
CONTINUOUS
10
213.1088589999999954
20
1.5964099999999999
11
213.1145039999999824
21
1.5967789999999999
0
LINE
8
Edge.Cuts
6
CONTINUOUS
10
213.1145039999999824
20
1.5967789999999999
11
213.1201499999999953
21
1.5971279999999999
0
LINE
8
Edge.Cuts
6
CONTINUOUS
10
213.1201499999999953
20
1.5971279999999999
11
213.1257980000000032
21
1.5974569999999999
0
LINE
8
Edge.Cuts
6
CONTINUOUS
10
213.1257980000000032
20
1.5974569999999999
11
213.1314469999999801
21
1.597766
0
LINE
8
Edge.Cuts
6
CONTINUOUS
10
213.1314469999999801
20
1.597766
11
213.1370969999999829
21
1.598055
0
LINE
8
Edge.Cuts
6
CONTINUOUS
10
213.1370969999999829
20
1.598055
11
213.1427479999999832
21
1.5983229999999999
0
LINE
8
Edge.Cuts
6
CONTINUOUS
10
213.1427479999999832
20
1.5983229999999999
11
213.148399999999981
21
1.5985719999999999
0
LINE
8
Edge.Cuts
6
CONTINUOUS
10
213.148399999999981
20
1.5985719999999999
11
213.1540529999999762
21
1.5988009999999999
0
LINE
8
Edge.Cuts
6
CONTINUOUS
10
213.1540529999999762
20
1.5988009999999999
11
213.1597069999999974
21
1.5990099999999998
0
LINE
8
Edge.Cuts
6
CONTINUOUS
10
213.1597069999999974
20
1.5990099999999998
11
213.1653609999999901
21
1.599199
0
LINE
8
Edge.Cuts
6
CONTINUOUS
10
213.1653609999999901
20
1.599199
11
213.1710159999999803
21
1.5993679999999999
0
LINE
8
Edge.Cuts
6
CONTINUOUS
10
213.1710159999999803
20
1.5993679999999999
11
213.1766709999999989
21
1.5995169999999999
0
LINE
8
Edge.Cuts
6
CONTINUOUS
10
213.1766709999999989
20
1.5995169999999999
11
213.1823279999999841
21
1.5996459999999999
0
LINE
8
Edge.Cuts
6
CONTINUOUS
10
213.1823279999999841
20
1.5996459999999999
11
213.1879840000000002
21
1.599755
0
LINE
8
Edge.Cuts
6
CONTINUOUS
10
213.1879840000000002
20
1.599755
11
213.1936409999999853
21
1.5998439999999998
0
LINE
8
Edge.Cuts
6
CONTINUOUS
10
213.1936409999999853
20
1.5998439999999998
11
213.1992979999999989
21
1.5999129999999999
0
LINE
8
Edge.Cuts
6
CONTINUOUS
10
213.1992979999999989
20
1.5999129999999999
11
213.2049559999999815
21
1.5999619999999999
0
LINE
8
Edge.Cuts
6
CONTINUOUS
10
213.2049559999999815
20
1.5999619999999999
11
213.215974999999986
21
1.5999999999999999
0
LINE
8
Edge.Cuts
6
CONTINUOUS
10
206.4914660000000026
20
1.480208
11
206.5019159999999943
21
1.475876
0
LINE
8
Edge.Cuts
6
CONTINUOUS
10
206.5019159999999943
20
1.475876
11
206.5123339999999814
21
1.471471
0
LINE
8
Edge.Cuts
6
CONTINUOUS
10
206.5123339999999814
20
1.471471
11
206.5227219999999875
21
1.4669919999999999
0
LINE
8
Edge.Cuts
6
CONTINUOUS
10
206.5227219999999875
20
1.4669919999999999
11
206.5330769999999916
21
1.46244
0
LINE
8
Edge.Cuts
6
CONTINUOUS
10
206.5330769999999916
20
1.46244
11
206.5433999999999912
21
1.4578149999999999
0
LINE
8
Edge.Cuts
6
CONTINUOUS
10
206.5433999999999912
20
1.4578149999999999
11
206.5536899999999889
21
1.453117
0
LINE
8
Edge.Cuts
6
CONTINUOUS
10
206.5536899999999889
20
1.453117
11
206.5639469999999847
21
1.4483459999999999
0
LINE
8
Edge.Cuts
6
CONTINUOUS
10
206.5639469999999847
20
1.4483459999999999
11
206.574169999999981
21
1.443503
0
LINE
8
Edge.Cuts
6
CONTINUOUS
10
206.574169999999981
20
1.443503
11
206.5843579999999804
21
1.4385869999999998
0
LINE
8
Edge.Cuts
6
CONTINUOUS
10
206.5843579999999804
20
1.4385869999999998
11
206.5945109999999829
21
1.4336
0
LINE
8
Edge.Cuts
6
CONTINUOUS
10
206.5945109999999829
20
1.4336
11
206.6046289999999885
21
1.4285409999999998
0
LINE
8
Edge.Cuts
6
CONTINUOUS
10
206.6046289999999885
20
1.4285409999999998
11
206.6147109999999998
21
1.4234099999999998
0
LINE
8
Edge.Cuts
6
CONTINUOUS
10
206.6147109999999998
20
1.4234099999999998
11
206.6247569999999882
21
1.4182089999999998
0
LINE
8
Edge.Cuts
6
CONTINUOUS
10
206.6247569999999882
20
1.4182089999999998
11
206.6347659999999848
21
1.412936
0
LINE
8
Edge.Cuts
6
CONTINUOUS
10
206.6347659999999848
20
1.412936
11
206.6447369999999921
21
1.407592
0
LINE
8
Edge.Cuts
6
CONTINUOUS
10
206.6447369999999921
20
1.407592
11
206.6546699999999817
21
1.4021789999999998
0
LINE
8
Edge.Cuts
6
CONTINUOUS
10
206.6546699999999817
20
1.4021789999999998
11
206.6645649999999819
21
1.396695
0
LINE
8
Edge.Cuts
6
CONTINUOUS
10
206.6645649999999819
20
1.396695
11
206.6744209999999953
21
1.391141
0
LINE
8
Edge.Cuts
6
CONTINUOUS
10
206.6744209999999953
20
1.391141
11
206.6842379999999935
21
1.3855169999999999
0
LINE
8
Edge.Cuts
6
CONTINUOUS
10
206.6842379999999935
20
1.3855169999999999
11
206.6940139999999815
21
1.3798239999999999
0
LINE
8
Edge.Cuts
6
CONTINUOUS
10
206.6940139999999815
20
1.3798239999999999
11
206.7037509999999827
21
1.374063
0
LINE
8
Edge.Cuts
6
CONTINUOUS
10
206.7037509999999827
20
1.374063
11
206.7134460000000047
21
1.3682319999999999
0
LINE
8
Edge.Cuts
6
CONTINUOUS
10
206.7134460000000047
20
1.3682319999999999
11
206.7230999999999881
21
1.362333
0
LINE
8
Edge.Cuts
6
CONTINUOUS
10
206.7230999999999881
20
1.362333
11
206.7327119999999923
21
1.356366
0
LINE
8
Edge.Cuts
6
CONTINUOUS
10
206.7327119999999923
20
1.356366
11
206.7422819999999888
21
1.3503309999999999
0
LINE
8
Edge.Cuts
6
CONTINUOUS
10
206.7422819999999888
20
1.3503309999999999
11
206.7518089999999802
21
1.344228
0
LINE
8
Edge.Cuts
6
CONTINUOUS
10
206.7518089999999802
20
1.344228
11
206.7612919999999974
21
1.338058
0
LINE
8
Edge.Cuts
6
CONTINUOUS
10
206.7612919999999974
20
1.338058
11
206.7707319999999811
21
1.3318209999999999
0
LINE
8
Edge.Cuts
6
CONTINUOUS
10
206.7707319999999811
20
1.3318209999999999
11
206.7754359999999849
21
1.328678
0
LINE
8
Edge.Cuts
6
CONTINUOUS
10
206.7754359999999849
20
1.328678
11
206.7801279999999906
21
1.325518
0
LINE
8
Edge.Cuts
6
CONTINUOUS
10
206.7801279999999906
20
1.325518
11
206.7848089999999956
21
1.322341
0
LINE
8
Edge.Cuts
6
CONTINUOUS
10
206.7848089999999956
20
1.322341
11
206.789479
21
1.319148
0
LINE
8
Edge.Cuts
6
CONTINUOUS
10
206.789479
20
1.319148
11
206.7941369999999779
21
1.315939
0
LINE
8
Edge.Cuts
6
CONTINUOUS
10
206.7941369999999779
20
1.315939
11
206.7987839999999835
21
1.3127119999999999
0
LINE
8
Edge.Cuts
6
CONTINUOUS
10
206.7987839999999835
20
1.3127119999999999
11
206.8034199999999885
21
1.3094699999999999
0
LINE
8
Edge.Cuts
6
CONTINUOUS
10
206.8034199999999885
20
1.3094699999999999
11
206.8080439999999953
21
1.306211
0
LINE
8
Edge.Cuts
6
CONTINUOUS
10
206.8080439999999953
20
1.306211
11
206.812656000000004
21
1.3029359999999999
0
LINE
8
Edge.Cuts
6
CONTINUOUS
10
206.812656000000004
20
1.3029359999999999
11
206.8172579999999812
21
1.299644
0
LINE
8
Edge.Cuts
6
CONTINUOUS
10
206.8172579999999812
20
1.299644
11
206.8218469999999911
21
1.2963369999999999
0
LINE
8
Edge.Cuts
6
CONTINUOUS
10
206.8218469999999911
20
1.2963369999999999
11
206.8264250000000004
21
1.2930120000000001
0
LINE
8
Edge.Cuts
6
CONTINUOUS
10
206.8264250000000004
20
1.2930120000000001
11
206.8309899999999857
21
1.2896719999999999
0
LINE
8
Edge.Cuts
6
CONTINUOUS
10
206.8309899999999857
20
1.2896719999999999
11
206.8355449999999962
21
1.286316
0
LINE
8
Edge.Cuts
6
CONTINUOUS
10
206.8355449999999962
20
1.286316
11
206.8400869999999827
21
1.2829439999999999
0
LINE
8
Edge.Cuts
6
CONTINUOUS
10
206.8400869999999827
20
1.2829439999999999
11
206.8446169999999995
21
1.279555
0
LINE
8
Edge.Cuts
6
CONTINUOUS
10
206.8446169999999995
20
1.279555
11
206.8491349999999898
21
1.276151
0
LINE
8
Edge.Cuts
6
CONTINUOUS
10
206.8491349999999898
20
1.276151
11
206.8536409999999819
21
1.2727299999999999
0
LINE
8
Edge.Cuts
6
CONTINUOUS
10
206.8536409999999819
20
1.2727299999999999
11
206.8581350000000043
21
1.2692939999999999
0
LINE
8
Edge.Cuts
6
CONTINUOUS
10
206.8581350000000043
20
1.2692939999999999
11
206.8626170000000002
21
1.2658419999999999
0
LINE
8
Edge.Cuts
6
CONTINUOUS
10
206.8626170000000002
20
1.2658419999999999
11
206.8670869999999979
21
1.2623739999999999
0
LINE
8
Edge.Cuts
6
CONTINUOUS
10
206.8670869999999979
20
1.2623739999999999
11
206.8715440000000001
21
1.2588899999999998
0
LINE
8
Edge.Cuts
6
CONTINUOUS
10
206.8715440000000001
20
1.2588899999999998
11
206.8759890000000041
21
1.2553909999999999
0
LINE
8
Edge.Cuts
6
CONTINUOUS
10
206.8759890000000041
20
1.2553909999999999
11
206.8804219999999816
21
1.251876
0
LINE
8
Edge.Cuts
6
CONTINUOUS
10
206.8804219999999816
20
1.251876
11
206.8848419999999919
21
1.248345
0
LINE
8
Edge.Cuts
6
CONTINUOUS
10
206.8848419999999919
20
1.248345
11
206.8892500000000041
21
1.2447979999999998
0
LINE
8
Edge.Cuts
6
CONTINUOUS
10
206.8892500000000041
20
1.2447979999999998
11
206.8936449999999923
21
1.241236
0
LINE
8
Edge.Cuts
6
CONTINUOUS
10
206.8936449999999923
20
1.241236
11
206.8980269999999848
21
1.2376589999999998
0
LINE
8
Edge.Cuts
6
CONTINUOUS
10
206.8980269999999848
20
1.2376589999999998
11
206.9023969999999792
21
1.2340659999999999
0
LINE
8
Edge.Cuts
6
CONTINUOUS
10
206.9023969999999792
20
1.2340659999999999
11
206.9067539999999781
21
1.2304569999999999
0
LINE
8
Edge.Cuts
6
CONTINUOUS
10
206.9067539999999781
20
1.2304569999999999
11
206.9110979999999813
21
1.2268329999999998
0
LINE
8
Edge.Cuts
6
CONTINUOUS
10
206.9110979999999813
20
1.2268329999999998
11
206.9154299999999864
21
1.2231939999999999
0
LINE
8
Edge.Cuts
6
CONTINUOUS
10
206.9154299999999864
20
1.2231939999999999
11
206.9197479999999985
21
1.2195399999999998
0
LINE
8
Edge.Cuts
6
CONTINUOUS
10
206.9197479999999985
20
1.2195399999999998
11
206.9240539999999839
21
1.21587
0
LINE
8
Edge.Cuts
6
CONTINUOUS
10
206.9240539999999839
20
1.21587
11
206.9283460000000048
21
1.2121849999999998
0
LINE
8
Edge.Cuts
6
CONTINUOUS
10
206.9283460000000048
20
1.2121849999999998
11
206.9326259999999991
21
1.208485
0
LINE
8
Edge.Cuts
6
CONTINUOUS
10
206.9326259999999991
20
1.208485
11
206.9368920000000003
21
1.2047699999999999
0
LINE
8
Edge.Cuts
6
CONTINUOUS
10
206.9368920000000003
20
1.2047699999999999
11
206.9411460000000034
21
1.201039
0
LINE
8
Edge.Cuts
6
CONTINUOUS
10
206.9411460000000034
20
1.201039
11
206.945385999999985
21
1.1972939999999999
0
LINE
8
Edge.Cuts
6
CONTINUOUS
10
206.945385999999985
20
1.1972939999999999
11
206.9496129999999994
21
1.1935339999999999
0
LINE
8
Edge.Cuts
6
CONTINUOUS
10
206.9496129999999994
20
1.1935339999999999
11
206.9538259999999923
21
1.189759
0
LINE
8
Edge.Cuts
6
CONTINUOUS
10
206.9538259999999923
20
1.189759
11
206.9580259999999896
21
1.1859679999999999
0
LINE
8
Edge.Cuts
6
CONTINUOUS
10
206.9580259999999896
20
1.1859679999999999
11
206.9622129999999913
21
1.182164
0
LINE
8
Edge.Cuts
6
CONTINUOUS
10
206.9622129999999913
20
1.182164
11
206.9663869999999974
21
1.1783439999999998
0
LINE
8
Edge.Cuts
6
CONTINUOUS
10
206.9663869999999974
20
1.1783439999999998
11
206.9705459999999846
21
1.174509
0
LINE
8
Edge.Cuts
6
CONTINUOUS
10
206.9705459999999846
20
1.174509
11
206.9746920000000046
21
1.17066
0
LINE
8
Edge.Cuts
6
CONTINUOUS
10
206.9746920000000046
20
1.17066
11
206.9788250000000005
21
1.1667959999999999
0
LINE
8
Edge.Cuts
6
CONTINUOUS
10
206.9788250000000005
20
1.1667959999999999
11
206.9829440000000034
21
1.1629179999999999
0
LINE
8
Edge.Cuts
6
CONTINUOUS
10
206.9829440000000034
20
1.1629179999999999
11
206.9870489999999847
21
1.159025
0
LINE
8
Edge.Cuts
6
CONTINUOUS
10
206.9870489999999847
20
1.159025
11
206.9911400000000015
21
1.1551169999999999
0
LINE
8
Edge.Cuts
6
CONTINUOUS
10
206.9911400000000015
20
1.1551169999999999
11
206.9952179999999942
21
1.151195
0
LINE
8
Edge.Cuts
6
CONTINUOUS
10
206.9952179999999942
20
1.151195
11
206.9992819999999938
21
1.147259
0
LINE
8
Edge.Cuts
6
CONTINUOUS
10
206.9992819999999938
20
1.147259
11
207.0033310000000029
21
1.143308
0
LINE
8
Edge.Cuts
6
CONTINUOUS
10
207.0033310000000029
20
1.143308
11
207.0073669999999879
21
1.139343
0
LINE
8
Edge.Cuts
6
CONTINUOUS
10
207.0073669999999879
20
1.139343
11
207.007947999999999
21
1.1387699999999998
0
LINE
8
Edge.Cuts
6
CONTINUOUS
10
211.7579509999999914
20
0.6589119999999999
11
211.7542749999999785
21
0.650802
0
LINE
8
Edge.Cuts
6
CONTINUOUS
10
211.7542749999999785
20
0.650802
11
211.7505829999999776
21
0.642705
0
LINE
8
Edge.Cuts
6
CONTINUOUS
10
211.7505829999999776
20
0.642705
11
211.7468779999999811
21
0.634628
0
LINE
8
Edge.Cuts
6
CONTINUOUS
10
211.7468779999999811
20
0.634628
11
211.7431569999999965
21
0.626564
0
LINE
8
Edge.Cuts
6
CONTINUOUS
10
211.7431569999999965
20
0.626564
11
211.739422999999988
21
0.61852
0
LINE
8
Edge.Cuts
6
CONTINUOUS
10
211.739422999999988
20
0.61852
11
211.7356729999999914
21
0.61049
0
LINE
8
Edge.Cuts
6
CONTINUOUS
10
211.7356729999999914
20
0.61049
11
211.7319109999999966
21
0.60248
0
LINE
8
Edge.Cuts
6
CONTINUOUS
10
211.7319109999999966
20
0.60248
11
211.7281329999999855
21
0.594484
0
LINE
8
Edge.Cuts
6
CONTINUOUS
10
211.7281329999999855
20
0.594484
11
211.7243430000000046
21
0.5865079999999999
0
LINE
8
Edge.Cuts
6
CONTINUOUS
10
211.7243430000000046
20
0.5865079999999999
11
211.7205369999999789
21
0.578545
0
LINE
8
Edge.Cuts
6
CONTINUOUS
10
211.7205369999999789
20
0.578545
11
211.716717999999986
21
0.570603
0
LINE
8
Edge.Cuts
6
CONTINUOUS
10
211.716717999999986
20
0.570603
11
211.7128840000000025
21
0.5626749999999999
0
LINE
8
Edge.Cuts
6
CONTINUOUS
10
211.7128840000000025
20
0.5626749999999999
11
211.7090379999999925
21
0.554767
0
LINE
8
Edge.Cuts
6
CONTINUOUS
10
211.7090379999999925
20
0.554767
11
211.7051759999999945
21
0.5468729999999999
0
LINE
8
Edge.Cuts
6
CONTINUOUS
10
211.7051759999999945
20
0.5468729999999999
11
211.7013019999999983
21
0.538999
0
LINE
8
Edge.Cuts
6
CONTINUOUS
10
211.7013019999999983
20
0.538999
11
211.6974119999999857
21
0.531139
0
LINE
8
Edge.Cuts
6
CONTINUOUS
10
211.6974119999999857
20
0.531139
11
211.6935100000000034
21
0.523301
0
LINE
8
Edge.Cuts
6
CONTINUOUS
10
211.6935100000000034
20
0.523301
11
211.6895930000000021
21
0.5154759999999999
0
LINE
8
Edge.Cuts
6
CONTINUOUS
10
211.6895930000000021
20
0.5154759999999999
11
211.6856640000000027
21
0.507671
0
LINE
8
Edge.Cuts
6
CONTINUOUS
10
211.6856640000000027
20
0.507671
11
211.6817189999999869
21
0.499881
0
LINE
8
Edge.Cuts
6
CONTINUOUS
10
211.6817189999999869
20
0.499881
11
211.6777629999999988
21
0.492112
0
LINE
8
Edge.Cuts
6
CONTINUOUS
10
211.6777629999999988
20
0.492112
11
211.6737909999999943
21
0.484356
0
LINE
8
Edge.Cuts
6
CONTINUOUS
10
211.6737909999999943
20
0.484356
11
211.6698079999999891
21
0.476622
0
LINE
8
Edge.Cuts
6
CONTINUOUS
10
211.6698079999999891
20
0.476622
11
211.6658089999999959
21
0.468902
0
LINE
8
Edge.Cuts
6
CONTINUOUS
10
211.6658089999999959
20
0.468902
11
211.661799000000002
21
0.461203
0
LINE
8
Edge.Cuts
6
CONTINUOUS
10
211.661799000000002
20
0.461203
11
211.6577739999999892
21
0.453518
0
LINE
8
Edge.Cuts
6
CONTINUOUS
10
211.6577739999999892
20
0.453518
11
211.6537369999999783
21
0.445855
0
LINE
8
Edge.Cuts
6
CONTINUOUS
10
211.6537369999999783
20
0.445855
11
211.6496849999999768
21
0.438205
0
LINE
8
Edge.Cuts
6
CONTINUOUS
10
211.6496849999999768
20
0.438205
11
211.645622000000003
21
0.430577
0
LINE
8
Edge.Cuts
6
CONTINUOUS
10
211.645622000000003
20
0.430577
11
211.6415429999999844
21
0.422963
0
LINE
8
Edge.Cuts
6
CONTINUOUS
10
211.6415429999999844
20
0.422963
11
211.6374529999999936
21
0.415371
0
LINE
8
Edge.Cuts
6
CONTINUOUS
10
211.6374529999999936
20
0.415371
11
211.6333489999999813
21
0.407792
0
LINE
8
Edge.Cuts
6
CONTINUOUS
10
211.6333489999999813
20
0.407792
11
211.6292329999999993
21
0.400236
0
LINE
8
Edge.Cuts
6
CONTINUOUS
10
211.6292329999999993
20
0.400236
11
211.6251019999999983
21
0.392693
0
LINE
8
Edge.Cuts
6
CONTINUOUS
10
211.6251019999999983
20
0.392693
11
211.6209609999999941
21
0.385173
0
LINE
8
Edge.Cuts
6
CONTINUOUS
10
211.6209609999999941
20
0.385173
11
211.6168040000000019
21
0.377666
0
LINE
8
Edge.Cuts
6
CONTINUOUS
10
211.6168040000000019
20
0.377666
11
211.6126359999999806
21
0.370182
0
LINE
8
Edge.Cuts
6
CONTINUOUS
10
211.6126359999999806
20
0.370182
11
211.6084539999999947
21
0.362712
0
LINE
8
Edge.Cuts
6
CONTINUOUS
10
211.6084539999999947
20
0.362712
11
211.6042609999999797
21
0.355263
0
LINE
8
Edge.Cuts
6
CONTINUOUS
10
211.6042609999999797
20
0.355263
11
211.6000530000000026
21
0.347829
0
LINE
8
Edge.Cuts
6
CONTINUOUS
10
211.6000530000000026
20
0.347829
11
211.5958349999999939
21
0.340418
0
LINE
8
Edge.Cuts
6
CONTINUOUS
10
211.5958349999999939
20
0.340418
11
211.5916009999999972
21
0.33302
0
LINE
8
Edge.Cuts
6
CONTINUOUS
10
211.5916009999999972
20
0.33302
11
211.5873579999999947
21
0.325645
0
LINE
8
Edge.Cuts
6
CONTINUOUS
10
211.5873579999999947
20
0.325645
11
211.5830990000000043
21
0.318284
0
LINE
8
Edge.Cuts
6
CONTINUOUS
10
211.5830990000000043
20
0.318284
11
211.5788309999999797
21
0.310945
0
LINE
8
Edge.Cuts
6
CONTINUOUS
10
211.5788309999999797
20
0.310945
11
211.5745469999999955
21
0.303621
0
LINE
8
Edge.Cuts
6
CONTINUOUS
10
211.5745469999999955
20
0.303621
11
211.5702539999999772
21
0.296319
0
LINE
8
Edge.Cuts
6
CONTINUOUS
10
211.5702539999999772
20
0.296319
11
211.5659449999999993
21
0.289032
0
LINE
8
Edge.Cuts
6
CONTINUOUS
10
211.5659449999999993
20
0.289032
11
211.5616269999999872
21
0.281767
0
LINE
8
Edge.Cuts
6
CONTINUOUS
10
211.5616269999999872
20
0.281767
11
211.5572939999999846
21
0.274516
0
LINE
8
Edge.Cuts
6
CONTINUOUS
10
211.5572939999999846
20
0.274516
11
211.5529509999999789
21
0.267288
0
LINE
8
Edge.Cuts
6
CONTINUOUS
10
211.5529509999999789
20
0.267288
11
211.54859399999998
21
0.260075
0
LINE
8
Edge.Cuts
6
CONTINUOUS
10
211.54859399999998
20
0.260075
11
211.544226999999978
21
0.252884
0
LINE
8
Edge.Cuts
6
CONTINUOUS
10
211.544226999999978
20
0.252884
11
211.5398449999999855
21
0.245708
0
LINE
8
Edge.Cuts
6
CONTINUOUS
10
211.5398449999999855
20
0.245708
11
211.5345700000000022
21
0.237119
0
ARC
8
Edge.Cuts
10
148.5450999999999908
20
2.1000000000000001
40
0.499982
50
-90.00206265
51
-0.00000000
0
ARC
8
Edge.Cuts
10
136.7048999999999808
20
7.
40
1.6000000001012498
50
0.00000000
51
89.99935542
0
LINE
8
Edge.Cuts
6
CONTINUOUS
10
211.5345700000000022
20
0.237119
11
211.5301580000000001
21
0.229978
0
LINE
8
Edge.Cuts
6
CONTINUOUS
10
211.5301580000000001
20
0.229978
11
211.5257339999999999
21
0.222854
0
LINE
8
Edge.Cuts
6
CONTINUOUS
10
211.5257339999999999
20
0.222854
11
211.5212989999999991
21
0.215752
0
LINE
8
Edge.Cuts
6
CONTINUOUS
10
211.5212989999999991
20
0.215752
11
211.5168510000000026
21
0.208667
0
LINE
8
Edge.Cuts
6
CONTINUOUS
10
211.5168510000000026
20
0.208667
11
211.5123940000000005
21
0.201603
0
LINE
8
Edge.Cuts
6
CONTINUOUS
10
211.5123940000000005
20
0.201603
11
211.5079229999999768
21
0.194557
0
LINE
8
Edge.Cuts
6
CONTINUOUS
10
211.5079229999999768
20
0.194557
11
211.5034430000000043
21
0.187533
0
LINE
8
Edge.Cuts
6
CONTINUOUS
10
211.5034430000000043
20
0.187533
11
211.4989499999999794
21
0.180526
0
LINE
8
Edge.Cuts
6
CONTINUOUS
10
211.4989499999999794
20
0.180526
11
211.4944469999999797
21
0.17354
0
LINE
8
Edge.Cuts
6
CONTINUOUS
10
211.4944469999999797
20
0.17354
11
211.4899319999999818
21
0.166572
0
LINE
8
Edge.Cuts
6
CONTINUOUS
10
211.4899319999999818
20
0.166572
11
211.4854069999999808
21
0.159626
0
LINE
8
Edge.Cuts
6
CONTINUOUS
10
211.4854069999999808
20
0.159626
11
211.4808689999999842
21
0.152697
0
LINE
8
Edge.Cuts
6
CONTINUOUS
10
211.4808689999999842
20
0.152697
11
211.4763219999999819
21
0.14579
0
LINE
8
Edge.Cuts
6
CONTINUOUS
10
211.4763219999999819
20
0.14579
11
211.471761999999984
21
0.1389
0
LINE
8
Edge.Cuts
6
CONTINUOUS
10
211.471761999999984
20
0.1389
11
211.467191999999983
21
0.132032
0
LINE
8
Edge.Cuts
6
CONTINUOUS
10
211.467191999999983
20
0.132032
11
211.4626109999999812
21
0.125182
0
LINE
8
Edge.Cuts
6
CONTINUOUS
10
211.4626109999999812
20
0.125182
11
211.4580199999999763
21
0.118354
0
LINE
8
Edge.Cuts
6
CONTINUOUS
10
211.4580199999999763
20
0.118354
11
211.4534160000000043
21
0.111543
0
LINE
8
Edge.Cuts
6
CONTINUOUS
10
211.4534160000000043
20
0.111543
11
211.4488029999999981
21
0.104753
0
LINE
8
Edge.Cuts
6
CONTINUOUS
10
211.4488029999999981
20
0.104753
11
211.4441779999999937
21
0.097982
0
LINE
8
Edge.Cuts
6
CONTINUOUS
10
211.4441779999999937
20
0.097982
11
211.4395439999999837
21
0.091232
0
LINE
8
Edge.Cuts
6
CONTINUOUS
10
211.4395439999999837
20
0.091232
11
211.4348969999999781
21
0.0845
0
LINE
8
Edge.Cuts
6
CONTINUOUS
10
211.4348969999999781
20
0.0845
11
211.4302419999999927
21
0.07779
0
LINE
8
Edge.Cuts
6
CONTINUOUS
10
211.4302419999999927
20
0.07779
11
211.4255739999999832
21
0.071098
0
LINE
8
Edge.Cuts
6
CONTINUOUS
10
211.4255739999999832
20
0.071098
11
211.4208969999999965
21
0.064427
0
LINE
8
Edge.Cuts
6
CONTINUOUS
10
211.4208969999999965
20
0.064427
11
211.4162079999999833
21
0.057774
0
LINE
8
Edge.Cuts
6
CONTINUOUS
10
211.4162079999999833
20
0.057774
11
211.4115099999999927
21
0.051144
0
LINE
8
Edge.Cuts
6
CONTINUOUS
10
211.4115099999999927
20
0.051144
11
211.4068010000000015
21
0.044531
0
LINE
8
Edge.Cuts
6
CONTINUOUS
10
211.4068010000000015
20
0.044531
11
211.4020819999999787
21
0.03794
0
LINE
8
Edge.Cuts
6
CONTINUOUS
10
211.4020819999999787
20
0.03794
11
211.3973509999999862
21
0.031366
0
LINE
8
Edge.Cuts
6
CONTINUOUS
10
211.3973509999999862
20
0.031366
11
211.3926119999999855
21
0.024815
0
LINE
8
Edge.Cuts
6
CONTINUOUS
10
211.3926119999999855
20
0.024815
11
211.3878609999999867
21
0.018282
0
LINE
8
Edge.Cuts
6
CONTINUOUS
10
211.3878609999999867
20
0.018282
11
211.3831009999999822
21
0.01177
0
LINE
8
Edge.Cuts
6
CONTINUOUS
10
211.3831009999999822
20
0.01177
11
211.378329999999977
21
0.005277
0
LINE
8
Edge.Cuts
6
CONTINUOUS
10
211.378329999999977
20
0.005277
11
211.3735499999999945
21
-0.001194
0
LINE
8
Edge.Cuts
6
CONTINUOUS
10
211.3735499999999945
20
-0.001194
11
211.3687579999999855
21
-0.007648
0
LINE
8
Edge.Cuts
6
CONTINUOUS
10
211.3687579999999855
20
-0.007648
11
211.3639579999999967
21
-0.014079
0
LINE
8
Edge.Cuts
6
CONTINUOUS
10
211.3639579999999967
20
-0.014079
11
211.3591459999999813
21
-0.020493
0
LINE
8
Edge.Cuts
6
CONTINUOUS
10
211.3591459999999813
20
-0.020493
11
211.3543259999999862
21
-0.026884
0
LINE
8
Edge.Cuts
6
CONTINUOUS
10
211.3543259999999862
20
-0.026884
11
211.3494939999999929
21
-0.033258
0
LINE
8
Edge.Cuts
6
CONTINUOUS
10
211.3494939999999929
20
-0.033258
11
211.3446539999999914
21
-0.039609
0
LINE
8
Edge.Cuts
6
CONTINUOUS
10
211.3446539999999914
20
-0.039609
11
211.3398019999999917
21
-0.045942
0
LINE
8
Edge.Cuts
6
CONTINUOUS
10
211.3398019999999917
20
-0.045942
11
211.3349429999999813
21
-0.052253
0
LINE
8
Edge.Cuts
6
CONTINUOUS
10
211.3349429999999813
20
-0.052253
11
211.3300720000000013
21
-0.058546
0
LINE
8
Edge.Cuts
6
CONTINUOUS
10
211.3300720000000013
20
-0.058546
11
211.325191999999987
21
-0.064817
0
LINE
8
Edge.Cuts
6
CONTINUOUS
10
211.325191999999987
20
-0.064817
11
211.3203019999999981
21
-0.07107
0
LINE
8
Edge.Cuts
6
CONTINUOUS
10
211.3203019999999981
20
-0.07107
11
211.3154030000000034
21
-0.077301
0
LINE
8
Edge.Cuts
6
CONTINUOUS
10
211.3154030000000034
20
-0.077301
11
211.3104939999999772
21
-0.083513
0
LINE
8
Edge.Cuts
6
CONTINUOUS
10
211.3104939999999772
20
-0.083513
11
211.3055760000000021
21
-0.089703
0
LINE
8
Edge.Cuts
6
CONTINUOUS
10
211.3055760000000021
20
-0.089703
11
211.3006469999999979
21
-0.095876
0
LINE
8
Edge.Cuts
6
CONTINUOUS
10
211.3006469999999979
20
-0.095876
11
211.295710999999983
21
-0.102025
0
LINE
8
Edge.Cuts
6
CONTINUOUS
10
211.295710999999983
20
-0.102025
11
211.2907629999999983
21
-0.108157
0
LINE
8
Edge.Cuts
6
CONTINUOUS
10
211.2907629999999983
20
-0.108157
11
211.2858080000000029
21
-0.114267
0
LINE
8
Edge.Cuts
6
CONTINUOUS
10
211.2858080000000029
20
-0.114267
11
211.280840999999981
21
-0.120358
0
LINE
8
Edge.Cuts
6
CONTINUOUS
10
211.280840999999981
20
-0.120358
11
211.2758669999999768
21
-0.126427
0
LINE
8
Edge.Cuts
6
CONTINUOUS
10
211.2758669999999768
20
-0.126427
11
211.2708820000000003
21
-0.132478
0
LINE
8
Edge.Cuts
6
CONTINUOUS
10
211.2708820000000003
20
-0.132478
11
211.2658889999999872
21
-0.138507
0
LINE
8
Edge.Cuts
6
CONTINUOUS
10
211.2658889999999872
20
-0.138507
11
211.2608859999999993
21
-0.144517
0
LINE
8
Edge.Cuts
6
CONTINUOUS
10
211.2608859999999993
20
-0.144517
11
211.2558750000000032
21
-0.150505
0
LINE
8
Edge.Cuts
6
CONTINUOUS
10
211.2558750000000032
20
-0.150505
11
211.250852999999978
21
-0.156475
0
LINE
8
Edge.Cuts
6
CONTINUOUS
10
211.250852999999978
20
-0.156475
11
211.2458239999999989
21
-0.162422
0
LINE
8
Edge.Cuts
6
CONTINUOUS
10
211.2458239999999989
20
-0.162422
11
211.2407839999999908
21
-0.168352
0
LINE
8
Edge.Cuts
6
CONTINUOUS
10
211.2407839999999908
20
-0.168352
11
211.2357370000000003
21
-0.174258
0
LINE
8
Edge.Cuts
6
CONTINUOUS
10
211.2357370000000003
20
-0.174258
11
211.2306789999999808
21
-0.180147
0
LINE
8
Edge.Cuts
6
CONTINUOUS
10
211.2306789999999808
20
-0.180147
11
211.2256139999999789
21
-0.186013
0
LINE
8
Edge.Cuts
6
CONTINUOUS
10
211.2256139999999789
20
-0.186013
11
211.2205390000000023
21
-0.191861
0
LINE
8
Edge.Cuts
6
CONTINUOUS
10
211.2205390000000023
20
-0.191861
11
211.215455999999989
21
-0.197687
0
LINE
8
Edge.Cuts
6
CONTINUOUS
10
211.215455999999989
20
-0.197687
11
211.210363000000001
21
-0.203494
0
LINE
8
Edge.Cuts
6
CONTINUOUS
10
211.210363000000001
20
-0.203494
11
211.2052630000000022
21
-0.209279
0
LINE
8
Edge.Cuts
6
CONTINUOUS
10
211.2052630000000022
20
-0.209279
11
211.2001520000000028
21
-0.215045
0
LINE
8
Edge.Cuts
6
CONTINUOUS
10
211.2001520000000028
20
-0.215045
11
211.1950339999999926
21
-0.220789
0
LINE
8
Edge.Cuts
6
CONTINUOUS
10
211.1950339999999926
20
-0.220789
11
211.1899059999999793
21
-0.226515
0
LINE
8
Edge.Cuts
6
CONTINUOUS
10
211.1899059999999793
20
-0.226515
11
211.1847719999999811
21
-0.232218
0
LINE
8
Edge.Cuts
6
CONTINUOUS
10
211.1847719999999811
20
-0.232218
11
211.1796259999999847
21
-0.237903
0
LINE
8
Edge.Cuts
6
CONTINUOUS
10
211.1796259999999847
20
-0.237903
11
211.174475000000001
21
-0.243566
0
LINE
8
Edge.Cuts
6
CONTINUOUS
10
211.174475000000001
20
-0.243566
11
211.1693119999999908
21
-0.24921
0
LINE
8
Edge.Cuts
6
CONTINUOUS
10
211.1693119999999908
20
-0.24921
11
211.1641439999999932
21
-0.254831
0
LINE
8
Edge.Cuts
6
CONTINUOUS
10
211.1641439999999932
20
-0.254831
11
211.1589649999999949
21
-0.260435
0
LINE
8
Edge.Cuts
6
CONTINUOUS
10
211.1589649999999949
20
-0.260435
11
211.1537799999999834
21
-0.266015
0
LINE
8
Edge.Cuts
6
CONTINUOUS
10
211.1537799999999834
20
-0.266015
11
211.1485839999999996
21
-0.271578
0
LINE
8
Edge.Cuts
6
CONTINUOUS
10
211.1485839999999996
20
-0.271578
11
211.1433820000000026
21
-0.277118
0
LINE
8
Edge.Cuts
6
CONTINUOUS
10
211.1433820000000026
20
-0.277118
11
211.1381700000000023
21
-0.282639
0
LINE
8
Edge.Cuts
6
CONTINUOUS
10
211.1381700000000023
20
-0.282639
11
211.1329509999999914
21
-0.288138
0
LINE
8
Edge.Cuts
6
CONTINUOUS
10
211.1329509999999914
20
-0.288138
11
211.1277230000000031
21
-0.293619
0
LINE
8
Edge.Cuts
6
CONTINUOUS
10
211.1277230000000031
20
-0.293619
11
211.1224880000000041
21
-0.299077
0
LINE
8
Edge.Cuts
6
CONTINUOUS
10
211.1224880000000041
20
-0.299077
11
211.117243000000002
21
-0.304516
0
LINE
8
Edge.Cuts
6
CONTINUOUS
10
211.117243000000002
20
-0.304516
11
211.111992999999984
21
-0.309933
0
LINE
8
Edge.Cuts
6
CONTINUOUS
10
211.111992999999984
20
-0.309933
11
211.1067319999999938
21
-0.315332
0
LINE
8
Edge.Cuts
6
CONTINUOUS
10
211.1067319999999938
20
-0.315332
11
211.1014649999999904
21
-0.320708
0
LINE
8
Edge.Cuts
6
CONTINUOUS
10
211.1014649999999904
20
-0.320708
11
211.0961879999999837
21
-0.326066
0
LINE
8
Edge.Cuts
6
CONTINUOUS
10
211.0961879999999837
20
-0.326066
11
211.0909059999999897
21
-0.331401
0
LINE
8
Edge.Cuts
6
CONTINUOUS
10
211.0909059999999897
20
-0.331401
11
211.0856129999999951
21
-0.336718
0
LINE
8
Edge.Cuts
6
CONTINUOUS
10
211.0856129999999951
20
-0.336718
11
211.0803149999999846
21
-0.342012
0
LINE
8
Edge.Cuts
6
CONTINUOUS
10
211.0803149999999846
20
-0.342012
11
211.0750069999999994
21
-0.347288
0
LINE
8
Edge.Cuts
6
CONTINUOUS
10
211.0750069999999994
20
-0.347288
11
211.0696930000000009
21
-0.352541
0
LINE
8
Edge.Cuts
6
CONTINUOUS
10
211.0696930000000009
20
-0.352541
11
211.0643699999999967
21
-0.357775
0
LINE
8
Edge.Cuts
6
CONTINUOUS
10
211.0643699999999967
20
-0.357775
11
211.0590409999999792
21
-0.362987
0
LINE
8
Edge.Cuts
6
CONTINUOUS
10
211.0590409999999792
20
-0.362987
11
211.053701999999987
21
-0.368181
0
LINE
8
Edge.Cuts
6
CONTINUOUS
10
211.053701999999987
20
-0.368181
11
211.0483569999999816
21
-0.373352
0
LINE
8
Edge.Cuts
6
CONTINUOUS
10
211.0483569999999816
20
-0.373352
11
211.0430029999999988
21
-0.378505
0
LINE
8
Edge.Cuts
6
CONTINUOUS
10
211.0430029999999988
20
-0.378505
11
211.0376440000000002
21
-0.383635
0
LINE
8
Edge.Cuts
6
CONTINUOUS
10
211.0376440000000002
20
-0.383635
11
211.0322749999999985
21
-0.388746
0
LINE
8
Edge.Cuts
6
CONTINUOUS
10
211.0322749999999985
20
-0.388746
11
211.026900999999981
21
-0.393835
0
LINE
8
Edge.Cuts
6
CONTINUOUS
10
211.026900999999981
20
-0.393835
11
211.0215169999999887
21
-0.398906
0
LINE
8
Edge.Cuts
6
CONTINUOUS
10
211.0215169999999887
20
-0.398906
11
211.0161279999999806
21
-0.403953
0
LINE
8
Edge.Cuts
6
CONTINUOUS
10
211.0161279999999806
20
-0.403953
11
211.0107289999999978
21
-0.408983
0
LINE
8
Edge.Cuts
6
CONTINUOUS
10
211.0107289999999978
20
-0.408983
11
211.0053249999999991
21
-0.41399
0
LINE
8
Edge.Cuts
6
CONTINUOUS
10
211.0053249999999991
20
-0.41399
11
210.9999119999999948
21
-0.418978
0
LINE
8
Edge.Cuts
6
CONTINUOUS
10
210.9999119999999948
20
-0.418978
11
210.9944940000000031
21
-0.423944
0
LINE
8
Edge.Cuts
6
CONTINUOUS
10
210.9944940000000031
20
-0.423944
11
210.9890659999999798
21
-0.428891
0
LINE
8
Edge.Cuts
6
CONTINUOUS
10
210.9890659999999798
20
-0.428891
11
210.983633999999995
21
-0.433816
0
LINE
8
Edge.Cuts
6
CONTINUOUS
10
210.983633999999995
20
-0.433816
11
210.9781919999999786
21
-0.438722
0
LINE
8
Edge.Cuts
6
CONTINUOUS
10
210.9781919999999786
20
-0.438722
11
210.9727450000000033
21
-0.443605
0
LINE
8
Edge.Cuts
6
CONTINUOUS
10
210.9727450000000033
20
-0.443605
11
210.9672889999999938
21
-0.44847
0
LINE
8
Edge.Cuts
6
CONTINUOUS
10
210.9672889999999938
20
-0.44847
11
210.961827999999997
21
-0.453313
0
LINE
8
Edge.Cuts
6
CONTINUOUS
10
210.961827999999997
20
-0.453313
11
210.9563579999999945
21
-0.458137
0
LINE
8
Edge.Cuts
6
CONTINUOUS
10
210.9563579999999945
20
-0.458137
11
210.9508830000000046
21
-0.462938
0
LINE
8
Edge.Cuts
6
CONTINUOUS
10
210.9508830000000046
20
-0.462938
11
210.945399999999978
21
-0.467721
0
LINE
8
Edge.Cuts
6
CONTINUOUS
10
210.945399999999978
20
-0.467721
11
210.9399109999999951
21
-0.472481
0
LINE
8
Edge.Cuts
6
CONTINUOUS
10
210.9399109999999951
20
-0.472481
11
210.934412999999978
21
-0.477223
0
LINE
8
Edge.Cuts
6
CONTINUOUS
10
210.934412999999978
20
-0.477223
11
210.9289109999999994
21
-0.481942
0
LINE
8
Edge.Cuts
6
CONTINUOUS
10
210.9289109999999994
20
-0.481942
11
210.9233999999999867
21
-0.486643
0
LINE
8
Edge.Cuts
6
CONTINUOUS
10
210.9233999999999867
20
-0.486643
11
210.9178839999999866
21
-0.491321
0
LINE
8
Edge.Cuts
6
CONTINUOUS
10
210.9178839999999866
20
-0.491321
11
210.9123589999999808
21
-0.495981
0
LINE
8
Edge.Cuts
6
CONTINUOUS
10
210.9123589999999808
20
-0.495981
11
210.9068299999999851
21
-0.500618
0
LINE
8
Edge.Cuts
6
CONTINUOUS
10
210.9068299999999851
20
-0.500618
11
210.9012919999999838
21
-0.505236
0
LINE
8
Edge.Cuts
6
CONTINUOUS
10
210.9012919999999838
20
-0.505236
11
210.8957499999999925
21
-0.509832
0
LINE
8
Edge.Cuts
6
CONTINUOUS
10
210.8957499999999925
20
-0.509832
11
210.8901989999999955
21
-0.514409
0
LINE
8
Edge.Cuts
6
CONTINUOUS
10
210.8901989999999955
20
-0.514409
11
210.8846429999999827
21
-0.518964
0
LINE
8
Edge.Cuts
6
CONTINUOUS
10
210.8846429999999827
20
-0.518964
11
210.8790789999999902
21
-0.523501
0
LINE
8
Edge.Cuts
6
CONTINUOUS
10
210.8790789999999902
20
-0.523501
11
210.8735109999999793
21
-0.528015
0
LINE
8
Edge.Cuts
6
CONTINUOUS
10
210.8735109999999793
20
-0.528015
11
210.8679339999999911
21
-0.5325099999999999
0
LINE
8
Edge.Cuts
6
CONTINUOUS
10
210.8679339999999911
20
-0.5325099999999999
11
210.8623519999999871
21
-0.536983
0
LINE
8
Edge.Cuts
6
CONTINUOUS
10
210.8623519999999871
20
-0.536983
11
210.8567620000000034
21
-0.5414369999999999
0
LINE
8
Edge.Cuts
6
CONTINUOUS
10
210.8567620000000034
20
-0.5414369999999999
11
210.8511680000000013
21
-0.5458689999999999
0
LINE
8
Edge.Cuts
6
CONTINUOUS
10
210.8511680000000013
20
-0.5458689999999999
11
210.8455659999999909
21
-0.5502819999999999
0
LINE
8
Edge.Cuts
6
CONTINUOUS
10
210.8455659999999909
20
-0.5502819999999999
11
210.8399589999999932
21
-0.5546719999999999
0
LINE
8
Edge.Cuts
6
CONTINUOUS
10
210.8399589999999932
20
-0.5546719999999999
11
210.8343439999999873
21
-0.559045
0
LINE
8
Edge.Cuts
6
CONTINUOUS
10
210.8343439999999873
20
-0.559045
11
210.8287249999999915
21
-0.563394
0
LINE
8
Edge.Cuts
6
CONTINUOUS
10
210.8287249999999915
20
-0.563394
11
210.82309699999999
21
-0.5677249999999999
0
LINE
8
Edge.Cuts
6
CONTINUOUS
10
210.82309699999999
20
-0.5677249999999999
11
210.817465999999996
21
-0.5720339999999999
0
LINE
8
Edge.Cuts
6
CONTINUOUS
10
210.817465999999996
20
-0.5720339999999999
11
210.8118259999999964
21
-0.5763239999999999
0
LINE
8
Edge.Cuts
6
CONTINUOUS
10
210.8118259999999964
20
-0.5763239999999999
11
210.8061819999999784
21
-0.580592
0
LINE
8
Edge.Cuts
6
CONTINUOUS
10
210.8061819999999784
20
-0.580592
11
210.8005299999999806
21
-0.5848409999999999
0
LINE
8
Edge.Cuts
6
CONTINUOUS
10
210.8005299999999806
20
-0.5848409999999999
11
210.7948749999999905
21
-0.589067
0
LINE
8
Edge.Cuts
6
CONTINUOUS
10
210.7948749999999905
20
-0.589067
11
210.7892109999999946
21
-0.593276
0
LINE
8
Edge.Cuts
6
CONTINUOUS
10
210.7892109999999946
20
-0.593276
11
210.7835429999999803
21
-0.597461
0
LINE
8
Edge.Cuts
6
CONTINUOUS
10
210.7835429999999803
20
-0.597461
11
210.7778669999999863
21
-0.6016279999999999
0
LINE
8
Edge.Cuts
6
CONTINUOUS
10
210.7778669999999863
20
-0.6016279999999999
11
210.7746389999999792
21
-0.6039869999999999
0
ARC
8
Edge.Cuts
10
89.4048999999999978
20
2.1604000000000001
40
0.4999966981140975
50
-0.00091670
51
76.22359155
0
LINE
8
Edge.Cuts
6
CONTINUOUS
10
210.7746389999999792
20
-0.6039869999999999
11
210.7689649999999801
21
-0.6081139999999999
0
LINE
8
Edge.Cuts
6
CONTINUOUS
10
210.7689649999999801
20
-0.6081139999999999
11
210.7632799999999804
21
-0.612224
0
LINE
8
Edge.Cuts
6
CONTINUOUS
10
210.7632799999999804
20
-0.612224
11
210.7575939999999832
21
-0.61631
0
LINE
8
Edge.Cuts
6
CONTINUOUS
10
210.7575939999999832
20
-0.61631
11
210.7518979999999829
21
-0.620378
0
LINE
8
Edge.Cuts
6
CONTINUOUS
10
210.7518979999999829
20
-0.620378
11
210.746200999999985
21
-0.624423
0
LINE
8
Edge.Cuts
6
CONTINUOUS
10
210.746200999999985
20
-0.624423
11
210.740493999999984
21
-0.62845
0
LINE
8
Edge.Cuts
6
CONTINUOUS
10
210.740493999999984
20
-0.62845
11
210.7347859999999855
21
-0.6324529999999999
0
LINE
8
Edge.Cuts
6
CONTINUOUS
10
210.7347859999999855
20
-0.6324529999999999
11
210.7290679999999838
21
-0.636439
0
LINE
8
Edge.Cuts
6
CONTINUOUS
10
210.7290679999999838
20
-0.636439
11
210.7233489999999847
21
-0.640401
0
LINE
8
Edge.Cuts
6
CONTINUOUS
10
210.7233489999999847
20
-0.640401
11
210.7176209999999799
21
-0.644346
0
LINE
8
Edge.Cuts
6
CONTINUOUS
10
210.7176209999999799
20
-0.644346
11
210.7118909999999801
21
-0.648266
0
LINE
8
Edge.Cuts
6
CONTINUOUS
10
210.7118909999999801
20
-0.648266
11
210.706152000000003
21
-0.652169
0
LINE
8
Edge.Cuts
6
CONTINUOUS
10
210.706152000000003
20
-0.652169
11
210.7004129999999975
21
-0.656048
0
LINE
8
Edge.Cuts
6
CONTINUOUS
10
210.7004129999999975
20
-0.656048
11
210.6946629999999914
21
-0.65991
0
LINE
8
Edge.Cuts
6
CONTINUOUS
10
210.6946629999999914
20
-0.65991
11
210.6889139999999827
21
-0.663747
0
LINE
8
Edge.Cuts
6
CONTINUOUS
10
210.6889139999999827
20
-0.663747
11
210.6831540000000018
21
-0.6675679999999999
0
LINE
8
Edge.Cuts
6
CONTINUOUS
10
210.6831540000000018
20
-0.6675679999999999
11
210.67739499999999
21
-0.671364
0
LINE
8
Edge.Cuts
6
CONTINUOUS
10
210.67739499999999
20
-0.671364
11
210.6716249999999775
21
-0.6751429999999999
0
LINE
8
Edge.Cuts
6
CONTINUOUS
10
210.6716249999999775
20
-0.6751429999999999
11
210.6658559999999909
21
-0.678898
0
LINE
8
Edge.Cuts
6
CONTINUOUS
10
210.6658559999999909
20
-0.678898
11
210.6600760000000037
21
-0.682635
0
LINE
8
Edge.Cuts
6
CONTINUOUS
10
210.6600760000000037
20
-0.682635
11
210.6542969999999855
21
-0.686348
0
LINE
8
Edge.Cuts
6
CONTINUOUS
10
210.6542969999999855
20
-0.686348
11
210.6485079999999925
21
-0.690044
0
LINE
8
Edge.Cuts
6
CONTINUOUS
10
210.6485079999999925
20
-0.690044
11
210.6427199999999971
21
-0.693716
0
LINE
8
Edge.Cuts
6
CONTINUOUS
10
210.6427199999999971
20
-0.693716
11
210.636921000000001
21
-0.697371
0
LINE
8
Edge.Cuts
6
CONTINUOUS
10
210.636921000000001
20
-0.697371
11
210.6311230000000023
21
-0.701001
0
LINE
8
Edge.Cuts
6
CONTINUOUS
10
210.6311230000000023
20
-0.701001
11
210.6253150000000005
21
-0.704614
0
LINE
8
Edge.Cuts
6
CONTINUOUS
10
210.6253150000000005
20
-0.704614
11
210.6195079999999962
21
-0.7082029999999999
0
LINE
8
Edge.Cuts
6
CONTINUOUS
10
210.6195079999999962
20
-0.7082029999999999
11
210.6136909999999887
21
-0.7117749999999999
0
LINE
8
Edge.Cuts
6
CONTINUOUS
10
210.6136909999999887
20
-0.7117749999999999
11
210.6078749999999786
21
-0.715322
0
LINE
8
Edge.Cuts
6
CONTINUOUS
10
210.6078749999999786
20
-0.715322
11
210.6020489999999938
21
-0.7188519999999999
0
LINE
8
Edge.Cuts
6
CONTINUOUS
10
210.6020489999999938
20
-0.7188519999999999
11
210.5962239999999781
21
-0.7223579999999999
0
LINE
8
Edge.Cuts
6
CONTINUOUS
10
210.5962239999999781
20
-0.7223579999999999
11
210.5903889999999876
21
-0.725847
0
LINE
8
Edge.Cuts
6
CONTINUOUS
10
210.5903889999999876
20
-0.725847
11
210.5845549999999946
21
-0.729312
0
LINE
8
Edge.Cuts
6
CONTINUOUS
10
210.5845549999999946
20
-0.729312
11
210.5787119999999959
21
-0.7327589999999999
0
LINE
8
Edge.Cuts
6
CONTINUOUS
10
210.5787119999999959
20
-0.7327589999999999
11
210.5728699999999947
21
-0.736182
0
LINE
8
Edge.Cuts
6
CONTINUOUS
10
210.5728699999999947
20
-0.736182
11
210.5670179999999903
21
-0.7395879999999999
0
LINE
8
Edge.Cuts
6
CONTINUOUS
10
210.5670179999999903
20
-0.7395879999999999
11
210.5611669999999833
21
-0.742969
0
LINE
8
Edge.Cuts
6
CONTINUOUS
10
210.5611669999999833
20
-0.742969
11
210.5553060000000016
21
-0.7463339999999999
0
LINE
8
Edge.Cuts
6
CONTINUOUS
10
210.5553060000000016
20
-0.7463339999999999
11
210.5494469999999865
21
-0.749674
0
LINE
8
Edge.Cuts
6
CONTINUOUS
10
210.5494469999999865
20
-0.749674
11
210.543578999999994
21
-0.7529969999999999
0
LINE
8
Edge.Cuts
6
CONTINUOUS
10
210.543578999999994
20
-0.7529969999999999
11
210.5377110000000016
21
-0.756296
0
LINE
8
Edge.Cuts
6
CONTINUOUS
10
210.5377110000000016
20
-0.756296
11
210.5318340000000035
21
-0.7595769999999999
0
LINE
8
Edge.Cuts
6
CONTINUOUS
10
210.5318340000000035
20
-0.7595769999999999
11
210.5259590000000003
21
-0.7628349999999999
0
LINE
8
Edge.Cuts
6
CONTINUOUS
10
210.5259590000000003
20
-0.7628349999999999
11
210.5200739999999939
21
-0.766075
0
LINE
8
Edge.Cuts
6
CONTINUOUS
10
210.5200739999999939
20
-0.766075
11
210.5141909999999825
21
-0.7692909999999999
0
LINE
8
Edge.Cuts
6
CONTINUOUS
10
210.5141909999999825
20
-0.7692909999999999
11
210.5082979999999964
21
-0.77249
0
LINE
8
Edge.Cuts
6
CONTINUOUS
10
210.5082979999999964
20
-0.77249
11
210.5024069999999767
21
-0.7756649999999999
0
LINE
8
Edge.Cuts
6
CONTINUOUS
10
210.5024069999999767
20
-0.7756649999999999
11
210.4965069999999798
21
-0.778822
0
LINE
8
Edge.Cuts
6
CONTINUOUS
10
210.4965069999999798
20
-0.778822
11
210.4906079999999804
21
-0.781955
0
LINE
8
Edge.Cuts
6
CONTINUOUS
10
210.4906079999999804
20
-0.781955
11
210.4847000000000037
21
-0.785071
0
LINE
8
Edge.Cuts
6
CONTINUOUS
10
210.4847000000000037
20
-0.785071
11
210.4787939999999935
21
-0.788164
0
LINE
8
Edge.Cuts
6
CONTINUOUS
10
210.4787939999999935
20
-0.788164
11
210.4728789999999776
21
-0.791238
0
LINE
8
Edge.Cuts
6
CONTINUOUS
10
210.4728789999999776
20
-0.791238
11
210.4669649999999876
21
-0.7942889999999999
0
LINE
8
Edge.Cuts
6
CONTINUOUS
10
210.4669649999999876
20
-0.7942889999999999
11
210.461041999999992
21
-0.797322
0
LINE
8
Edge.Cuts
6
CONTINUOUS
10
210.461041999999992
20
-0.797322
11
210.4551209999999912
21
-0.8003319999999999
0
LINE
8
Edge.Cuts
6
CONTINUOUS
10
210.4551209999999912
20
-0.8003319999999999
11
210.4491909999999848
21
-0.8033239999999999
0
LINE
8
Edge.Cuts
6
CONTINUOUS
10
210.4491909999999848
20
-0.8033239999999999
11
210.4432630000000017
21
-0.806292
0
LINE
8
Edge.Cuts
6
CONTINUOUS
10
210.4432630000000017
20
-0.806292
11
210.4373259999999846
21
-0.8092429999999999
0
LINE
8
Edge.Cuts
6
CONTINUOUS
10
210.4373259999999846
20
-0.8092429999999999
11
210.4313909999999908
21
-0.8121699999999999
0
LINE
8
Edge.Cuts
6
CONTINUOUS
10
210.4313909999999908
20
-0.8121699999999999
11
210.4254469999999912
21
-0.815079
0
LINE
8
Edge.Cuts
6
CONTINUOUS
10
210.4254469999999912
20
-0.815079
11
210.4195049999999867
21
-0.817966
0
LINE
8
Edge.Cuts
6
CONTINUOUS
10
210.4195049999999867
20
-0.817966
11
210.4135539999999764
21
-0.820834
0
LINE
8
Edge.Cuts
6
CONTINUOUS
10
210.4135539999999764
20
-0.820834
11
210.4076049999999896
21
-0.8236789999999999
0
LINE
8
Edge.Cuts
6
CONTINUOUS
10
210.4076049999999896
20
-0.8236789999999999
11
210.401646999999997
21
-0.8265049999999999
0
LINE
8
Edge.Cuts
6
CONTINUOUS
10
210.401646999999997
20
-0.8265049999999999
11
210.3956909999999993
21
-0.829309
0
LINE
8
Edge.Cuts
6
CONTINUOUS
10
210.3956909999999993
20
-0.829309
11
210.3897269999999935
21
-0.8320949999999999
0
LINE
8
Edge.Cuts
6
CONTINUOUS
10
210.3897269999999935
20
-0.8320949999999999
11
210.3837649999999826
21
-0.834858
0
LINE
8
Edge.Cuts
6
CONTINUOUS
10
210.3837649999999826
20
-0.834858
11
210.3777939999999944
21
-0.837602
0
LINE
8
Edge.Cuts
6
CONTINUOUS
10
210.3777939999999944
20
-0.837602
11
210.3718250000000012
21
-0.840324
0
LINE
8
Edge.Cuts
6
CONTINUOUS
10
210.3718250000000012
20
-0.840324
11
210.3658479999999997
21
-0.843027
0
LINE
8
Edge.Cuts
6
CONTINUOUS
10
210.3658479999999997
20
-0.843027
11
210.3598719999999958
21
-0.845708
0
LINE
8
Edge.Cuts
6
CONTINUOUS
10
210.3598719999999958
20
-0.845708
11
210.353888999999981
21
-0.84837
0
LINE
8
Edge.Cuts
6
CONTINUOUS
10
210.353888999999981
20
-0.84837
11
210.3479069999999922
21
-0.8510099999999999
0
LINE
8
Edge.Cuts
6
CONTINUOUS
10
210.3479069999999922
20
-0.8510099999999999
11
210.3419169999999951
21
-0.8536309999999999
0
LINE
8
Edge.Cuts
6
CONTINUOUS
10
210.3419169999999951
20
-0.8536309999999999
11
210.335928999999993
21
-0.8562299999999999
0
LINE
8
Edge.Cuts
6
CONTINUOUS
10
210.335928999999993
20
-0.8562299999999999
11
210.3299329999999827
21
-0.85881
0
LINE
8
Edge.Cuts
6
CONTINUOUS
10
210.3299329999999827
20
-0.85881
11
210.3239389999999958
21
-0.8613679999999999
0
LINE
8
Edge.Cuts
6
CONTINUOUS
10
210.3239389999999958
20
-0.8613679999999999
11
210.3179370000000006
21
-0.863907
0
LINE
8
Edge.Cuts
6
CONTINUOUS
10
210.3179370000000006
20
-0.863907
11
210.3119370000000004
21
-0.866424
0
LINE
8
Edge.Cuts
6
CONTINUOUS
10
210.3119370000000004
20
-0.866424
11
210.3059289999999919
21
-0.868922
0
LINE
8
Edge.Cuts
6
CONTINUOUS
10
210.3059289999999919
20
-0.868922
11
210.2999229999999784
21
-0.871398
0
LINE
8
Edge.Cuts
6
CONTINUOUS
10
210.2999229999999784
20
-0.871398
11
210.2939089999999851
21
-0.873856
0
LINE
8
Edge.Cuts
6
CONTINUOUS
10
210.2939089999999851
20
-0.873856
11
210.2878969999999867
21
-0.8762909999999999
0
LINE
8
Edge.Cuts
6
CONTINUOUS
10
210.2878969999999867
20
-0.8762909999999999
11
210.2818769999999802
21
-0.8787069999999999
0
LINE
8
Edge.Cuts
6
CONTINUOUS
10
210.2818769999999802
20
-0.8787069999999999
11
210.275858999999997
21
-0.8811009999999999
0
LINE
8
Edge.Cuts
6
CONTINUOUS
10
210.275858999999997
20
-0.8811009999999999
11
210.269834000000003
21
-0.883477
0
LINE
8
Edge.Cuts
6
CONTINUOUS
10
210.269834000000003
20
-0.883477
11
210.2638099999999781
21
-0.8858309999999999
0
LINE
8
Edge.Cuts
6
CONTINUOUS
10
210.2638099999999781
20
-0.8858309999999999
11
210.2577789999999993
21
-0.888165
0
LINE
8
Edge.Cuts
6
CONTINUOUS
10
210.2577789999999993
20
-0.888165
11
210.251749999999987
21
-0.890478
0
LINE
8
Edge.Cuts
6
CONTINUOUS
10
210.251749999999987
20
-0.890478
11
210.245712999999995
21
-0.892772
0
LINE
8
Edge.Cuts
6
CONTINUOUS
10
210.245712999999995
20
-0.892772
11
210.2396779999999978
21
-0.895044
0
LINE
8
Edge.Cuts
6
CONTINUOUS
10
210.2396779999999978
20
-0.895044
11
210.23363599999999
21
-0.897297
0
LINE
8
Edge.Cuts
6
CONTINUOUS
10
210.23363599999999
20
-0.897297
11
210.227595999999977
21
-0.8995289999999999
0
LINE
8
Edge.Cuts
6
CONTINUOUS
10
210.227595999999977
20
-0.8995289999999999
11
210.2215479999999843
21
-0.9017409999999999
0
LINE
8
Edge.Cuts
6
CONTINUOUS
10
210.2215479999999843
20
-0.9017409999999999
11
210.215502999999984
21
-0.903932
0
LINE
8
Edge.Cuts
6
CONTINUOUS
10
210.215502999999984
20
-0.903932
11
210.2094500000000039
21
-0.9061039999999999
0
LINE
8
Edge.Cuts
6
CONTINUOUS
10
210.2094500000000039
20
-0.9061039999999999
11
210.2033989999999903
21
-0.908254
0
LINE
8
Edge.Cuts
6
CONTINUOUS
10
210.2033989999999903
20
-0.908254
11
210.197339999999997
21
-0.910385
0
LINE
8
Edge.Cuts
6
CONTINUOUS
10
210.197339999999997
20
-0.910385
11
210.191283999999996
21
-0.9124939999999999
0
LINE
8
Edge.Cuts
6
CONTINUOUS
10
210.191283999999996
20
-0.9124939999999999
11
210.1852199999999868
21
-0.914585
0
LINE
8
Edge.Cuts
6
CONTINUOUS
10
210.1852199999999868
20
-0.914585
11
210.1791589999999985
21
-0.916654
0
LINE
8
Edge.Cuts
6
CONTINUOUS
10
210.1791589999999985
20
-0.916654
11
210.173090000000002
21
-0.918704
0
LINE
8
Edge.Cuts
6
CONTINUOUS
10
210.173090000000002
20
-0.918704
11
210.1670230000000004
21
-0.920732
0
LINE
8
Edge.Cuts
6
CONTINUOUS
10
210.1670230000000004
20
-0.920732
11
210.160948999999988
21
-0.9227409999999999
0
LINE
8
Edge.Cuts
6
CONTINUOUS
10
210.160948999999988
20
-0.9227409999999999
11
210.1548779999999965
21
-0.9247289999999999
0
LINE
8
Edge.Cuts
6
CONTINUOUS
10
210.1548779999999965
20
-0.9247289999999999
11
210.1487989999999968
21
-0.9266979999999999
0
LINE
8
Edge.Cuts
6
CONTINUOUS
10
210.1487989999999968
20
-0.9266979999999999
11
210.142721999999992
21
-0.928646
0
LINE
8
Edge.Cuts
6
CONTINUOUS
10
210.142721999999992
20
-0.928646
11
210.1366379999999765
21
-0.930574
0
LINE
8
Edge.Cuts
6
CONTINUOUS
10
210.1366379999999765
20
-0.930574
11
210.1305559999999844
21
-0.932481
0
LINE
8
Edge.Cuts
6
CONTINUOUS
10
210.1305559999999844
20
-0.932481
11
210.1244669999999815
21
-0.934369
0
LINE
8
Edge.Cuts
6
CONTINUOUS
10
210.1244669999999815
20
-0.934369
11
210.1183809999999994
21
-0.9362349999999999
0
LINE
8
Edge.Cuts
6
CONTINUOUS
10
210.1183809999999994
20
-0.9362349999999999
11
210.1122869999999807
21
-0.938083
0
LINE
8
Edge.Cuts
6
CONTINUOUS
10
210.1122869999999807
20
-0.938083
11
210.1061949999999854
21
-0.939909
0
LINE
8
Edge.Cuts
6
CONTINUOUS
10
210.1061949999999854
20
-0.939909
11
210.1000969999999768
21
-0.9417169999999999
0
LINE
8
Edge.Cuts
6
CONTINUOUS
10
210.1000969999999768
20
-0.9417169999999999
11
210.0939999999999941
21
-0.943502
0
LINE
8
Edge.Cuts
6
CONTINUOUS
10
210.0939999999999941
20
-0.943502
11
210.0878969999999981
21
-0.9452689999999999
0
LINE
8
Edge.Cuts
6
CONTINUOUS
10
210.0878969999999981
20
-0.9452689999999999
11
210.0817959999999971
21
-0.9470149999999999
0
LINE
8
Edge.Cuts
6
CONTINUOUS
10
210.0817959999999971
20
-0.9470149999999999
11
210.0756879999999853
21
-0.9487409999999999
0
LINE
8
Edge.Cuts
6
CONTINUOUS
10
210.0756879999999853
20
-0.9487409999999999
11
210.0695819999999969
21
-0.9504459999999999
0
LINE
8
Edge.Cuts
6
CONTINUOUS
10
210.0695819999999969
20
-0.9504459999999999
11
210.0634689999999978
21
-0.952133
0
LINE
8
Edge.Cuts
6
CONTINUOUS
10
210.0634689999999978
20
-0.952133
11
210.0573579999999936
21
-0.9537979999999999
0
LINE
8
Edge.Cuts
6
CONTINUOUS
10
210.0573579999999936
20
-0.9537979999999999
11
210.0512410000000045
21
-0.955444
0
LINE
8
Edge.Cuts
6
CONTINUOUS
10
210.0512410000000045
20
-0.955444
11
210.0451249999999845
21
-0.9570689999999999
0
LINE
8
Edge.Cuts
6
CONTINUOUS
10
210.0451249999999845
20
-0.9570689999999999
11
210.0390029999999797
21
-0.9586739999999999
0
LINE
8
Edge.Cuts
6
CONTINUOUS
10
210.0390029999999797
20
-0.9586739999999999
11
210.0328829999999982
21
-0.960259
0
LINE
8
Edge.Cuts
6
CONTINUOUS
10
210.0328829999999982
20
-0.960259
11
210.0267570000000035
21
-0.9618239999999999
0
LINE
8
Edge.Cuts
6
CONTINUOUS
10
210.0267570000000035
20
-0.9618239999999999
11
210.0206319999999778
21
-0.9633689999999999
0
LINE
8
Edge.Cuts
6
CONTINUOUS
10
210.0206319999999778
20
-0.9633689999999999
11
210.0145009999999957
21
-0.9648939999999999
0
LINE
8
Edge.Cuts
6
CONTINUOUS
10
210.0145009999999957
20
-0.9648939999999999
11
210.0036230000000046
21
-0.9675499999999999
0
LINE
8
Edge.Cuts
6
CONTINUOUS
10
210.0036230000000046
20
-0.9675499999999999
11
209.9975000000000023
21
-0.969016
0
LINE
8
Edge.Cuts
6
CONTINUOUS
10
209.9975000000000023
20
-0.969016
11
209.9913749999999766
21
-0.9704619999999999
0
LINE
8
Edge.Cuts
6
CONTINUOUS
10
209.9913749999999766
20
-0.9704619999999999
11
209.9852489999999818
21
-0.971888
0
LINE
8
Edge.Cuts
6
CONTINUOUS
10
209.9852489999999818
20
-0.971888
11
209.9791199999999947
21
-0.973294
0
LINE
8
Edge.Cuts
6
CONTINUOUS
10
209.9791199999999947
20
-0.973294
11
209.9729909999999791
21
-0.97468
0
LINE
8
Edge.Cuts
6
CONTINUOUS
10
209.9729909999999791
20
-0.97468
11
209.9668589999999995
21
-0.9760449999999999
0
LINE
8
Edge.Cuts
6
CONTINUOUS
10
209.9668589999999995
20
-0.9760449999999999
11
209.9607269999999914
21
-0.977391
0
LINE
8
Edge.Cuts
6
CONTINUOUS
10
209.9607269999999914
20
-0.977391
11
209.954591999999991
21
-0.9787159999999999
0
LINE
8
Edge.Cuts
6
CONTINUOUS
10
209.954591999999991
20
-0.9787159999999999
11
209.9484559999999931
21
-0.9800209999999999
0
LINE
8
Edge.Cuts
6
CONTINUOUS
10
209.9484559999999931
20
-0.9800209999999999
11
209.9423180000000002
21
-0.9813059999999999
0
LINE
8
Edge.Cuts
6
CONTINUOUS
10
209.9423180000000002
20
-0.9813059999999999
11
209.9361799999999789
21
-0.982571
0
LINE
8
Edge.Cuts
6
CONTINUOUS
10
209.9361799999999789
20
-0.982571
11
209.9300389999999936
21
-0.9838159999999999
0
LINE
8
Edge.Cuts
6
CONTINUOUS
10
209.9300389999999936
20
-0.9838159999999999
11
209.9238969999999824
21
-0.9850399999999999
0
LINE
8
Edge.Cuts
6
CONTINUOUS
10
209.9238969999999824
20
-0.9850399999999999
11
209.9177540000000022
21
-0.9862449999999999
0
LINE
8
Edge.Cuts
6
CONTINUOUS
10
209.9177540000000022
20
-0.9862449999999999
11
209.911609999999996
21
-0.987429
0
LINE
8
Edge.Cuts
6
CONTINUOUS
10
209.911609999999996
20
-0.987429
11
209.9054629999999975
21
-0.988594
0
LINE
8
Edge.Cuts
6
CONTINUOUS
10
209.9054629999999975
20
-0.988594
11
209.8993169999999964
21
-0.989738
0
LINE
8
Edge.Cuts
6
CONTINUOUS
10
209.8993169999999964
20
-0.989738
11
209.8931680000000028
21
-0.9908619999999999
0
LINE
8
Edge.Cuts
6
CONTINUOUS
10
209.8931680000000028
20
-0.9908619999999999
11
209.8870179999999834
21
-0.9919659999999999
0
LINE
8
Edge.Cuts
6
CONTINUOUS
10
209.8870179999999834
20
-0.9919659999999999
11
209.880866999999995
21
-0.99305
0
LINE
8
Edge.Cuts
6
CONTINUOUS
10
209.880866999999995
20
-0.99305
11
209.8747149999999806
21
-0.9941129999999999
0
LINE
8
Edge.Cuts
6
CONTINUOUS
10
209.8747149999999806
20
-0.9941129999999999
11
209.8685609999999997
21
-0.995157
0
LINE
8
Edge.Cuts
6
CONTINUOUS
10
209.8685609999999997
20
-0.995157
11
209.8624069999999904
21
-0.996181
0
LINE
8
Edge.Cuts
6
CONTINUOUS
10
209.8624069999999904
20
-0.996181
11
209.8562509999999861
21
-0.997184
0
LINE
8
Edge.Cuts
6
CONTINUOUS
10
209.8562509999999861
20
-0.997184
11
209.8500939999999844
21
-0.9981679999999999
0
LINE
8
Edge.Cuts
6
CONTINUOUS
10
209.8500939999999844
20
-0.9981679999999999
11
209.8439359999999851
21
-0.999131
0
LINE
8
Edge.Cuts
6
CONTINUOUS
10
209.8439359999999851
20
-0.999131
11
209.8377769999999884
21
-1.0000739999999999
0
LINE
8
Edge.Cuts
6
CONTINUOUS
10
209.8377769999999884
20
-1.0000739999999999
11
209.8316169999999943
21
-1.0009980000000001
0
LINE
8
Edge.Cuts
6
CONTINUOUS
10
209.8316169999999943
20
-1.0009980000000001
11
209.8254560000000026
21
-1.0019009999999999
0
LINE
8
Edge.Cuts
6
CONTINUOUS
10
209.8254560000000026
20
-1.0019009999999999
11
209.8192939999999851
21
-1.0027839999999999
0
LINE
8
Edge.Cuts
6
CONTINUOUS
10
209.8192939999999851
20
-1.0027839999999999
11
209.8131309999999985
21
-1.003647
0
LINE
8
Edge.Cuts
6
CONTINUOUS
10
209.8131309999999985
20
-1.003647
11
209.8069659999999885
21
-1.0044899999999999
0
LINE
8
Edge.Cuts
6
CONTINUOUS
10
209.8069659999999885
20
-1.0044899999999999
11
209.8008020000000045
21
-1.0053129999999999
0
LINE
8
Edge.Cuts
6
CONTINUOUS
10
209.8008020000000045
20
-1.0053129999999999
11
209.794635999999997
21
-1.0061149999999999
0
LINE
8
Edge.Cuts
6
CONTINUOUS
10
209.794635999999997
20
-1.0061149999999999
11
209.7884689999999921
21
-1.0068979999999998
0
LINE
8
Edge.Cuts
6
CONTINUOUS
10
209.7884689999999921
20
-1.0068979999999998
11
209.7823009999999897
21
-1.0076609999999999
0
LINE
8
Edge.Cuts
6
CONTINUOUS
10
209.7823009999999897
20
-1.0076609999999999
11
209.7761329999999873
21
-1.0084029999999999
0
LINE
8
Edge.Cuts
6
CONTINUOUS
10
209.7761329999999873
20
-1.0084029999999999
11
209.76996299999999
21
-1.009126
0
LINE
8
Edge.Cuts
6
CONTINUOUS
10
209.76996299999999
20
-1.009126
11
209.7637929999999926
21
-1.0098289999999999
0
LINE
8
Edge.Cuts
6
CONTINUOUS
10
209.7637929999999926
20
-1.0098289999999999
11
209.7576219999999978
21
-1.0105109999999999
0
LINE
8
Edge.Cuts
6
CONTINUOUS
10
209.7576219999999978
20
-1.0105109999999999
11
209.751451000000003
21
-1.011174
0
LINE
8
Edge.Cuts
6
CONTINUOUS
10
209.751451000000003
20
-1.011174
11
209.7452779999999848
21
-1.011816
0
LINE
8
Edge.Cuts
6
CONTINUOUS
10
209.7452779999999848
20
-1.011816
11
209.739104999999995
21
-1.0124389999999999
0
LINE
8
Edge.Cuts
6
CONTINUOUS
10
209.739104999999995
20
-1.0124389999999999
11
209.7329309999999793
21
-1.0130409999999999
0
LINE
8
Edge.Cuts
6
CONTINUOUS
10
209.7329309999999793
20
-1.0130409999999999
11
209.7267569999999921
21
-1.0136229999999999
0
LINE
8
Edge.Cuts
6
CONTINUOUS
10
209.7267569999999921
20
-1.0136229999999999
11
209.720581999999979
21
-1.014186
0
LINE
8
Edge.Cuts
6
CONTINUOUS
10
209.720581999999979
20
-1.014186
11
209.7144069999999942
21
-1.0147279999999999
0
LINE
8
Edge.Cuts
6
CONTINUOUS
10
209.7144069999999942
20
-1.0147279999999999
11
209.7082299999999861
21
-1.01525
0
LINE
8
Edge.Cuts
6
CONTINUOUS
10
209.7082299999999861
20
-1.01525
11
209.702054000000004
21
-1.015752
0
LINE
8
Edge.Cuts
6
CONTINUOUS
10
209.702054000000004
20
-1.015752
11
209.6958759999999984
21
-1.016235
0
LINE
8
Edge.Cuts
6
CONTINUOUS
10
209.6958759999999984
20
-1.016235
11
209.6896989999999903
21
-1.016697
0
LINE
8
Edge.Cuts
6
CONTINUOUS
10
209.6896989999999903
20
-1.016697
11
209.6835199999999872
21
-1.017139
0
LINE
8
Edge.Cuts
6
CONTINUOUS
10
209.6835199999999872
20
-1.017139
11
209.6773409999999842
21
-1.0175609999999999
0
LINE
8
Edge.Cuts
6
CONTINUOUS
10
209.6773409999999842
20
-1.0175609999999999
11
209.6711619999999812
21
-1.017963
0
LINE
8
Edge.Cuts
6
CONTINUOUS
10
209.6711619999999812
20
-1.017963
11
209.6649829999999781
21
-1.0183450000000001
0
LINE
8
Edge.Cuts
6
CONTINUOUS
10
209.6649829999999781
20
-1.0183450000000001
11
209.6588019999999801
21
-1.018707
0
LINE
8
Edge.Cuts
6
CONTINUOUS
10
209.6588019999999801
20
-1.018707
11
209.6526219999999796
21
-1.0190489999999999
0
LINE
8
Edge.Cuts
6
CONTINUOUS
10
209.6526219999999796
20
-1.0190489999999999
11
209.6464409999999816
21
-1.0193719999999999
0
LINE
8
Edge.Cuts
6
CONTINUOUS
10
209.6464409999999816
20
-1.0193719999999999
11
209.6402599999999836
21
-1.019674
0
LINE
8
Edge.Cuts
6
CONTINUOUS
10
209.6402599999999836
20
-1.019674
11
209.6340779999999882
21
-1.0199559999999999
0
LINE
8
Edge.Cuts
6
CONTINUOUS
10
209.6340779999999882
20
-1.0199559999999999
11
209.6278969999999902
21
-1.0202179999999998
0
LINE
8
Edge.Cuts
6
CONTINUOUS
10
209.6278969999999902
20
-1.0202179999999998
11
209.6217149999999947
21
-1.0204599999999999
0
LINE
8
Edge.Cuts
6
CONTINUOUS
10
209.6217149999999947
20
-1.0204599999999999
11
209.6155320000000017
21
-1.0206819999999999
0
LINE
8
Edge.Cuts
6
CONTINUOUS
10
209.6155320000000017
20
-1.0206819999999999
11
209.6093499999999779
21
-1.0208839999999999
0
LINE
8
Edge.Cuts
6
CONTINUOUS
10
209.6093499999999779
20
-1.0208839999999999
11
209.6031669999999849
21
-1.021066
0
LINE
8
Edge.Cuts
6
CONTINUOUS
10
209.6031669999999849
20
-1.021066
11
209.596983999999992
21
-1.021228
0
LINE
8
Edge.Cuts
6
CONTINUOUS
10
209.596983999999992
20
-1.021228
11
209.590800999999999
21
-1.0213699999999999
0
LINE
8
Edge.Cuts
6
CONTINUOUS
10
209.590800999999999
20
-1.0213699999999999
11
209.5846179999999777
21
-1.0214919999999998
0
LINE
8
Edge.Cuts
6
CONTINUOUS
10
209.5846179999999777
20
-1.0214919999999998
11
209.5784349999999847
21
-1.0215939999999999
0
LINE
8
Edge.Cuts
6
CONTINUOUS
10
209.5784349999999847
20
-1.0215939999999999
11
209.5722509999999943
21
-1.021676
0
LINE
8
Edge.Cuts
6
CONTINUOUS
10
209.5722509999999943
20
-1.021676
11
209.5660680000000013
21
-1.021738
0
LINE
8
Edge.Cuts
6
CONTINUOUS
10
209.5660680000000013
20
-1.021738
11
209.5598839999999825
21
-1.0217799999999999
0
LINE
8
Edge.Cuts
6
CONTINUOUS
10
209.5598839999999825
20
-1.0217799999999999
11
209.5537009999999896
21
-1.0218019999999999
0
LINE
8
Edge.Cuts
6
CONTINUOUS
10
209.5537009999999896
20
-1.0218019999999999
11
209.5475169999999991
21
-1.0218039999999999
0
LINE
8
Edge.Cuts
6
CONTINUOUS
10
209.5475169999999991
20
-1.0218039999999999
11
209.5413339999999778
21
-1.0217859999999999
0
LINE
8
Edge.Cuts
6
CONTINUOUS
10
209.5413339999999778
20
-1.0217859999999999
11
209.5351499999999874
21
-1.0217479999999999
0
LINE
8
Edge.Cuts
6
CONTINUOUS
10
209.5351499999999874
20
-1.0217479999999999
11
209.5289669999999944
21
-1.02169
0
LINE
8
Edge.Cuts
6
CONTINUOUS
10
209.5289669999999944
20
-1.02169
11
209.5227840000000015
21
-1.021611
0
LINE
8
Edge.Cuts
6
CONTINUOUS
10
209.5227840000000015
20
-1.021611
11
209.5166009999999801
21
-1.0215129999999999
0
LINE
8
Edge.Cuts
6
CONTINUOUS
10
209.5166009999999801
20
-1.0215129999999999
11
209.5104179999999872
21
-1.0213950000000001
0
LINE
8
Edge.Cuts
6
CONTINUOUS
10
209.5104179999999872
20
-1.0213950000000001
11
209.5042349999999942
21
-1.0212569999999999
0
LINE
8
Edge.Cuts
6
CONTINUOUS
10
209.5042349999999942
20
-1.0212569999999999
11
209.4980520000000013
21
-1.021099
0
LINE
8
Edge.Cuts
6
CONTINUOUS
10
209.4980520000000013
20
-1.021099
11
209.4918699999999774
21
-1.020921
0
LINE
8
Edge.Cuts
6
CONTINUOUS
10
209.4918699999999774
20
-1.020921
11
209.4856869999999844
21
-1.020723
0
LINE
8
Edge.Cuts
6
CONTINUOUS
10
209.4856869999999844
20
-1.020723
11
209.479504999999989
21
-1.020505
0
LINE
8
Edge.Cuts
6
CONTINUOUS
10
209.479504999999989
20
-1.020505
11
209.4733229999999935
21
-1.020267
0
LINE
8
Edge.Cuts
6
CONTINUOUS
10
209.4733229999999935
20
-1.020267
11
209.4671419999999955
21
-1.0200089999999999
0
LINE
8
Edge.Cuts
6
CONTINUOUS
10
209.4671419999999955
20
-1.0200089999999999
11
209.46096
21
-1.0197309999999999
0
LINE
8
Edge.Cuts
6
CONTINUOUS
10
209.46096
20
-1.0197309999999999
11
209.454779000000002
21
-1.019433
0
LINE
8
Edge.Cuts
6
CONTINUOUS
10
209.454779000000002
20
-1.019433
11
209.4485990000000015
21
-1.019115
0
LINE
8
Edge.Cuts
6
CONTINUOUS
10
209.4485990000000015
20
-1.019115
11
209.442419000000001
21
-1.0187759999999999
0
LINE
8
Edge.Cuts
6
CONTINUOUS
10
209.442419000000001
20
-1.0187759999999999
11
209.4362390000000005
21
-1.018418
0
LINE
8
Edge.Cuts
6
CONTINUOUS
10
209.4362390000000005
20
-1.018418
11
209.430059
21
-1.0180400000000001
0
LINE
8
Edge.Cuts
6
CONTINUOUS
10
209.430059
20
-1.0180400000000001
11
209.4238799999999969
21
-1.0176419999999999
0
LINE
8
Edge.Cuts
6
CONTINUOUS
10
209.4238799999999969
20
-1.0176419999999999
11
209.4177019999999914
21
-1.0172239999999999
0
LINE
8
Edge.Cuts
6
CONTINUOUS
10
209.4177019999999914
20
-1.0172239999999999
11
209.4115239999999858
21
-1.016786
0
LINE
8
Edge.Cuts
6
CONTINUOUS
10
209.4115239999999858
20
-1.016786
11
209.4053459999999802
21
-1.016327
0
LINE
8
Edge.Cuts
6
CONTINUOUS
10
209.4053459999999802
20
-1.016327
11
209.3991690000000006
21
-1.015849
0
LINE
8
Edge.Cuts
6
CONTINUOUS
10
209.3991690000000006
20
-1.015849
11
209.3929929999999899
21
-1.0153509999999999
0
LINE
8
Edge.Cuts
6
CONTINUOUS
10
209.3929929999999899
20
-1.0153509999999999
11
209.3868169999999793
21
-1.0148329999999999
0
LINE
8
Edge.Cuts
6
CONTINUOUS
10
209.3868169999999793
20
-1.0148329999999999
11
209.3806409999999971
21
-1.014294
0
LINE
8
Edge.Cuts
6
CONTINUOUS
10
209.3806409999999971
20
-1.014294
11
209.374465999999984
21
-1.013736
0
LINE
8
Edge.Cuts
6
CONTINUOUS
10
209.374465999999984
20
-1.013736
11
209.3682919999999967
21
-1.013158
0
LINE
8
Edge.Cuts
6
CONTINUOUS
10
209.3682919999999967
20
-1.013158
11
209.3621189999999785
21
-1.012559
0
LINE
8
Edge.Cuts
6
CONTINUOUS
10
209.3621189999999785
20
-1.012559
11
209.3559459999999888
21
-1.011941
0
LINE
8
Edge.Cuts
6
CONTINUOUS
10
209.3559459999999888
20
-1.011941
11
209.3497739999999965
21
-1.0113019999999999
0
LINE
8
Edge.Cuts
6
CONTINUOUS
10
209.3497739999999965
20
-1.0113019999999999
11
209.3436030000000017
21
-1.0106439999999999
0
LINE
8
Edge.Cuts
6
CONTINUOUS
10
209.3436030000000017
20
-1.0106439999999999
11
209.3374319999999784
21
-1.009965
0
LINE
8
Edge.Cuts
6
CONTINUOUS
10
209.3374319999999784
20
-1.009965
11
209.3312619999999811
21
-1.0092669999999999
0
LINE
8
Edge.Cuts
6
CONTINUOUS
10
209.3312619999999811
20
-1.0092669999999999
11
209.3250929999999812
21
-1.008548
0
LINE
8
Edge.Cuts
6
CONTINUOUS
10
209.3250929999999812
20
-1.008548
11
209.3189239999999813
21
-1.0078099999999999
0
LINE
8
Edge.Cuts
6
CONTINUOUS
10
209.3189239999999813
20
-1.0078099999999999
11
209.3127569999999764
21
-1.0070509999999999
0
LINE
8
Edge.Cuts
6
CONTINUOUS
10
209.3127569999999764
20
-1.0070509999999999
11
209.3065899999999999
21
-1.0062720000000001
0
LINE
8
Edge.Cuts
6
CONTINUOUS
10
209.3065899999999999
20
-1.0062720000000001
11
209.3004239999999925
21
-1.0054730000000001
0
LINE
8
Edge.Cuts
6
CONTINUOUS
10
209.3004239999999925
20
-1.0054730000000001
11
209.2942589999999825
21
-1.0046539999999999
0
LINE
8
Edge.Cuts
6
CONTINUOUS
10
209.2942589999999825
20
-1.0046539999999999
11
209.2880949999999984
21
-1.0038149999999999
0
LINE
8
Edge.Cuts
6
CONTINUOUS
10
209.2880949999999984
20
-1.0038149999999999
11
209.2819319999999834
21
-1.002956
0
LINE
8
Edge.Cuts
6
CONTINUOUS
10
209.2819319999999834
20
-1.002956
11
209.2757699999999943
21
-1.0020769999999999
0
LINE
8
Edge.Cuts
6
CONTINUOUS
10
209.2757699999999943
20
-1.0020769999999999
11
209.2696079999999768
21
-1.0011779999999999
0
LINE
8
Edge.Cuts
6
CONTINUOUS
10
209.2696079999999768
20
-1.0011779999999999
11
209.2634479999999826
21
-1.000259
0
LINE
8
Edge.Cuts
6
CONTINUOUS
10
209.2634479999999826
20
-1.000259
11
209.2572889999999859
21
-0.99932
0
LINE
8
Edge.Cuts
6
CONTINUOUS
10
209.2572889999999859
20
-0.99932
11
209.2511309999999867
21
-0.9983599999999999
0
LINE
8
Edge.Cuts
6
CONTINUOUS
10
209.2511309999999867
20
-0.9983599999999999
11
209.2420579999999859
21
-0.99691
0
LINE
8
Edge.Cuts
6
CONTINUOUS
10
209.2420579999999859
20
-0.99691
11
209.2297470000000033
21
-0.994872
0
LINE
8
Edge.Cuts
6
CONTINUOUS
10
209.2297470000000033
20
-0.994872
11
209.2174409999999796
21
-0.992753
0
LINE
8
Edge.Cuts
6
CONTINUOUS
10
209.2174409999999796
20
-0.992753
11
209.2051429999999925
21
-0.990555
0
LINE
8
Edge.Cuts
6
CONTINUOUS
10
209.2051429999999925
20
-0.990555
11
209.1928509999999903
21
-0.988277
0
LINE
8
Edge.Cuts
6
CONTINUOUS
10
209.1928509999999903
20
-0.988277
11
209.1805650000000014
21
-0.985918
0
LINE
8
Edge.Cuts
6
CONTINUOUS
10
209.1805650000000014
20
-0.985918
11
209.1682859999999948
21
-0.9834799999999999
0
LINE
8
Edge.Cuts
6
CONTINUOUS
10
209.1682859999999948
20
-0.9834799999999999
11
209.156013999999999
21
-0.980961
0
LINE
8
Edge.Cuts
6
CONTINUOUS
10
209.156013999999999
20
-0.980961
11
209.1437489999999855
21
-0.978362
0
LINE
8
Edge.Cuts
6
CONTINUOUS
10
209.1437489999999855
20
-0.978362
11
209.1314909999999827
21
-0.975683
0
LINE
8
Edge.Cuts
6
CONTINUOUS
10
209.1314909999999827
20
-0.975683
11
209.1192389999999932
21
-0.972924
0
LINE
8
Edge.Cuts
6
CONTINUOUS
10
209.1192389999999932
20
-0.972924
11
209.106995999999981
21
-0.9700839999999999
0
LINE
8
Edge.Cuts
6
CONTINUOUS
10
209.106995999999981
20
-0.9700839999999999
11
209.0947589999999821
21
-0.9671639999999999
0
LINE
8
Edge.Cuts
6
CONTINUOUS
10
209.0947589999999821
20
-0.9671639999999999
11
209.0825299999999913
21
-0.9641639999999999
0
LINE
8
Edge.Cuts
6
CONTINUOUS
10
209.0825299999999913
20
-0.9641639999999999
11
209.0703079999999829
21
-0.9610829999999999
0
LINE
8
Edge.Cuts
6
CONTINUOUS
10
209.0703079999999829
20
-0.9610829999999999
11
209.0580939999999828
21
-0.9579209999999999
0
LINE
8
Edge.Cuts
6
CONTINUOUS
10
209.0580939999999828
20
-0.9579209999999999
11
209.0458879999999908
21
-0.9546789999999999
0
LINE
8
Edge.Cuts
6
CONTINUOUS
10
209.0458879999999908
20
-0.9546789999999999
11
209.0336899999999787
21
-0.951357
0
LINE
8
Edge.Cuts
6
CONTINUOUS
10
209.0336899999999787
20
-0.951357
11
209.0215000000000032
21
-0.947954
0
LINE
8
Edge.Cuts
6
CONTINUOUS
10
209.0215000000000032
20
-0.947954
11
209.0093179999999791
21
-0.9444699999999999
0
LINE
8
Edge.Cuts
6
CONTINUOUS
10
209.0093179999999791
20
-0.9444699999999999
11
208.9971449999999891
21
-0.940905
0
LINE
8
Edge.Cuts
6
CONTINUOUS
10
208.9971449999999891
20
-0.940905
11
208.9849799999999789
21
-0.93726
0
LINE
8
Edge.Cuts
6
CONTINUOUS
10
208.9849799999999789
20
-0.93726
11
208.9728240000000028
21
-0.9335329999999999
0
LINE
8
Edge.Cuts
6
CONTINUOUS
10
208.9728240000000028
20
-0.9335329999999999
11
208.9606759999999781
21
-0.9297259999999999
0
LINE
8
Edge.Cuts
6
CONTINUOUS
10
208.9606759999999781
20
-0.9297259999999999
11
208.948537999999985
21
-0.9258379999999999
0
LINE
8
Edge.Cuts
6
CONTINUOUS
10
208.948537999999985
20
-0.9258379999999999
11
208.9364089999999976
21
-0.9218689999999999
0
LINE
8
Edge.Cuts
6
CONTINUOUS
10
208.9364089999999976
20
-0.9218689999999999
11
208.9242889999999875
21
-0.9178189999999999
0
LINE
8
Edge.Cuts
6
CONTINUOUS
10
208.9242889999999875
20
-0.9178189999999999
11
208.9121779999999831
21
-0.9136869999999999
0
LINE
8
Edge.Cuts
6
CONTINUOUS
10
208.9121779999999831
20
-0.9136869999999999
11
208.9000769999999818
21
-0.9094749999999999
0
LINE
8
Edge.Cuts
6
CONTINUOUS
10
208.9000769999999818
20
-0.9094749999999999
11
208.8879859999999837
21
-0.905181
0
LINE
8
Edge.Cuts
6
CONTINUOUS
10
208.8879859999999837
20
-0.905181
11
208.8759059999999863
21
-0.900806
0
LINE
8
Edge.Cuts
6
CONTINUOUS
10
208.8759059999999863
20
-0.900806
11
208.8638349999999946
21
-0.89635
0
LINE
8
Edge.Cuts
6
CONTINUOUS
10
208.8638349999999946
20
-0.89635
11
208.8517750000000035
21
-0.8918119999999999
0
LINE
8
Edge.Cuts
6
CONTINUOUS
10
208.8517750000000035
20
-0.8918119999999999
11
208.8397249999999872
21
-0.887193
0
LINE
8
Edge.Cuts
6
CONTINUOUS
10
208.8397249999999872
20
-0.887193
11
208.8276859999999999
21
-0.8824919999999999
0
LINE
8
Edge.Cuts
6
CONTINUOUS
10
208.8276859999999999
20
-0.8824919999999999
11
208.8156579999999849
21
-0.87771
0
LINE
8
Edge.Cuts
6
CONTINUOUS
10
208.8156579999999849
20
-0.87771
11
208.8036419999999964
21
-0.872846
0
LINE
8
Edge.Cuts
6
CONTINUOUS
10
208.8036419999999964
20
-0.872846
11
208.7916369999999802
21
-0.8679009999999999
0
LINE
8
Edge.Cuts
6
CONTINUOUS
10
208.7916369999999802
20
-0.8679009999999999
11
208.779642999999993
21
-0.8628739999999999
0
LINE
8
Edge.Cuts
6
CONTINUOUS
10
208.779642999999993
20
-0.8628739999999999
11
208.7676620000000014
21
-0.857765
0
LINE
8
Edge.Cuts
6
CONTINUOUS
10
208.7676620000000014
20
-0.857765
11
208.755691999999982
21
-0.852575
0
LINE
8
Edge.Cuts
6
CONTINUOUS
10
208.755691999999982
20
-0.852575
11
208.7437349999999867
21
-0.847302
0
LINE
8
Edge.Cuts
6
CONTINUOUS
10
208.7437349999999867
20
-0.847302
11
208.731790999999987
21
-0.8419479999999999
0
LINE
8
Edge.Cuts
6
CONTINUOUS
10
208.731790999999987
20
-0.8419479999999999
11
208.7198589999999854
21
-0.8365119999999999
0
LINE
8
Edge.Cuts
6
CONTINUOUS
10
208.7198589999999854
20
-0.8365119999999999
11
208.7079409999999768
21
-0.8309949999999999
0
LINE
8
Edge.Cuts
6
CONTINUOUS
10
208.7079409999999768
20
-0.8309949999999999
11
208.6960359999999923
21
-0.825395
0
LINE
8
Edge.Cuts
6
CONTINUOUS
10
208.6960359999999923
20
-0.825395
11
208.6841440000000034
21
-0.8197129999999999
0
LINE
8
Edge.Cuts
6
CONTINUOUS
10
208.6841440000000034
20
-0.8197129999999999
11
208.6722669999999766
21
-0.8139489999999999
0
LINE
8
Edge.Cuts
6
CONTINUOUS
10
208.6722669999999766
20
-0.8139489999999999
11
208.6604030000000023
21
-0.8081039999999999
0
LINE
8
Edge.Cuts
6
CONTINUOUS
10
208.6604030000000023
20
-0.8081039999999999
11
208.6485539999999901
21
-0.802176
0
LINE
8
Edge.Cuts
6
CONTINUOUS
10
208.6485539999999901
20
-0.802176
11
208.6367189999999994
21
-0.7961659999999999
0
LINE
8
Edge.Cuts
6
CONTINUOUS
10
208.6367189999999994
20
-0.7961659999999999
11
208.6248999999999967
21
-0.7900739999999999
0
LINE
8
Edge.Cuts
6
CONTINUOUS
10
208.6248999999999967
20
-0.7900739999999999
11
208.6130959999999845
21
-0.7838999999999999
0
LINE
8
Edge.Cuts
6
CONTINUOUS
10
208.6130959999999845
20
-0.7838999999999999
11
208.6013069999999914
21
-0.777644
0
LINE
8
Edge.Cuts
6
CONTINUOUS
10
208.6013069999999914
20
-0.777644
11
208.5895339999999862
21
-0.7713059999999999
0
LINE
8
Edge.Cuts
6
CONTINUOUS
10
208.5895339999999862
20
-0.7713059999999999
11
208.577777999999995
21
-0.764886
0
LINE
8
Edge.Cuts
6
CONTINUOUS
10
208.577777999999995
20
-0.764886
11
208.5660369999999944
21
-0.7583829999999999
0
LINE
8
Edge.Cuts
6
CONTINUOUS
10
208.5660369999999944
20
-0.7583829999999999
11
208.5543139999999767
21
-0.751799
0
LINE
8
Edge.Cuts
6
CONTINUOUS
10
208.5543139999999767
20
-0.751799
11
208.5426070000000038
21
-0.745132
0
LINE
8
Edge.Cuts
6
CONTINUOUS
10
208.5426070000000038
20
-0.745132
11
208.5309179999999856
21
-0.738383
0
LINE
8
Edge.Cuts
6
CONTINUOUS
10
208.5309179999999856
20
-0.738383
11
208.5231449999999995
21
-0.7338439999999999
0
LINE
8
Edge.Cuts
6
CONTINUOUS
10
207.8271319999999776
20
-0.130006
11
207.8171749999999918
21
-0.117865
0
LINE
8
Edge.Cuts
6
CONTINUOUS
10
207.8171749999999918
20
-0.117865
11
207.8072569999999928
21
-0.105645
0
LINE
8
Edge.Cuts
6
CONTINUOUS
10
207.8072569999999928
20
-0.105645
11
207.7973779999999806
21
-0.093348
0
LINE
8
Edge.Cuts
6
CONTINUOUS
10
207.7973779999999806
20
-0.093348
11
207.7875389999999811
21
-0.080973
0
LINE
8
Edge.Cuts
6
CONTINUOUS
10
207.7875389999999811
20
-0.080973
11
207.7777409999999918
21
-0.068519
0
LINE
8
Edge.Cuts
6
CONTINUOUS
10
207.7777409999999918
20
-0.068519
11
207.7679829999999868
21
-0.055988
0
LINE
8
Edge.Cuts
6
CONTINUOUS
10
207.7679829999999868
20
-0.055988
11
207.7582649999999944
21
-0.043379
0
LINE
8
Edge.Cuts
6
CONTINUOUS
10
207.7582649999999944
20
-0.043379
11
207.7485889999999813
21
-0.030692
0
LINE
8
Edge.Cuts
6
CONTINUOUS
10
207.7485889999999813
20
-0.030692
11
207.7389529999999809
21
-0.017927
0
LINE
8
Edge.Cuts
6
CONTINUOUS
10
207.7389529999999809
20
-0.017927
11
207.7293589999999881
21
-0.005084
0
LINE
8
Edge.Cuts
6
CONTINUOUS
10
207.7293589999999881
20
-0.005084
11
207.719807000000003
21
0.007836
0
LINE
8
Edge.Cuts
6
CONTINUOUS
10
207.719807000000003
20
0.007836
11
207.7102959999999996
21
0.020834
0
LINE
8
Edge.Cuts
6
CONTINUOUS
10
207.7102959999999996
20
0.020834
11
207.7008280000000013
21
0.03391
0
LINE
8
Edge.Cuts
6
CONTINUOUS
10
207.7008280000000013
20
0.03391
11
207.6914019999999823
21
0.047063
0
LINE
8
Edge.Cuts
6
CONTINUOUS
10
207.6914019999999823
20
0.047063
11
207.6820199999999943
21
0.060294
0
LINE
8
Edge.Cuts
6
CONTINUOUS
10
207.6820199999999943
20
0.060294
11
207.6726799999999855
21
0.073602
0
LINE
8
Edge.Cuts
6
CONTINUOUS
10
207.6726799999999855
20
0.073602
11
207.6633839999999793
21
0.086987
0
LINE
8
Edge.Cuts
6
CONTINUOUS
10
207.6633839999999793
20
0.086987
11
207.6541309999999783
21
0.100449
0
LINE
8
Edge.Cuts
6
CONTINUOUS
10
207.6541309999999783
20
0.100449
11
207.6449229999999773
21
0.113989
0
LINE
8
Edge.Cuts
6
CONTINUOUS
10
207.6449229999999773
20
0.113989
11
207.6357589999999789
21
0.127605
0
LINE
8
Edge.Cuts
6
CONTINUOUS
10
207.6357589999999789
20
0.127605
11
207.6266389999999831
21
0.141298
0
LINE
8
Edge.Cuts
6
CONTINUOUS
10
207.6266389999999831
20
0.141298
11
207.6175649999999848
21
0.155067
0
LINE
8
Edge.Cuts
6
CONTINUOUS
10
207.6175649999999848
20
0.155067
11
207.6085349999999892
21
0.168913
0
LINE
8
Edge.Cuts
6
CONTINUOUS
10
207.6085349999999892
20
0.168913
11
207.5995519999999885
21
0.182836
0
LINE
8
Edge.Cuts
6
CONTINUOUS
10
207.5995519999999885
20
0.182836
11
207.590613999999988
21
0.196834
0
LINE
8
Edge.Cuts
6
CONTINUOUS
10
207.590613999999988
20
0.196834
11
207.5817229999999824
21
0.210909
0
LINE
8
Edge.Cuts
6
CONTINUOUS
10
207.5817229999999824
20
0.210909
11
207.5728780000000029
21
0.225059
0
LINE
8
Edge.Cuts
6
CONTINUOUS
10
207.5728780000000029
20
0.225059
11
207.5640809999999874
21
0.239285
0
LINE
8
Edge.Cuts
6
CONTINUOUS
10
207.5640809999999874
20
0.239285
11
207.5553299999999979
21
0.253586
0
LINE
8
Edge.Cuts
6
CONTINUOUS
10
207.5553299999999979
20
0.253586
11
207.5466279999999983
21
0.267963
0
LINE
8
Edge.Cuts
6
CONTINUOUS
10
207.5466279999999983
20
0.267963
11
207.5379729999999938
21
0.282415
0
LINE
8
Edge.Cuts
6
CONTINUOUS
10
207.5379729999999938
20
0.282415
11
207.5293669999999793
21
0.296941
0
LINE
8
Edge.Cuts
6
CONTINUOUS
10
207.5293669999999793
20
0.296941
11
207.5208089999999856
21
0.311542
0
LINE
8
Edge.Cuts
6
CONTINUOUS
10
207.5208089999999856
20
0.311542
11
207.5123009999999795
21
0.326216
0
LINE
8
Edge.Cuts
6
CONTINUOUS
10
207.5123009999999795
20
0.326216
11
207.5038419999999917
21
0.340965
0
LINE
8
Edge.Cuts
6
CONTINUOUS
10
207.5038419999999917
20
0.340965
11
207.4954329999999914
21
0.355788
0
LINE
8
Edge.Cuts
6
CONTINUOUS
10
207.4954329999999914
20
0.355788
11
207.4870739999999785
21
0.370684
0
LINE
8
Edge.Cuts
6
CONTINUOUS
10
207.4870739999999785
20
0.370684
11
207.4787659999999789
21
0.385653
0
LINE
8
Edge.Cuts
6
CONTINUOUS
10
207.4787659999999789
20
0.385653
11
207.4705089999999927
21
0.400695
0
LINE
8
Edge.Cuts
6
CONTINUOUS
10
207.4705089999999927
20
0.400695
11
207.4623029999999915
21
0.41581
0
LINE
8
Edge.Cuts
6
CONTINUOUS
10
207.4623029999999915
20
0.41581
11
207.454149000000001
21
0.430996
0
LINE
8
Edge.Cuts
6
CONTINUOUS
10
207.454149000000001
20
0.430996
11
207.446046999999993
21
0.446255
0
LINE
8
Edge.Cuts
6
CONTINUOUS
10
207.446046999999993
20
0.446255
11
207.4379979999999932
21
0.461584
0
LINE
8
Edge.Cuts
6
CONTINUOUS
10
207.4379979999999932
20
0.461584
11
207.4300010000000043
21
0.476985
0
LINE
8
Edge.Cuts
6
CONTINUOUS
10
207.4300010000000043
20
0.476985
11
207.4220579999999927
21
0.492457
0
LINE
8
Edge.Cuts
6
CONTINUOUS
10
207.4220579999999927
20
0.492457
11
207.4141689999999869
21
0.507999
0
LINE
8
Edge.Cuts
6
CONTINUOUS
10
207.4141689999999869
20
0.507999
11
207.4063339999999869
21
0.52361
0
LINE
8
Edge.Cuts
6
CONTINUOUS
10
207.4063339999999869
20
0.52361
11
207.3985529999999926
21
0.539292
0
LINE
8
Edge.Cuts
6
CONTINUOUS
10
207.3985529999999926
20
0.539292
11
207.3908270000000016
21
0.5550419999999999
0
LINE
8
Edge.Cuts
6
CONTINUOUS
10
207.3908270000000016
20
0.5550419999999999
11
207.3831569999999829
21
0.5708599999999999
0
LINE
8
Edge.Cuts
6
CONTINUOUS
10
207.3831569999999829
20
0.5708599999999999
11
207.3755419999999958
21
0.586747
0
LINE
8
Edge.Cuts
6
CONTINUOUS
10
207.3755419999999958
20
0.586747
11
207.3679839999999786
21
0.602702
0
LINE
8
Edge.Cuts
6
CONTINUOUS
10
207.3679839999999786
20
0.602702
11
207.3604829999999879
21
0.618723
0
LINE
8
Edge.Cuts
6
CONTINUOUS
10
207.3604829999999879
20
0.618723
11
207.353037999999998
21
0.634811
0
LINE
8
Edge.Cuts
6
CONTINUOUS
10
207.353037999999998
20
0.634811
11
207.3456510000000037
21
0.650965
0
LINE
8
Edge.Cuts
6
CONTINUOUS
10
207.3456510000000037
20
0.650965
11
207.3420490000000029
21
0.6589119999999999
0
LINE
8
Edge.Cuts
6
CONTINUOUS
10
205.8840249999999799
20
1.5999999999999999
11
205.8953369999999836
21
1.5999599999999998
0
LINE
8
Edge.Cuts
6
CONTINUOUS
10
205.8953369999999836
20
1.5999599999999998
11
205.9066479999999899
21
1.5998399999999999
0
LINE
8
Edge.Cuts
6
CONTINUOUS
10
205.9066479999999899
20
1.5998399999999999
11
205.9179579999999987
21
1.59964
0
LINE
8
Edge.Cuts
6
CONTINUOUS
10
205.9179579999999987
20
1.59964
11
205.9292659999999842
21
1.5993599999999999
0
LINE
8
Edge.Cuts
6
CONTINUOUS
10
205.9292659999999842
20
1.5993599999999999
11
205.9405720000000031
21
1.599
0
LINE
8
Edge.Cuts
6
CONTINUOUS
10
205.9405720000000031
20
1.599
11
205.9518759999999986
21
1.5985609999999999
0
LINE
8
Edge.Cuts
6
CONTINUOUS
10
205.9518759999999986
20
1.5985609999999999
11
205.9631760000000043
21
1.5980409999999998
0
LINE
8
Edge.Cuts
6
CONTINUOUS
10
205.9631760000000043
20
1.5980409999999998
11
205.9744719999999916
21
1.5974409999999999
0
LINE
8
Edge.Cuts
6
CONTINUOUS
10
205.9744719999999916
20
1.5974409999999999
11
205.9857629999999915
21
1.596762
0
LINE
8
Edge.Cuts
6
CONTINUOUS
10
205.9857629999999915
20
1.596762
11
205.9970500000000015
21
1.5960029999999998
0
LINE
8
Edge.Cuts
6
CONTINUOUS
10
205.9970500000000015
20
1.5960029999999998
11
206.0083309999999983
21
1.595164
0
LINE
8
Edge.Cuts
6
CONTINUOUS
10
206.0083309999999983
20
1.595164
11
206.0196059999999818
21
1.5942449999999999
0
LINE
8
Edge.Cuts
6
CONTINUOUS
10
206.0196059999999818
20
1.5942449999999999
11
206.030873999999983
21
1.5932469999999999
0
LINE
8
Edge.Cuts
6
CONTINUOUS
10
206.030873999999983
20
1.5932469999999999
11
206.0421350000000018
21
1.592168
0
LINE
8
Edge.Cuts
6
CONTINUOUS
10
206.0421350000000018
20
1.592168
11
206.0533889999999815
21
1.591011
0
LINE
8
Edge.Cuts
6
CONTINUOUS
10
206.0533889999999815
20
1.591011
11
206.0646339999999839
21
1.5897729999999999
0
LINE
8
Edge.Cuts
6
CONTINUOUS
10
206.0646339999999839
20
1.5897729999999999
11
206.0758699999999806
21
1.588457
0
LINE
8
Edge.Cuts
6
CONTINUOUS
10
206.0758699999999806
20
1.588457
11
206.0870960000000025
21
1.5870599999999999
0
LINE
8
Edge.Cuts
6
CONTINUOUS
10
206.0870960000000025
20
1.5870599999999999
11
206.0983129999999903
21
1.585585
0
LINE
8
Edge.Cuts
6
CONTINUOUS
10
206.0983129999999903
20
1.585585
11
206.1095189999999775
21
1.5840299999999998
0
LINE
8
Edge.Cuts
6
CONTINUOUS
10
206.1095189999999775
20
1.5840299999999998
11
206.1207139999999924
21
1.5823959999999999
0
LINE
8
Edge.Cuts
6
CONTINUOUS
10
206.1207139999999924
20
1.5823959999999999
11
206.1318969999999808
21
1.5806829999999998
0
LINE
8
Edge.Cuts
6
CONTINUOUS
10
206.1318969999999808
20
1.5806829999999998
11
206.1430670000000021
21
1.5788909999999998
0
LINE
8
Edge.Cuts
6
CONTINUOUS
10
206.1430670000000021
20
1.5788909999999998
11
206.1542249999999967
21
1.5770189999999999
0
LINE
8
Edge.Cuts
6
CONTINUOUS
10
206.1542249999999967
20
1.5770189999999999
11
206.1653699999999958
21
1.5750689999999998
0
LINE
8
Edge.Cuts
6
CONTINUOUS
10
206.1653699999999958
20
1.5750689999999998
11
206.1765000000000043
21
1.57304
0
LINE
8
Edge.Cuts
6
CONTINUOUS
10
206.1765000000000043
20
1.57304
11
206.1876159999999913
21
1.5709329999999999
0
LINE
8
Edge.Cuts
6
CONTINUOUS
10
206.1876159999999913
20
1.5709329999999999
11
206.1987169999999878
21
1.5687469999999999
0
LINE
8
Edge.Cuts
6
CONTINUOUS
10
206.1987169999999878
20
1.5687469999999999
11
206.2042619999999999
21
1.5676249999999998
0
LINE
8
Edge.Cuts
6
CONTINUOUS
10
206.2042619999999999
20
1.5676249999999998
11
206.2098019999999963
21
1.5664819999999999
0
LINE
8
Edge.Cuts
6
CONTINUOUS
10
206.2098019999999963
20
1.5664819999999999
11
206.2153390000000002
21
1.565321
0
LINE
8
Edge.Cuts
6
CONTINUOUS
10
206.2153390000000002
20
1.565321
11
206.2208709999999883
21
1.5641399999999999
0
LINE
8
Edge.Cuts
6
CONTINUOUS
10
206.2208709999999883
20
1.5641399999999999
11
206.2263989999999865
21
1.5629389999999999
0
LINE
8
Edge.Cuts
6
CONTINUOUS
10
206.2263989999999865
20
1.5629389999999999
11
206.2319229999999948
21
1.5617189999999999
0
LINE
8
Edge.Cuts
6
CONTINUOUS
10
206.2319229999999948
20
1.5617189999999999
11
206.2374429999999847
21
1.5604789999999999
0
LINE
8
Edge.Cuts
6
CONTINUOUS
10
206.2374429999999847
20
1.5604789999999999
11
206.2429579999999874
21
1.5592189999999999
0
LINE
8
Edge.Cuts
6
CONTINUOUS
10
206.2429579999999874
20
1.5592189999999999
11
206.2484690000000001
21
1.557941
0
LINE
8
Edge.Cuts
6
CONTINUOUS
10
206.2484690000000001
20
1.557941
11
206.253974999999997
21
1.5566419999999999
0
LINE
8
Edge.Cuts
6
CONTINUOUS
10
206.253974999999997
20
1.5566419999999999
11
206.259477000000004
21
1.5553249999999998
0
LINE
8
Edge.Cuts
6
CONTINUOUS
10
206.259477000000004
20
1.5553249999999998
11
206.2649739999999952
21
1.553987
0
LINE
8
Edge.Cuts
6
CONTINUOUS
10
206.2649739999999952
20
1.553987
11
206.270465999999999
21
1.5526309999999999
0
LINE
8
Edge.Cuts
6
CONTINUOUS
10
206.270465999999999
20
1.5526309999999999
11
206.275952999999987
21
1.5512549999999998
0
LINE
8
Edge.Cuts
6
CONTINUOUS
10
206.275952999999987
20
1.5512549999999998
11
206.2814349999999877
21
1.5498589999999999
0
LINE
8
Edge.Cuts
6
CONTINUOUS
10
206.2814349999999877
20
1.5498589999999999
11
206.2869129999999984
21
1.5484439999999999
0
LINE
8
Edge.Cuts
6
CONTINUOUS
10
206.2869129999999984
20
1.5484439999999999
11
206.2923849999999959
21
1.54701
0
LINE
8
Edge.Cuts
6
CONTINUOUS
10
206.2923849999999959
20
1.54701
11
206.2978530000000035
21
1.5455569999999998
0
LINE
8
Edge.Cuts
6
CONTINUOUS
10
206.2978530000000035
20
1.5455569999999998
11
206.3033149999999978
21
1.544084
0
LINE
8
Edge.Cuts
6
CONTINUOUS
10
206.3033149999999978
20
1.544084
11
206.3087720000000047
21
1.542592
0
LINE
8
Edge.Cuts
6
CONTINUOUS
10
206.3087720000000047
20
1.542592
11
206.3142229999999984
21
1.54108
0
LINE
8
Edge.Cuts
6
CONTINUOUS
10
206.3142229999999984
20
1.54108
11
206.3196700000000021
21
1.53955
0
LINE
8
Edge.Cuts
6
CONTINUOUS
10
206.3196700000000021
20
1.53955
11
206.3251099999999951
21
1.538
0
LINE
8
Edge.Cuts
6
CONTINUOUS
10
206.3251099999999951
20
1.538
11
206.3305459999999982
21
1.5364309999999999
0
LINE
8
Edge.Cuts
6
CONTINUOUS
10
206.3305459999999982
20
1.5364309999999999
11
206.3359749999999906
21
1.534842
0
LINE
8
Edge.Cuts
6
CONTINUOUS
10
206.3359749999999906
20
1.534842
11
206.3413989999999956
21
1.5332349999999999
0
LINE
8
Edge.Cuts
6
CONTINUOUS
10
206.3413989999999956
20
1.5332349999999999
11
206.3468179999999847
21
1.5316079999999999
0
LINE
8
Edge.Cuts
6
CONTINUOUS
10
206.3468179999999847
20
1.5316079999999999
11
206.3522299999999916
21
1.5299619999999998
0
LINE
8
Edge.Cuts
6
CONTINUOUS
10
206.3522299999999916
20
1.5299619999999998
11
206.3576369999999827
21
1.528297
0
LINE
8
Edge.Cuts
6
CONTINUOUS
10
206.3576369999999827
20
1.528297
11
206.3630379999999889
21
1.526613
0
LINE
8
Edge.Cuts
6
CONTINUOUS
10
206.3630379999999889
20
1.526613
11
206.3684319999999843
21
1.52491
0
LINE
8
Edge.Cuts
6
CONTINUOUS
10
206.3684319999999843
20
1.52491
11
206.3738209999999924
21
1.5231869999999998
0
LINE
8
Edge.Cuts
6
CONTINUOUS
10
206.3738209999999924
20
1.5231869999999998
11
206.3792039999999872
21
1.5214459999999999
0
LINE
8
Edge.Cuts
6
CONTINUOUS
10
206.3792039999999872
20
1.5214459999999999
11
206.3845809999999972
21
1.5196859999999999
0
LINE
8
Edge.Cuts
6
CONTINUOUS
10
206.3845809999999972
20
1.5196859999999999
11
206.3899499999999989
21
1.517906
0
LINE
8
Edge.Cuts
6
CONTINUOUS
10
206.3899499999999989
20
1.517906
11
206.3953149999999823
21
1.516108
0
LINE
8
Edge.Cuts
6
CONTINUOUS
10
206.3953149999999823
20
1.516108
11
206.4006719999999859
21
1.5142909999999998
0
LINE
8
Edge.Cuts
6
CONTINUOUS
10
206.4006719999999859
20
1.5142909999999998
11
206.4060230000000047
21
1.512454
0
LINE
8
Edge.Cuts
6
CONTINUOUS
10
206.4060230000000047
20
1.512454
11
206.4113669999999843
21
1.510599
0
LINE
8
Edge.Cuts
6
CONTINUOUS
10
206.4113669999999843
20
1.510599
11
206.4167059999999765
21
1.5087249999999999
0
LINE
8
Edge.Cuts
6
CONTINUOUS
10
206.4167059999999765
20
1.5087249999999999
11
206.4220369999999889
21
1.5068319999999999
0
LINE
8
Edge.Cuts
6
CONTINUOUS
10
206.4220369999999889
20
1.5068319999999999
11
206.427361999999988
21
1.50492
0
LINE
8
Edge.Cuts
6
CONTINUOUS
10
206.427361999999988
20
1.50492
11
206.4326789999999789
21
1.5029899999999998
0
LINE
8
Edge.Cuts
6
CONTINUOUS
10
206.4326789999999789
20
1.5029899999999998
11
206.4379909999999825
21
1.5010399999999999
0
LINE
8
Edge.Cuts
6
CONTINUOUS
10
206.4379909999999825
20
1.5010399999999999
11
206.4432939999999803
21
1.499072
0
LINE
8
Edge.Cuts
6
CONTINUOUS
10
206.4432939999999803
20
1.499072
11
206.4485919999999908
21
1.497085
0
LINE
8
Edge.Cuts
6
CONTINUOUS
10
206.4485919999999908
20
1.497085
11
206.4538809999999955
21
1.49508
0
LINE
8
Edge.Cuts
6
CONTINUOUS
10
206.4538809999999955
20
1.49508
11
206.4591649999999845
21
1.493055
0
LINE
8
Edge.Cuts
6
CONTINUOUS
10
206.4591649999999845
20
1.493055
11
206.4644399999999962
21
1.4910129999999999
0
LINE
8
Edge.Cuts
6
CONTINUOUS
10
206.4644399999999962
20
1.4910129999999999
11
206.4697089999999946
21
1.4889509999999999
0
LINE
8
Edge.Cuts
6
CONTINUOUS
10
206.4697089999999946
20
1.4889509999999999
11
206.4749699999999848
21
1.4868709999999998
0
LINE
8
Edge.Cuts
6
CONTINUOUS
10
206.4749699999999848
20
1.4868709999999998
11
206.4802239999999927
21
1.484772
0
LINE
8
Edge.Cuts
6
CONTINUOUS
10
206.4802239999999927
20
1.484772
11
206.4854709999999898
21
1.4826539999999999
0
LINE
8
Edge.Cuts
6
CONTINUOUS
10
206.4854709999999898
20
1.4826539999999999
11
206.4907099999999787
21
1.480518
0
LINE
8
Edge.Cuts
6
CONTINUOUS
10
206.4907099999999787
20
1.480518
11
206.4914660000000026
21
1.480208
0
LINE
8
Edge.Cuts
6
CONTINUOUS
10
136.7049179999999922
20
8.5999999999999996
11
89.904917999999995
21
8.5999999999999996
0
LINE
8
Edge.Cuts
6
CONTINUOUS
10
207.007947999999999
20
1.1387699999999998
11
207.0159709999999791
21
1.1307959999999999
0
LINE
8
Edge.Cuts
6
CONTINUOUS
10
207.0159709999999791
20
1.1307959999999999
11
207.0239369999999894
21
1.122765
0
LINE
8
Edge.Cuts
6
CONTINUOUS
10
207.0239369999999894
20
1.122765
11
207.0318460000000016
21
1.1146780000000001
0
LINE
8
Edge.Cuts
6
CONTINUOUS
10
207.0318460000000016
20
1.1146780000000001
11
207.0396979999999871
21
1.106535
0
LINE
8
Edge.Cuts
6
CONTINUOUS
10
207.0396979999999871
20
1.106535
11
207.0474930000000029
21
1.0983369999999999
0
LINE
8
Edge.Cuts
6
CONTINUOUS
10
207.0474930000000029
20
1.0983369999999999
11
207.0552289999999971
21
1.0900829999999999
0
LINE
8
Edge.Cuts
6
CONTINUOUS
10
207.0552289999999971
20
1.0900829999999999
11
207.0629059999999981
21
1.0817759999999998
0
LINE
8
Edge.Cuts
6
CONTINUOUS
10
207.0629059999999981
20
1.0817759999999998
11
207.0705250000000035
21
1.0734139999999999
0
LINE
8
Edge.Cuts
6
CONTINUOUS
10
207.0705250000000035
20
1.0734139999999999
11
207.0780839999999898
21
1.064999
0
LINE
8
Edge.Cuts
6
CONTINUOUS
10
207.0780839999999898
20
1.064999
11
207.085583999999983
21
1.05653
0
LINE
8
Edge.Cuts
6
CONTINUOUS
10
207.085583999999983
20
1.05653
11
207.0930239999999856
21
1.0480080000000001
0
LINE
8
Edge.Cuts
6
CONTINUOUS
10
207.0930239999999856
20
1.0480080000000001
11
207.1004039999999975
21
1.039434
0
LINE
8
Edge.Cuts
6
CONTINUOUS
10
207.1004039999999975
20
1.039434
11
207.1077219999999954
21
1.0308079999999999
0
LINE
8
Edge.Cuts
6
CONTINUOUS
10
207.1077219999999954
20
1.0308079999999999
11
207.1149800000000027
21
1.02213
0
LINE
8
Edge.Cuts
6
CONTINUOUS
10
207.1149800000000027
20
1.02213
11
207.1221759999999961
21
1.013401
0
LINE
8
Edge.Cuts
6
CONTINUOUS
10
207.1221759999999961
20
1.013401
11
207.1293100000000038
21
1.004621
0
LINE
8
Edge.Cuts
6
CONTINUOUS
10
207.1293100000000038
20
1.004621
11
207.136382999999995
21
0.995791
0
LINE
8
Edge.Cuts
6
CONTINUOUS
10
207.136382999999995
20
0.995791
11
207.1433919999999773
21
0.986911
0
LINE
8
Edge.Cuts
6
CONTINUOUS
10
207.1433919999999773
20
0.986911
11
207.1503390000000024
21
0.9779819999999999
0
LINE
8
Edge.Cuts
6
CONTINUOUS
10
207.1503390000000024
20
0.9779819999999999
11
207.1572219999999902
21
0.9690029999999999
0
LINE
8
Edge.Cuts
6
CONTINUOUS
10
207.1572219999999902
20
0.9690029999999999
11
207.1640419999999949
21
0.959977
0
LINE
8
Edge.Cuts
6
CONTINUOUS
10
207.1640419999999949
20
0.959977
11
207.1707979999999907
21
0.9509019999999999
0
LINE
8
Edge.Cuts
6
CONTINUOUS
10
207.1707979999999907
20
0.9509019999999999
11
207.1774899999999775
21
0.9417789999999999
0
LINE
8
Edge.Cuts
6
CONTINUOUS
10
207.1774899999999775
20
0.9417789999999999
11
207.1841169999999863
21
0.9326089999999999
0
LINE
8
Edge.Cuts
6
CONTINUOUS
10
207.1841169999999863
20
0.9326089999999999
11
207.1906789999999887
21
0.9233929999999999
0
LINE
8
Edge.Cuts
6
CONTINUOUS
10
207.1906789999999887
20
0.9233929999999999
11
207.1971759999999847
21
0.91413
0
LINE
8
Edge.Cuts
6
CONTINUOUS
10
207.1971759999999847
20
0.91413
11
207.2003990000000044
21
0.909482
0
LINE
8
Edge.Cuts
6
CONTINUOUS
10
207.2003990000000044
20
0.909482
11
207.2036069999999768
21
0.9048219999999999
0
LINE
8
Edge.Cuts
6
CONTINUOUS
10
207.2036069999999768
20
0.9048219999999999
11
207.206797999999992
21
0.9001509999999999
0
LINE
8
Edge.Cuts
6
CONTINUOUS
10
207.206797999999992
20
0.9001509999999999
11
207.2099719999999934
21
0.8954679999999999
0
LINE
8
Edge.Cuts
6
CONTINUOUS
10
207.2099719999999934
20
0.8954679999999999
11
207.2131299999999783
21
0.890775
0
LINE
8
Edge.Cuts
6
CONTINUOUS
10
207.2131299999999783
20
0.890775
11
207.2162709999999777
21
0.8860699999999999
0
LINE
8
Edge.Cuts
6
CONTINUOUS
10
207.2162709999999777
20
0.8860699999999999
11
207.2193949999999916
21
0.881354
0
LINE
8
Edge.Cuts
6
CONTINUOUS
10
207.2193949999999916
20
0.881354
11
207.222502999999989
21
0.8766269999999999
0
LINE
8
Edge.Cuts
6
CONTINUOUS
10
207.222502999999989
20
0.8766269999999999
11
207.225594000000001
21
0.8718889999999999
0
LINE
8
Edge.Cuts
6
CONTINUOUS
10
207.225594000000001
20
0.8718889999999999
11
207.2286689999999965
21
0.8671399999999999
0
LINE
8
Edge.Cuts
6
CONTINUOUS
10
207.2286689999999965
20
0.8671399999999999
11
207.2317259999999806
21
0.8623799999999999
0
LINE
8
Edge.Cuts
6
CONTINUOUS
10
207.2317259999999806
20
0.8623799999999999
11
207.2347669999999766
21
0.85761
0
LINE
8
Edge.Cuts
6
CONTINUOUS
10
207.2347669999999766
20
0.85761
11
207.2377909999999872
21
0.8528289999999999
0
LINE
8
Edge.Cuts
6
CONTINUOUS
10
207.2377909999999872
20
0.8528289999999999
11
207.2407979999999839
21
0.8480369999999999
0
LINE
8
Edge.Cuts
6
CONTINUOUS
10
207.2407979999999839
20
0.8480369999999999
11
207.243787999999995
21
0.8432339999999999
0
LINE
8
Edge.Cuts
6
CONTINUOUS
10
207.243787999999995
20
0.8432339999999999
11
207.2467609999999922
21
0.838421
0
LINE
8
Edge.Cuts
6
CONTINUOUS
10
207.2467609999999922
20
0.838421
11
207.2497159999999781
21
0.833598
0
LINE
8
Edge.Cuts
6
CONTINUOUS
10
207.2497159999999781
20
0.833598
11
207.2526550000000043
21
0.8287639999999999
0
LINE
8
Edge.Cuts
6
CONTINUOUS
10
207.2526550000000043
20
0.8287639999999999
11
207.2555769999999882
21
0.82392
0
LINE
8
Edge.Cuts
6
CONTINUOUS
10
207.2555769999999882
20
0.82392
11
207.2584819999999866
21
0.8190649999999999
0
LINE
8
Edge.Cuts
6
CONTINUOUS
10
207.2584819999999866
20
0.8190649999999999
11
207.261369000000002
21
0.8141999999999999
0
LINE
8
Edge.Cuts
6
CONTINUOUS
10
207.261369000000002
20
0.8141999999999999
11
207.2642390000000034
21
0.809325
0
LINE
8
Edge.Cuts
6
CONTINUOUS
10
207.2642390000000034
20
0.809325
11
207.267091999999991
21
0.8044399999999999
0
LINE
8
Edge.Cuts
6
CONTINUOUS
10
207.267091999999991
20
0.8044399999999999
11
207.2699279999999931
21
0.799545
0
LINE
8
Edge.Cuts
6
CONTINUOUS
10
207.2699279999999931
20
0.799545
11
207.2727459999999837
21
0.79464
0
LINE
8
Edge.Cuts
6
CONTINUOUS
10
207.2727459999999837
20
0.79464
11
207.2755469999999889
21
0.789724
0
LINE
8
Edge.Cuts
6
CONTINUOUS
10
207.2755469999999889
20
0.789724
11
207.2783309999999801
21
0.7847989999999999
0
LINE
8
Edge.Cuts
6
CONTINUOUS
10
207.2783309999999801
20
0.7847989999999999
11
207.2810969999999884
21
0.779864
0
LINE
8
Edge.Cuts
6
CONTINUOUS
10
207.2810969999999884
20
0.779864
11
207.2838459999999827
21
0.7749199999999999
0
LINE
8
Edge.Cuts
6
CONTINUOUS
10
207.2838459999999827
20
0.7749199999999999
11
207.2865769999999941
21
0.769965
0
LINE
8
Edge.Cuts
6
CONTINUOUS
10
207.2865769999999941
20
0.769965
11
207.2892909999999915
21
0.765002
0
LINE
8
Edge.Cuts
6
CONTINUOUS
10
207.2892909999999915
20
0.765002
11
207.2919869999999776
21
0.7600279999999999
0
LINE
8
Edge.Cuts
6
CONTINUOUS
10
207.2919869999999776
20
0.7600279999999999
11
207.2946649999999806
21
0.755045
0
LINE
8
Edge.Cuts
6
CONTINUOUS
10
207.2946649999999806
20
0.755045
11
207.2973259999999982
21
0.7500519999999999
0
LINE
8
Edge.Cuts
6
CONTINUOUS
10
207.2973259999999982
20
0.7500519999999999
11
207.2999690000000044
21
0.745051
0
LINE
8
Edge.Cuts
6
CONTINUOUS
10
207.2999690000000044
20
0.745051
11
207.3025949999999966
21
0.740039
0
LINE
8
Edge.Cuts
6
CONTINUOUS
10
207.3025949999999966
20
0.740039
11
207.3052029999999775
21
0.735019
0
LINE
8
Edge.Cuts
6
CONTINUOUS
10
207.3052029999999775
20
0.735019
11
207.3077930000000038
21
0.729989
0
LINE
8
Edge.Cuts
6
CONTINUOUS
10
207.3077930000000038
20
0.729989
11
207.3103649999999902
21
0.724951
0
LINE
8
Edge.Cuts
6
CONTINUOUS
10
207.3103649999999902
20
0.724951
11
207.3129199999999912
21
0.719903
0
LINE
8
Edge.Cuts
6
CONTINUOUS
10
207.3129199999999912
20
0.719903
11
207.3154559999999833
21
0.714846
0
LINE
8
Edge.Cuts
6
CONTINUOUS
10
207.3154559999999833
20
0.714846
11
207.3179749999999899
21
0.70978
0
LINE
8
Edge.Cuts
6
CONTINUOUS
10
207.3179749999999899
20
0.70978
11
207.3204749999999876
21
0.7047049999999999
0
LINE
8
Edge.Cuts
6
CONTINUOUS
10
207.3204749999999876
20
0.7047049999999999
11
207.3229579999999999
21
0.6996209999999999
0
LINE
8
Edge.Cuts
6
CONTINUOUS
10
207.3229579999999999
20
0.6996209999999999
11
207.3254230000000007
21
0.694529
0
LINE
8
Edge.Cuts
6
CONTINUOUS
10
207.3254230000000007
20
0.694529
11
207.3278699999999901
21
0.6894279999999999
0
LINE
8
Edge.Cuts
6
CONTINUOUS
10
207.3278699999999901
20
0.6894279999999999
11
207.3302979999999991
21
0.684319
0
LINE
8
Edge.Cuts
6
CONTINUOUS
10
207.3302979999999991
20
0.684319
11
207.3327089999999941
21
0.6791999999999999
0
LINE
8
Edge.Cuts
6
CONTINUOUS
10
207.3327089999999941
20
0.6791999999999999
11
207.3351019999999778
21
0.674074
0
LINE
8
Edge.Cuts
6
CONTINUOUS
10
207.3351019999999778
20
0.674074
11
207.337475999999981
21
0.6689379999999999
0
LINE
8
Edge.Cuts
6
CONTINUOUS
10
207.337475999999981
20
0.6689379999999999
11
207.3420490000000029
21
0.6589119999999999
0
LINE
8
Edge.Cuts
6
CONTINUOUS
10
205.8840249999999799
20
1.5999999999999999
11
196.3450819999999908
21
1.5999999999999999
0
ARC
8
Edge.Cuts
10
196.3451000000000022
20
2.1000000000000001
40
0.500000000324
50
-180.00000000
51
-90.00206265
0
ARC
8
Edge.Cuts
10
62.4950999999999937
20
7.
40
1.6000000001012498
50
0.00000000
51
90.00064458
0
ARC
8
Edge.Cuts
10
196.3451000000000022
20
2.1604000000000001
40
0.5000180000639977
50
-256.22359155
51
-179.99908330
0
ARC
8
Edge.Cuts
10
195.8451000000000022
20
4.2000000000000002
40
1.599982
50
-76.22649315
51
-0.00000000
0
ARC
8
Edge.Cuts
10
195.8451000000000022
20
7.
40
1.6000000001012498
50
0.00000000
51
90.00064458
0
ARC
8
Edge.Cuts
10
148.5450999999999908
20
2.1604000000000001
40
0.4999878884633107
50
-0.00091677
51
76.22770957
0
LINE
8
Edge.Cuts
6
CONTINUOUS
10
149.0450819999999794
20
2.1603919999999999
11
149.0450819999999794
21
2.1000000000000001
0
LINE
8
Edge.Cuts
6
CONTINUOUS
10
88.3049180000000007
20
7.
11
88.3049180000000007
21
4.2000000000000002
0
LINE
8
Edge.Cuts
6
CONTINUOUS
10
148.5450819999999794
20
1.5999999999999999
11
137.2049179999999922
21
1.5999999999999999
0
ARC
8
Edge.Cuts
10
137.2048999999999808
20
2.1000000000000001
40
0.500000000324
50
-180.00000000
51
-89.99793735
0
ARC
8
Edge.Cuts
10
137.2048999999999808
20
2.1604000000000001
40
0.4999820000640023
50
-256.22770957
51
-179.99908323
0
ARC
8
Edge.Cuts
10
136.7048999999999808
20
4.2000000000000002
40
1.6000179999999999
50
-76.22520629
51
-0.00000000
0
LINE
8
Edge.Cuts
6
CONTINUOUS
10
138.3049179999999865
20
4.2000000000000002
11
138.3049179999999865
21
7.
0
ARC
8
Edge.Cuts
10
89.9048999999999978
20
7.
40
1.599982
50
89.99935542
51
180.00000000
0
LINE
8
Edge.Cuts
6
CONTINUOUS
10
89.904917999999995
20
2.1603919999999999
11
89.904917999999995
21
2.1000000000000001
0
ARC
8
Edge.Cuts
10
89.4048999999999978
20
2.1000000000000001
40
0.500018
50
-89.99793735
51
-0.00000000
0
LINE
8
Edge.Cuts
6
CONTINUOUS
10
89.404917999999995
20
1.5999999999999999
11
79.8659749999999917
21
1.5999999999999999
0
LINE
8
Edge.Cuts
6
CONTINUOUS
10
74.4771319999999974
20
-0.130006
11
74.4671749999999975
21
-0.117865
0
LINE
8
Edge.Cuts
6
CONTINUOUS
10
74.4671749999999975
20
-0.117865
11
74.4572569999999985
21
-0.105645
0
LINE
8
Edge.Cuts
6
CONTINUOUS
10
74.4572569999999985
20
-0.105645
11
74.4473780000000005
21
-0.093348
0
LINE
8
Edge.Cuts
6
CONTINUOUS
10
74.4473780000000005
20
-0.093348
11
74.437539000000001
21
-0.080973
0
LINE
8
Edge.Cuts
6
CONTINUOUS
10
74.437539000000001
20
-0.080973
11
74.4277409999999975
21
-0.068519
0
LINE
8
Edge.Cuts
6
CONTINUOUS
10
74.4277409999999975
20
-0.068519
11
74.4179829999999924
21
-0.055988
0
LINE
8
Edge.Cuts
6
CONTINUOUS
10
74.4179829999999924
20
-0.055988
11
74.4082650000000001
21
-0.043379
0
LINE
8
Edge.Cuts
6
CONTINUOUS
10
74.4082650000000001
20
-0.043379
11
74.3985890000000012
21
-0.030692
0
LINE
8
Edge.Cuts
6
CONTINUOUS
10
74.3985890000000012
20
-0.030692
11
74.3889530000000008
21
-0.017927
0
LINE
8
Edge.Cuts
6
CONTINUOUS
10
74.3889530000000008
20
-0.017927
11
74.3793589999999938
21
-0.005084
0
LINE
8
Edge.Cuts
6
CONTINUOUS
10
74.3793589999999938
20
-0.005084
11
74.3698069999999944
21
0.007836
0
LINE
8
Edge.Cuts
6
CONTINUOUS
10
74.3698069999999944
20
0.007836
11
74.3602959999999911
21
0.020834
0
LINE
8
Edge.Cuts
6
CONTINUOUS
10
74.3602959999999911
20
0.020834
11
74.3508279999999928
21
0.03391
0
LINE
8
Edge.Cuts
6
CONTINUOUS
10
74.3508279999999928
20
0.03391
11
74.3414020000000022
21
0.047063
0
LINE
8
Edge.Cuts
6
CONTINUOUS
10
74.3414020000000022
20
0.047063
11
74.33202
21
0.060294
0
LINE
8
Edge.Cuts
6
CONTINUOUS
10
74.33202
20
0.060294
11
74.3226799999999912
21
0.073602
0
LINE
8
Edge.Cuts
6
CONTINUOUS
10
74.3226799999999912
20
0.073602
11
74.3133839999999992
21
0.086987
0
LINE
8
Edge.Cuts
6
CONTINUOUS
10
74.3133839999999992
20
0.086987
11
74.3041309999999982
21
0.100449
0
LINE
8
Edge.Cuts
6
CONTINUOUS
10
74.3041309999999982
20
0.100449
11
74.2949229999999972
21
0.113989
0
LINE
8
Edge.Cuts
6
CONTINUOUS
10
74.2949229999999972
20
0.113989
11
74.2857589999999988
21
0.127605
0
LINE
8
Edge.Cuts
6
CONTINUOUS
10
74.2857589999999988
20
0.127605
11
74.276639000000003
21
0.141298
0
LINE
8
Edge.Cuts
6
CONTINUOUS
10
74.276639000000003
20
0.141298
11
74.2675649999999905
21
0.155067
0
LINE
8
Edge.Cuts
6
CONTINUOUS
10
74.2675649999999905
20
0.155067
11
74.2585349999999949
21
0.168913
0
LINE
8
Edge.Cuts
6
CONTINUOUS
10
74.2585349999999949
20
0.168913
11
74.2495519999999942
21
0.182836
0
LINE
8
Edge.Cuts
6
CONTINUOUS
10
74.2495519999999942
20
0.182836
11
74.2406139999999937
21
0.196834
0
LINE
8
Edge.Cuts
6
CONTINUOUS
10
74.2406139999999937
20
0.196834
11
74.2317230000000023
21
0.210909
0
LINE
8
Edge.Cuts
6
CONTINUOUS
10
74.2317230000000023
20
0.210909
11
74.2228779999999944
21
0.225059
0
LINE
8
Edge.Cuts
6
CONTINUOUS
10
74.2228779999999944
20
0.225059
11
74.2140809999999931
21
0.239285
0
LINE
8
Edge.Cuts
6
CONTINUOUS
10
74.2140809999999931
20
0.239285
11
74.2053300000000036
21
0.253586
0
LINE
8
Edge.Cuts
6
CONTINUOUS
10
74.2053300000000036
20
0.253586
11
74.1966279999999898
21
0.267963
0
LINE
8
Edge.Cuts
6
CONTINUOUS
10
74.1966279999999898
20
0.267963
11
74.1879729999999995
21
0.282415
0
LINE
8
Edge.Cuts
6
CONTINUOUS
10
74.1879729999999995
20
0.282415
11
74.1793669999999992
21
0.296941
0
LINE
8
Edge.Cuts
6
CONTINUOUS
10
74.1793669999999992
20
0.296941
11
74.1708089999999913
21
0.311542
0
LINE
8
Edge.Cuts
6
CONTINUOUS
10
74.1708089999999913
20
0.311542
11
74.1623009999999994
21
0.326216
0
LINE
8
Edge.Cuts
6
CONTINUOUS
10
74.1623009999999994
20
0.326216
11
74.1538419999999974
21
0.340965
0
LINE
8
Edge.Cuts
6
CONTINUOUS
10
74.1538419999999974
20
0.340965
11
74.145432999999997
21
0.355788
0
LINE
8
Edge.Cuts
6
CONTINUOUS
10
74.145432999999997
20
0.355788
11
74.1370739999999984
21
0.370684
0
LINE
8
Edge.Cuts
6
CONTINUOUS
10
74.1370739999999984
20
0.370684
11
74.1287659999999988
21
0.385653
0
LINE
8
Edge.Cuts
6
CONTINUOUS
10
74.1287659999999988
20
0.385653
11
74.1205089999999984
21
0.400695
0
LINE
8
Edge.Cuts
6
CONTINUOUS
10
74.1205089999999984
20
0.400695
11
74.1123029999999972
21
0.41581
0
LINE
8
Edge.Cuts
6
CONTINUOUS
10
74.1123029999999972
20
0.41581
11
74.1041489999999925
21
0.430996
0
LINE
8
Edge.Cuts
6
CONTINUOUS
10
74.1041489999999925
20
0.430996
11
74.0960469999999987
21
0.446255
0
LINE
8
Edge.Cuts
6
CONTINUOUS
10
74.0960469999999987
20
0.446255
11
74.0879979999999989
21
0.461584
0
LINE
8
Edge.Cuts
6
CONTINUOUS
10
74.0879979999999989
20
0.461584
11
74.0800009999999958
21
0.476985
0
LINE
8
Edge.Cuts
6
CONTINUOUS
10
74.0800009999999958
20
0.476985
11
74.0720579999999984
21
0.492457
0
LINE
8
Edge.Cuts
6
CONTINUOUS
10
74.0720579999999984
20
0.492457
11
74.0641689999999926
21
0.507999
0
LINE
8
Edge.Cuts
6
CONTINUOUS
10
74.0641689999999926
20
0.507999
11
74.0563339999999926
21
0.52361
0
LINE
8
Edge.Cuts
6
CONTINUOUS
10
74.0563339999999926
20
0.52361
11
74.0485529999999983
21
0.539292
0
LINE
8
Edge.Cuts
6
CONTINUOUS
10
74.0485529999999983
20
0.539292
11
74.0408269999999931
21
0.5550419999999999
0
LINE
8
Edge.Cuts
6
CONTINUOUS
10
74.0408269999999931
20
0.5550419999999999
11
74.0331570000000028
21
0.5708599999999999
0
LINE
8
Edge.Cuts
6
CONTINUOUS
10
74.0331570000000028
20
0.5708599999999999
11
74.0255420000000015
21
0.586747
0
LINE
8
Edge.Cuts
6
CONTINUOUS
10
74.0255420000000015
20
0.586747
11
74.0179839999999984
21
0.602702
0
LINE
8
Edge.Cuts
6
CONTINUOUS
10
74.0179839999999984
20
0.602702
11
74.0104829999999936
21
0.618723
0
LINE
8
Edge.Cuts
6
CONTINUOUS
10
74.0104829999999936
20
0.618723
11
74.0030380000000036
21
0.634811
0
LINE
8
Edge.Cuts
6
CONTINUOUS
10
74.0030380000000036
20
0.634811
11
73.9956509999999952
21
0.650965
0
LINE
8
Edge.Cuts
6
CONTINUOUS
10
73.9956509999999952
20
0.650965
11
73.9920489999999944
21
0.6589119999999999
0
LINE
8
Edge.Cuts
6
CONTINUOUS
10
78.4079509999999971
20
0.6589119999999999
11
78.4126459999999952
21
0.669203
0
LINE
8
Edge.Cuts
6
CONTINUOUS
10
78.4126459999999952
20
0.669203
11
78.4174129999999963
21
0.679461
0
LINE
8
Edge.Cuts
6
CONTINUOUS
10
78.4174129999999963
20
0.679461
11
78.4222529999999978
21
0.689685
0
LINE
8
Edge.Cuts
6
CONTINUOUS
10
78.4222529999999978
20
0.689685
11
78.4271650000000022
21
0.6998749999999999
0
LINE
8
Edge.Cuts
6
CONTINUOUS
10
78.4271650000000022
20
0.6998749999999999
11
78.4321489999999955
21
0.7100299999999999
0
LINE
8
Edge.Cuts
6
CONTINUOUS
10
78.4321489999999955
20
0.7100299999999999
11
78.4372039999999942
21
0.7201489999999999
0
LINE
8
Edge.Cuts
6
CONTINUOUS
10
78.4372039999999942
20
0.7201489999999999
11
78.4423319999999933
21
0.730232
0
LINE
8
Edge.Cuts
6
CONTINUOUS
10
78.4423319999999933
20
0.730232
11
78.4475300000000004
21
0.740279
0
LINE
8
Edge.Cuts
6
CONTINUOUS
10
78.4475300000000004
20
0.740279
11
78.4527989999999988
21
0.750288
0
LINE
8
Edge.Cuts
6
CONTINUOUS
10
78.4527989999999988
20
0.750288
11
78.4581390000000027
21
0.760261
0
LINE
8
Edge.Cuts
6
CONTINUOUS
10
78.4581390000000027
20
0.760261
11
78.4635490000000004
21
0.770195
0
LINE
8
Edge.Cuts
6
CONTINUOUS
10
78.4635490000000004
20
0.770195
11
78.4690299999999894
21
0.780091
0
LINE
8
Edge.Cuts
6
CONTINUOUS
10
78.4690299999999894
20
0.780091
11
78.4745800000000031
21
0.789949
0
LINE
8
Edge.Cuts
6
CONTINUOUS
10
78.4745800000000031
20
0.789949
11
78.4801999999999964
21
0.799766
0
LINE
8
Edge.Cuts
6
CONTINUOUS
10
78.4801999999999964
20
0.799766
11
78.4858890000000002
21
0.8095439999999999
0
LINE
8
Edge.Cuts
6
CONTINUOUS
10
78.4858890000000002
20
0.8095439999999999
11
78.4916479999999979
21
0.819282
0
LINE
8
Edge.Cuts
6
CONTINUOUS
10
78.4916479999999979
20
0.819282
11
78.4974749999999943
21
0.8289789999999999
0
LINE
8
Edge.Cuts
6
CONTINUOUS
10
78.4974749999999943
20
0.8289789999999999
11
78.5033699999999897
21
0.838634
0
LINE
8
Edge.Cuts
6
CONTINUOUS
10
78.5033699999999897
20
0.838634
11
78.5093339999999955
21
0.848248
0
LINE
8
Edge.Cuts
6
CONTINUOUS
10
78.5093339999999955
20
0.848248
11
78.5153660000000002
21
0.857819
0
LINE
8
Edge.Cuts
6
CONTINUOUS
10
78.5153660000000002
20
0.857819
11
78.5214649999999921
21
0.867347
0
LINE
8
Edge.Cuts
6
CONTINUOUS
10
78.5214649999999921
20
0.867347
11
78.527631999999997
21
0.8768319999999999
0
LINE
8
Edge.Cuts
6
CONTINUOUS
10
78.527631999999997
20
0.8768319999999999
11
78.5338649999999916
21
0.886274
0
LINE
8
Edge.Cuts
6
CONTINUOUS
10
78.5338649999999916
20
0.886274
11
78.5401650000000018
21
0.895671
0
LINE
8
Edge.Cuts
6
CONTINUOUS
10
78.5401650000000018
20
0.895671
11
78.5465319999999991
21
0.9050239999999999
0
LINE
8
Edge.Cuts
6
CONTINUOUS
10
78.5465319999999991
20
0.9050239999999999
11
78.5529640000000029
21
0.914331
0
LINE
8
Edge.Cuts
6
CONTINUOUS
10
78.5529640000000029
20
0.914331
11
78.5594629999999938
21
0.923593
0
LINE
8
Edge.Cuts
6
CONTINUOUS
10
78.5594629999999938
20
0.923593
11
78.5660259999999937
21
0.932808
0
LINE
8
Edge.Cuts
6
CONTINUOUS
10
78.5660259999999937
20
0.932808
11
78.5693320000000028
21
0.937398
0
LINE
8
Edge.Cuts
6
CONTINUOUS
10
78.5693320000000028
20
0.937398
11
78.5726549999999975
21
0.941977
0
LINE
8
Edge.Cuts
6
CONTINUOUS
10
78.5726549999999975
20
0.941977
11
78.5759929999999969
21
0.9465439999999999
0
LINE
8
Edge.Cuts
6
CONTINUOUS
10
78.5759929999999969
20
0.9465439999999999
11
78.579347999999996
21
0.9510989999999999
0
LINE
8
Edge.Cuts
6
CONTINUOUS
10
78.579347999999996
20
0.9510989999999999
11
78.5827189999999973
21
0.955642
0
LINE
8
Edge.Cuts
6
CONTINUOUS
10
78.5827189999999973
20
0.955642
11
78.5861060000000009
21
0.9601729999999999
0
LINE
8
Edge.Cuts
6
CONTINUOUS
10
78.5861060000000009
20
0.9601729999999999
11
78.5895089999999925
21
0.9646929999999999
0
LINE
8
Edge.Cuts
6
CONTINUOUS
10
78.5895089999999925
20
0.9646929999999999
11
78.5929280000000006
21
0.9692
0
LINE
8
Edge.Cuts
6
CONTINUOUS
10
78.5929280000000006
20
0.9692
11
78.5963619999999992
21
0.973695
0
LINE
8
Edge.Cuts
6
CONTINUOUS
10
78.5963619999999992
20
0.973695
11
78.5998129999999975
21
0.978178
0
LINE
8
Edge.Cuts
6
CONTINUOUS
10
78.5998129999999975
20
0.978178
11
78.603279999999998
21
0.982649
0
LINE
8
Edge.Cuts
6
CONTINUOUS
10
78.603279999999998
20
0.982649
11
78.6067620000000034
21
0.987107
0
LINE
8
Edge.Cuts
6
CONTINUOUS
10
78.6067620000000034
20
0.987107
11
78.6102599999999967
21
0.9915529999999999
0
LINE
8
Edge.Cuts
6
CONTINUOUS
10
78.6102599999999967
20
0.9915529999999999
11
78.6137739999999923
21
0.995987
0
LINE
8
Edge.Cuts
6
CONTINUOUS
10
78.6137739999999923
20
0.995987
11
78.6173029999999926
21
1.000408
0
LINE
8
Edge.Cuts
6
CONTINUOUS
10
78.6173029999999926
20
1.000408
11
78.6208479999999952
21
1.0048169999999998
0
LINE
8
Edge.Cuts
6
CONTINUOUS
10
78.6208479999999952
20
1.0048169999999998
11
78.624409
21
1.0092129999999999
0
LINE
8
Edge.Cuts
6
CONTINUOUS
10
78.624409
20
1.0092129999999999
11
78.6279849999999954
21
1.0135969999999999
0
LINE
8
Edge.Cuts
6
CONTINUOUS
10
78.6279849999999954
20
1.0135969999999999
11
78.6315759999999955
21
1.017968
0
LINE
8
Edge.Cuts
6
CONTINUOUS
10
78.6315759999999955
20
1.017968
11
78.6351829999999978
21
1.0223259999999998
0
LINE
8
Edge.Cuts
6
CONTINUOUS
10
78.6351829999999978
20
1.0223259999999998
11
78.6388060000000024
21
1.0266709999999999
0
LINE
8
Edge.Cuts
6
CONTINUOUS
10
78.6388060000000024
20
1.0266709999999999
11
78.6424430000000001
21
1.031004
0
LINE
8
Edge.Cuts
6
CONTINUOUS
10
78.6424430000000001
20
1.031004
11
78.646096
21
1.0353239999999999
0
LINE
8
Edge.Cuts
6
CONTINUOUS
10
78.646096
20
1.0353239999999999
11
78.6497650000000021
21
1.039631
0
LINE
8
Edge.Cuts
6
CONTINUOUS
10
78.6497650000000021
20
1.039631
11
78.6534479999999974
21
1.0439239999999999
0
LINE
8
Edge.Cuts
6
CONTINUOUS
10
78.6534479999999974
20
1.0439239999999999
11
78.6571469999999948
21
1.0482050000000001
0
LINE
8
Edge.Cuts
6
CONTINUOUS
10
78.6571469999999948
20
1.0482050000000001
11
78.660860999999997
21
1.052473
0
LINE
8
Edge.Cuts
6
CONTINUOUS
10
78.660860999999997
20
1.052473
11
78.6645899999999898
21
1.056727
0
LINE
8
Edge.Cuts
6
CONTINUOUS
10
78.6645899999999898
20
1.056727
11
78.6683329999999899
21
1.0609690000000001
0
LINE
8
Edge.Cuts
6
CONTINUOUS
10
78.6683329999999899
20
1.0609690000000001
11
78.6720929999999896
21
1.0651969999999999
0
LINE
8
Edge.Cuts
6
CONTINUOUS
10
78.6720929999999896
20
1.0651969999999999
11
78.6758659999999992
21
1.0694109999999999
0
LINE
8
Edge.Cuts
6
CONTINUOUS
10
78.6758659999999992
20
1.0694109999999999
11
78.6796549999999968
21
1.0736129999999999
0
LINE
8
Edge.Cuts
6
CONTINUOUS
10
78.6796549999999968
20
1.0736129999999999
11
78.6834580000000017
21
1.077801
0
LINE
8
Edge.Cuts
6
CONTINUOUS
10
78.6834580000000017
20
1.077801
11
78.6872769999999946
21
1.0819749999999999
0
LINE
8
Edge.Cuts
6
CONTINUOUS
10
78.6872769999999946
20
1.0819749999999999
11
78.6911099999999948
21
1.086136
0
LINE
8
Edge.Cuts
6
CONTINUOUS
10
78.6911099999999948
20
1.086136
11
78.6949579999999997
21
1.090284
0
LINE
8
Edge.Cuts
6
CONTINUOUS
10
78.6949579999999997
20
1.090284
11
78.6988199999999978
21
1.094417
0
LINE
8
Edge.Cuts
6
CONTINUOUS
10
78.6988199999999978
20
1.094417
11
78.7026970000000006
21
1.0985369999999999
0
LINE
8
Edge.Cuts
6
CONTINUOUS
10
78.7026970000000006
20
1.0985369999999999
11
78.7065879999999964
21
1.102644
0
LINE
8
Edge.Cuts
6
CONTINUOUS
10
78.7065879999999964
20
1.102644
11
78.7104949999999945
21
1.1067359999999999
0
LINE
8
Edge.Cuts
6
CONTINUOUS
10
78.7104949999999945
20
1.1067359999999999
11
78.7144150000000025
21
1.1108149999999999
0
LINE
8
Edge.Cuts
6
CONTINUOUS
10
78.7144150000000025
20
1.1108149999999999
11
78.7183500000000009
21
1.1148799999999999
0
LINE
8
Edge.Cuts
6
CONTINUOUS
10
78.7183500000000009
20
1.1148799999999999
11
78.7222989999999925
21
1.1189309999999999
0
LINE
8
Edge.Cuts
6
CONTINUOUS
10
78.7222989999999925
20
1.1189309999999999
11
78.726263000000003
21
1.122968
0
LINE
8
Edge.Cuts
6
CONTINUOUS
10
78.726263000000003
20
1.122968
11
78.7302409999999924
21
1.1269909999999999
0
LINE
8
Edge.Cuts
6
CONTINUOUS
10
78.7302409999999924
20
1.1269909999999999
11
78.7342330000000032
21
1.131
0
LINE
8
Edge.Cuts
6
CONTINUOUS
10
78.7342330000000032
20
1.131
11
78.738238999999993
21
1.1349940000000001
0
LINE
8
Edge.Cuts
6
CONTINUOUS
10
78.738238999999993
20
1.1349940000000001
11
78.7422600000000017
21
1.1389749999999998
0
LINE
8
Edge.Cuts
6
CONTINUOUS
10
78.7422600000000017
20
1.1389749999999998
11
78.7462939999999918
21
1.142941
0
LINE
8
Edge.Cuts
6
CONTINUOUS
10
78.7462939999999918
20
1.142941
11
78.7503430000000009
21
1.1468939999999999
0
LINE
8
Edge.Cuts
6
CONTINUOUS
10
78.7503430000000009
20
1.1468939999999999
11
78.7544049999999913
21
1.1508309999999999
0
LINE
8
Edge.Cuts
6
CONTINUOUS
10
78.7544049999999913
20
1.1508309999999999
11
78.7584810000000033
21
1.154755
0
LINE
8
Edge.Cuts
6
CONTINUOUS
10
78.7584810000000033
20
1.154755
11
78.7625709999999941
21
1.1586639999999999
0
LINE
8
Edge.Cuts
6
CONTINUOUS
10
78.7625709999999941
20
1.1586639999999999
11
78.7666759999999897
21
1.162558
0
LINE
8
Edge.Cuts
6
CONTINUOUS
10
78.7666759999999897
20
1.162558
11
78.7672689999999989
21
1.163119
0
LINE
8
Edge.Cuts
6
CONTINUOUS
10
78.7672689999999989
20
1.163119
11
78.7755200000000002
21
1.170858
0
LINE
8
Edge.Cuts
6
CONTINUOUS
10
78.7755200000000002
20
1.170858
11
78.7838249999999931
21
1.1785379999999999
0
LINE
8
Edge.Cuts
6
CONTINUOUS
10
78.7838249999999931
20
1.1785379999999999
11
78.7921839999999918
21
1.186159
0
LINE
8
Edge.Cuts
6
CONTINUOUS
10
78.7921839999999918
20
1.186159
11
78.8005969999999962
21
1.193721
0
LINE
8
Edge.Cuts
6
CONTINUOUS
10
78.8005969999999962
20
1.193721
11
78.8090629999999948
21
1.2012229999999999
0
LINE
8
Edge.Cuts
6
CONTINUOUS
10
78.8090629999999948
20
1.2012229999999999
11
78.8175820000000016
21
1.2086649999999999
0
LINE
8
Edge.Cuts
6
CONTINUOUS
10
78.8175820000000016
20
1.2086649999999999
11
78.8261529999999908
21
1.2160469999999999
0
LINE
8
Edge.Cuts
6
CONTINUOUS
10
78.8261529999999908
20
1.2160469999999999
11
78.8347759999999909
21
1.223368
0
LINE
8
Edge.Cuts
6
CONTINUOUS
10
78.8347759999999909
20
1.223368
11
78.8434510000000017
21
1.2306280000000001
0
LINE
8
Edge.Cuts
6
CONTINUOUS
10
78.8434510000000017
20
1.2306280000000001
11
78.852177999999995
21
1.237827
0
LINE
8
Edge.Cuts
6
CONTINUOUS
10
78.852177999999995
20
1.237827
11
78.8609549999999899
21
1.244963
0
LINE
8
Edge.Cuts
6
CONTINUOUS
10
78.8609549999999899
20
1.244963
11
78.8697820000000007
21
1.252038
0
LINE
8
Edge.Cuts
6
CONTINUOUS
10
78.8697820000000007
20
1.252038
11
78.878658999999999
21
1.25905
0
LINE
8
Edge.Cuts
6
CONTINUOUS
10
78.878658999999999
20
1.25905
11
78.8875859999999989
21
1.2659989999999999
0
LINE
8
Edge.Cuts
6
CONTINUOUS
10
78.8875859999999989
20
1.2659989999999999
11
78.8965609999999913
21
1.272885
0
LINE
8
Edge.Cuts
6
CONTINUOUS
10
78.8965609999999913
20
1.272885
11
78.9055850000000021
21
1.2797069999999999
0
LINE
8
Edge.Cuts
6
CONTINUOUS
10
78.9055850000000021
20
1.2797069999999999
11
78.9146580000000029
21
1.2864659999999999
0
LINE
8
Edge.Cuts
6
CONTINUOUS
10
78.9146580000000029
20
1.2864659999999999
11
78.9237779999999987
21
1.2931599999999999
0
LINE
8
Edge.Cuts
6
CONTINUOUS
10
78.9237779999999987
20
1.2931599999999999
11
78.9329449999999895
21
1.29979
0
LINE
8
Edge.Cuts
6
CONTINUOUS
10
78.9329449999999895
20
1.29979
11
78.9421589999999895
21
1.306354
0
LINE
8
Edge.Cuts
6
CONTINUOUS
10
78.9421589999999895
20
1.306354
11
78.9514190000000013
21
1.312854
0
LINE
8
Edge.Cuts
6
CONTINUOUS
10
78.9514190000000013
20
1.312854
11
78.9607249999999965
21
1.319288
0
LINE
8
Edge.Cuts
6
CONTINUOUS
10
78.9607249999999965
20
1.319288
11
78.9700759999999917
21
1.3256559999999999
0
LINE
8
Edge.Cuts
6
CONTINUOUS
10
78.9700759999999917
20
1.3256559999999999
11
78.9794720000000012
21
1.3319569999999998
0
LINE
8
Edge.Cuts
6
CONTINUOUS
10
78.9794720000000012
20
1.3319569999999998
11
78.9889129999999966
21
1.338193
0
LINE
8
Edge.Cuts
6
CONTINUOUS
10
78.9889129999999966
20
1.338193
11
78.9983969999999971
21
1.3443609999999999
0
LINE
8
Edge.Cuts
6
CONTINUOUS
10
78.9983969999999971
20
1.3443609999999999
11
79.0079250000000002
21
1.3504619999999998
0
LINE
8
Edge.Cuts
6
CONTINUOUS
10
79.0079250000000002
20
1.3504619999999998
11
79.0174959999999942
21
1.3564959999999999
0
LINE
8
Edge.Cuts
6
CONTINUOUS
10
79.0174959999999942
20
1.3564959999999999
11
79.0222969999999947
21
1.3594869999999999
0
LINE
8
Edge.Cuts
6
CONTINUOUS
10
79.0222969999999947
20
1.3594869999999999
11
79.0271089999999958
21
1.3624619999999998
0
LINE
8
Edge.Cuts
6
CONTINUOUS
10
79.0271089999999958
20
1.3624619999999998
11
79.0319319999999976
21
1.3654189999999999
0
LINE
8
Edge.Cuts
6
CONTINUOUS
10
79.0319319999999976
20
1.3654189999999999
11
79.0367650000000026
21
1.36836
0
LINE
8
Edge.Cuts
6
CONTINUOUS
10
79.0367650000000026
20
1.36836
11
79.0416079999999965
21
1.371283
0
LINE
8
Edge.Cuts
6
CONTINUOUS
10
79.0416079999999965
20
1.371283
11
79.0464619999999911
21
1.3741889999999999
0
LINE
8
Edge.Cuts
6
CONTINUOUS
10
79.0464619999999911
20
1.3741889999999999
11
79.0513249999999914
21
1.377078
0
LINE
8
Edge.Cuts
6
CONTINUOUS
10
79.0513249999999914
20
1.377078
11
79.0561989999999923
21
1.37995
0
LINE
8
Edge.Cuts
6
CONTINUOUS
10
79.0561989999999923
20
1.37995
11
79.0610839999999939
21
1.3828039999999999
0
LINE
8
Edge.Cuts
6
CONTINUOUS
10
79.0610839999999939
20
1.3828039999999999
11
79.0659780000000012
21
1.385642
0
LINE
8
Edge.Cuts
6
CONTINUOUS
10
79.0659780000000012
20
1.385642
11
79.0708819999999974
21
1.3884609999999999
0
LINE
8
Edge.Cuts
6
CONTINUOUS
10
79.0708819999999974
20
1.3884609999999999
11
79.0757959999999969
21
1.3912639999999998
0
LINE
8
Edge.Cuts
6
CONTINUOUS
10
79.0757959999999969
20
1.3912639999999998
11
79.0807199999999995
21
1.3940489999999999
0
LINE
8
Edge.Cuts
6
CONTINUOUS
10
79.0807199999999995
20
1.3940489999999999
11
79.085653999999991
21
1.396817
0
LINE
8
Edge.Cuts
6
CONTINUOUS
10
79.085653999999991
20
1.396817
11
79.090598
21
1.399567
0
LINE
8
Edge.Cuts
6
CONTINUOUS
10
79.090598
20
1.399567
11
79.0955510000000004
21
1.4022999999999999
0
LINE
8
Edge.Cuts
6
CONTINUOUS
10
79.0955510000000004
20
1.4022999999999999
11
79.1005139999999898
21
1.4050149999999999
0
LINE
8
Edge.Cuts
6
CONTINUOUS
10
79.1005139999999898
20
1.4050149999999999
11
79.1054869999999966
21
1.407713
0
LINE
8
Edge.Cuts
6
CONTINUOUS
10
79.1054869999999966
20
1.407713
11
79.1104689999999948
21
1.410393
0
LINE
8
Edge.Cuts
6
CONTINUOUS
10
79.1104689999999948
20
1.410393
11
79.1154609999999963
21
1.4130559999999999
0
LINE
8
Edge.Cuts
6
CONTINUOUS
10
79.1154609999999963
20
1.4130559999999999
11
79.1204609999999917
21
1.4157
0
LINE
8
Edge.Cuts
6
CONTINUOUS
10
79.1204609999999917
20
1.4157
11
79.125472000000002
21
1.418328
0
LINE
8
Edge.Cuts
6
CONTINUOUS
10
79.125472000000002
20
1.418328
11
79.1304909999999921
21
1.4209369999999999
0
LINE
8
Edge.Cuts
6
CONTINUOUS
10
79.1304909999999921
20
1.4209369999999999
11
79.1355199999999996
21
1.423529
0
LINE
8
Edge.Cuts
6
CONTINUOUS
10
79.1355199999999996
20
1.423529
11
79.1405579999999986
21
1.426102
0
LINE
8
Edge.Cuts
6
CONTINUOUS
10
79.1405579999999986
20
1.426102
11
79.1456050000000033
21
1.4286589999999999
0
LINE
8
Edge.Cuts
6
CONTINUOUS
10
79.1456050000000033
20
1.4286589999999999
11
79.150660000000002
21
1.4311969999999998
0
LINE
8
Edge.Cuts
6
CONTINUOUS
10
79.150660000000002
20
1.4311969999999998
11
79.1557260000000014
21
1.4337169999999999
0
LINE
8
Edge.Cuts
6
CONTINUOUS
10
79.1557260000000014
20
1.4337169999999999
11
79.1607989999999972
21
1.4362189999999999
0
LINE
8
Edge.Cuts
6
CONTINUOUS
10
79.1607989999999972
20
1.4362189999999999
11
79.1658819999999963
21
1.438704
0
LINE
8
Edge.Cuts
6
CONTINUOUS
10
79.1658819999999963
20
1.438704
11
79.1709729999999894
21
1.4411699999999998
0
LINE
8
Edge.Cuts
6
CONTINUOUS
10
79.1709729999999894
20
1.4411699999999998
11
79.1760730000000024
21
1.443619
0
LINE
8
Edge.Cuts
6
CONTINUOUS
10
79.1760730000000024
20
1.443619
11
79.1811819999999926
21
1.4460489999999999
0
LINE
8
Edge.Cuts
6
CONTINUOUS
10
79.1811819999999926
20
1.4460489999999999
11
79.1862989999999911
21
1.448461
0
LINE
8
Edge.Cuts
6
CONTINUOUS
10
79.1862989999999911
20
1.448461
11
79.1914249999999953
21
1.450855
0
LINE
8
Edge.Cuts
6
CONTINUOUS
10
79.1914249999999953
20
1.450855
11
79.1965589999999935
21
1.4532309999999999
0
LINE
8
Edge.Cuts
6
CONTINUOUS
10
79.1965589999999935
20
1.4532309999999999
11
79.2017019999999974
21
1.455589
0
LINE
8
Edge.Cuts
6
CONTINUOUS
10
79.2017019999999974
20
1.455589
11
79.2068529999999953
21
1.457929
0
LINE
8
Edge.Cuts
6
CONTINUOUS
10
79.2068529999999953
20
1.457929
11
79.2120120000000014
21
1.4602499999999998
0
LINE
8
Edge.Cuts
6
CONTINUOUS
10
79.2120120000000014
20
1.4602499999999998
11
79.2171790000000016
21
1.4625539999999999
0
LINE
8
Edge.Cuts
6
CONTINUOUS
10
79.2171790000000016
20
1.4625539999999999
11
79.2223539999999957
21
1.4648379999999999
0
LINE
8
Edge.Cuts
6
CONTINUOUS
10
79.2223539999999957
20
1.4648379999999999
11
79.2275379999999956
21
1.4671049999999999
0
LINE
8
Edge.Cuts
6
CONTINUOUS
10
79.2275379999999956
20
1.4671049999999999
11
79.232728999999992
21
1.4693529999999999
0
LINE
8
Edge.Cuts
6
CONTINUOUS
10
79.232728999999992
20
1.4693529999999999
11
79.2379289999999941
21
1.4715829999999999
0
LINE
8
Edge.Cuts
6
CONTINUOUS
10
79.2379289999999941
20
1.4715829999999999
11
79.2431359999999927
21
1.473795
0
LINE
8
Edge.Cuts
6
CONTINUOUS
10
79.2431359999999927
20
1.473795
11
79.248351999999997
21
1.4759879999999999
0
LINE
8
Edge.Cuts
6
CONTINUOUS
10
79.248351999999997
20
1.4759879999999999
11
79.2535740000000004
21
1.478162
0
LINE
8
Edge.Cuts
6
CONTINUOUS
10
79.2535740000000004
20
1.478162
11
79.2588049999999953
21
1.4803189999999999
0
LINE
8
Edge.Cuts
6
CONTINUOUS
10
79.2588049999999953
20
1.4803189999999999
11
79.2640430000000009
21
1.482456
0
LINE
8
Edge.Cuts
6
CONTINUOUS
10
79.2640430000000009
20
1.482456
11
79.2692890000000006
21
1.4845759999999999
0
LINE
8
Edge.Cuts
6
CONTINUOUS
10
79.2692890000000006
20
1.4845759999999999
11
79.2745419999999967
21
1.4866759999999999
0
LINE
8
Edge.Cuts
6
CONTINUOUS
10
79.2745419999999967
20
1.4866759999999999
11
79.2798030000000011
21
1.488758
0
LINE
8
Edge.Cuts
6
CONTINUOUS
10
79.2798030000000011
20
1.488758
11
79.2850710000000021
21
1.4908219999999999
0
LINE
8
Edge.Cuts
6
CONTINUOUS
10
79.2850710000000021
20
1.4908219999999999
11
79.2903459999999995
21
1.4928669999999999
0
LINE
8
Edge.Cuts
6
CONTINUOUS
10
79.2903459999999995
20
1.4928669999999999
11
79.2911079999999941
21
1.49316
0
LINE
8
Edge.Cuts
6
CONTINUOUS
10
79.2911079999999941
20
1.49316
11
79.3016789999999929
21
1.4971869999999998
0
LINE
8
Edge.Cuts
6
CONTINUOUS
10
79.3016789999999929
20
1.4971869999999998
11
79.3122779999999921
21
1.501139
0
LINE
8
Edge.Cuts
6
CONTINUOUS
10
79.3122779999999921
20
1.501139
11
79.3229039999999941
21
1.5050159999999999
0
LINE
8
Edge.Cuts
6
CONTINUOUS
10
79.3229039999999941
20
1.5050159999999999
11
79.3335579999999965
21
1.508818
0
LINE
8
Edge.Cuts
6
CONTINUOUS
10
79.3335579999999965
20
1.508818
11
79.3442390000000017
21
1.5125439999999999
0
LINE
8
Edge.Cuts
6
CONTINUOUS
10
79.3442390000000017
20
1.5125439999999999
11
79.3549450000000007
21
1.516195
0
LINE
8
Edge.Cuts
6
CONTINUOUS
10
79.3549450000000007
20
1.516195
11
79.3656780000000026
21
1.5197699999999998
0
LINE
8
Edge.Cuts
6
CONTINUOUS
10
79.3656780000000026
20
1.5197699999999998
11
79.3764350000000007
21
1.523269
0
LINE
8
Edge.Cuts
6
CONTINUOUS
10
79.3764350000000007
20
1.523269
11
79.3872169999999926
21
1.5266919999999999
0
LINE
8
Edge.Cuts
6
CONTINUOUS
10
79.3872169999999926
20
1.5266919999999999
11
79.3980229999999949
21
1.5300389999999999
0
LINE
8
Edge.Cuts
6
CONTINUOUS
10
79.3980229999999949
20
1.5300389999999999
11
79.408851999999996
21
1.533309
0
LINE
8
Edge.Cuts
6
CONTINUOUS
10
79.408851999999996
20
1.533309
11
79.4197039999999959
21
1.536503
0
LINE
8
Edge.Cuts
6
CONTINUOUS
10
79.4197039999999959
20
1.536503
11
79.4305789999999945
21
1.53962
0
LINE
8
Edge.Cuts
6
CONTINUOUS
10
79.4305789999999945
20
1.53962
11
79.4414759999999944
21
1.5426599999999999
0
LINE
8
Edge.Cuts
6
CONTINUOUS
10
79.4414759999999944
20
1.5426599999999999
11
79.4523939999999982
21
1.545623
0
LINE
8
Edge.Cuts
6
CONTINUOUS
10
79.4523939999999982
20
1.545623
11
79.4633319999999941
21
1.548508
0
LINE
8
Edge.Cuts
6
CONTINUOUS
10
79.4633319999999941
20
1.548508
11
79.4742909999999938
21
1.5513159999999999
0
LINE
8
Edge.Cuts
6
CONTINUOUS
10
79.4742909999999938
20
1.5513159999999999
11
79.4852699999999999
21
1.554047
0
LINE
8
Edge.Cuts
6
CONTINUOUS
10
79.4852699999999999
20
1.554047
11
79.4962680000000006
21
1.5567
0
LINE
8
Edge.Cuts
6
CONTINUOUS
10
79.4962680000000006
20
1.5567
11
79.5072839999999985
21
1.559275
0
LINE
8
Edge.Cuts
6
CONTINUOUS
10
79.5072839999999985
20
1.559275
11
79.5183179999999936
21
1.5617729999999999
0
LINE
8
Edge.Cuts
6
CONTINUOUS
10
79.5183179999999936
20
1.5617729999999999
11
79.5293700000000001
21
1.564192
0
LINE
8
Edge.Cuts
6
CONTINUOUS
10
79.5293700000000001
20
1.564192
11
79.5404389999999921
21
1.566533
0
LINE
8
Edge.Cuts
6
CONTINUOUS
10
79.5404389999999921
20
1.566533
11
79.5515240000000006
21
1.5687949999999999
0
LINE
8
Edge.Cuts
6
CONTINUOUS
10
79.5515240000000006
20
1.5687949999999999
11
79.562624999999997
21
1.5709799999999998
0
LINE
8
Edge.Cuts
6
CONTINUOUS
10
79.562624999999997
20
1.5709799999999998
11
79.5737409999999983
21
1.5730849999999998
0
LINE
8
Edge.Cuts
6
CONTINUOUS
10
79.5737409999999983
20
1.5730849999999998
11
79.5793049999999909
21
1.574109
0
LINE
8
Edge.Cuts
6
CONTINUOUS
10
79.5793049999999909
20
1.574109
11
79.5848719999999901
21
1.575113
0
LINE
8
Edge.Cuts
6
CONTINUOUS
10
79.5848719999999901
20
1.575113
11
79.5904429999999934
21
1.5760969999999999
0
LINE
8
Edge.Cuts
6
CONTINUOUS
10
79.5904429999999934
20
1.5760969999999999
11
79.5960170000000033
21
1.5770609999999998
0
LINE
8
Edge.Cuts
6
CONTINUOUS
10
79.5960170000000033
20
1.5770609999999998
11
79.6015950000000032
21
1.578006
0
LINE
8
Edge.Cuts
6
CONTINUOUS
10
79.6015950000000032
20
1.578006
11
79.6071759999999955
21
1.5789309999999999
0
LINE
8
Edge.Cuts
6
CONTINUOUS
10
79.6071759999999955
20
1.5789309999999999
11
79.6127599999999944
21
1.579836
0
LINE
8
Edge.Cuts
6
CONTINUOUS
10
79.6127599999999944
20
1.579836
11
79.618347
21
1.5807209999999998
0
LINE
8
Edge.Cuts
6
CONTINUOUS
10
79.618347
20
1.5807209999999998
11
79.6239379999999954
21
1.5815869999999999
0
LINE
8
Edge.Cuts
6
CONTINUOUS
10
79.6239379999999954
20
1.5815869999999999
11
79.6295310000000001
21
1.582433
0
LINE
8
Edge.Cuts
6
CONTINUOUS
10
79.6295310000000001
20
1.582433
11
79.6351279999999946
21
1.583259
0
LINE
8
Edge.Cuts
6
CONTINUOUS
10
79.6351279999999946
20
1.583259
11
79.6407269999999983
21
1.5840649999999998
0
LINE
8
Edge.Cuts
6
CONTINUOUS
10
79.6407269999999983
20
1.5840649999999998
11
79.6463289999999944
21
1.5848519999999999
0
LINE
8
Edge.Cuts
6
CONTINUOUS
10
79.6463289999999944
20
1.5848519999999999
11
79.6519339999999971
21
1.585618
0
LINE
8
Edge.Cuts
6
CONTINUOUS
10
79.6519339999999971
20
1.585618
11
79.6575419999999923
21
1.586365
0
LINE
8
Edge.Cuts
6
CONTINUOUS
10
79.6575419999999923
20
1.586365
11
79.6631519999999966
21
1.5870919999999999
0
LINE
8
Edge.Cuts
6
CONTINUOUS
10
79.6631519999999966
20
1.5870919999999999
11
79.6687649999999934
21
1.587799
0
LINE
8
Edge.Cuts
6
CONTINUOUS
10
79.6687649999999934
20
1.587799
11
79.6743799999999993
21
1.588487
0
LINE
8
Edge.Cuts
6
CONTINUOUS
10
79.6743799999999993
20
1.588487
11
79.6799979999999977
21
1.589154
0
LINE
8
Edge.Cuts
6
CONTINUOUS
10
79.6799979999999977
20
1.589154
11
79.685617999999991
21
1.5898019999999999
0
LINE
8
Edge.Cuts
6
CONTINUOUS
10
79.685617999999991
20
1.5898019999999999
11
79.6912399999999934
21
1.59043
0
LINE
8
Edge.Cuts
6
CONTINUOUS
10
79.6912399999999934
20
1.59043
11
79.6968650000000025
21
1.591038
0
LINE
8
Edge.Cuts
6
CONTINUOUS
10
79.6968650000000025
20
1.591038
11
79.7024909999999949
21
1.591626
0
LINE
8
Edge.Cuts
6
CONTINUOUS
10
79.7024909999999949
20
1.591626
11
79.7081199999999939
21
1.5921939999999999
0
LINE
8
Edge.Cuts
6
CONTINUOUS
10
79.7081199999999939
20
1.5921939999999999
11
79.713751000000002
21
1.5927419999999999
0
LINE
8
Edge.Cuts
6
CONTINUOUS
10
79.713751000000002
20
1.5927419999999999
11
79.7193829999999934
21
1.59327
0
LINE
8
Edge.Cuts
6
CONTINUOUS
10
79.7193829999999934
20
1.59327
11
79.7250179999999915
21
1.5937789999999998
0
LINE
8
Edge.Cuts
6
CONTINUOUS
10
79.7250179999999915
20
1.5937789999999998
11
79.7306540000000012
21
1.5942669999999999
0
LINE
8
Edge.Cuts
6
CONTINUOUS
10
79.7306540000000012
20
1.5942669999999999
11
79.7362919999999917
21
1.5947359999999999
0
LINE
8
Edge.Cuts
6
CONTINUOUS
10
79.7362919999999917
20
1.5947359999999999
11
79.7419309999999939
21
1.5951839999999999
0
LINE
8
Edge.Cuts
6
CONTINUOUS
10
79.7419309999999939
20
1.5951839999999999
11
79.747571999999991
21
1.5956129999999999
0
LINE
8
Edge.Cuts
6
CONTINUOUS
10
79.747571999999991
20
1.5956129999999999
11
79.7532149999999973
21
1.5960219999999998
0
LINE
8
Edge.Cuts
6
CONTINUOUS
10
79.7532149999999973
20
1.5960219999999998
11
79.7588590000000011
21
1.5964099999999999
0
LINE
8
Edge.Cuts
6
CONTINUOUS
10
79.7588590000000011
20
1.5964099999999999
11
79.7645040000000023
21
1.5967789999999999
0
LINE
8
Edge.Cuts
6
CONTINUOUS
10
79.7645040000000023
20
1.5967789999999999
11
79.770150000000001
21
1.5971279999999999
0
LINE
8
Edge.Cuts
6
CONTINUOUS
10
79.770150000000001
20
1.5971279999999999
11
79.7757979999999947
21
1.5974569999999999
0
LINE
8
Edge.Cuts
6
CONTINUOUS
10
79.7757979999999947
20
1.5974569999999999
11
79.781447
21
1.597766
0
LINE
8
Edge.Cuts
6
CONTINUOUS
10
79.781447
20
1.597766
11
79.7870970000000028
21
1.598055
0
LINE
8
Edge.Cuts
6
CONTINUOUS
10
79.7870970000000028
20
1.598055
11
79.7927480000000031
21
1.5983229999999999
0
LINE
8
Edge.Cuts
6
CONTINUOUS
10
79.7927480000000031
20
1.5983229999999999
11
79.7984000000000009
21
1.5985719999999999
0
LINE
8
Edge.Cuts
6
CONTINUOUS
10
79.7984000000000009
20
1.5985719999999999
11
79.8040529999999961
21
1.5988009999999999
0
LINE
8
Edge.Cuts
6
CONTINUOUS
10
79.8040529999999961
20
1.5988009999999999
11
79.8097070000000031
21
1.5990099999999998
0
LINE
8
Edge.Cuts
6
CONTINUOUS
10
79.8097070000000031
20
1.5990099999999998
11
79.8153609999999958
21
1.599199
0
LINE
8
Edge.Cuts
6
CONTINUOUS
10
79.8153609999999958
20
1.599199
11
79.8210160000000002
21
1.5993679999999999
0
LINE
8
Edge.Cuts
6
CONTINUOUS
10
79.8210160000000002
20
1.5993679999999999
11
79.8266709999999904
21
1.5995169999999999
0
LINE
8
Edge.Cuts
6
CONTINUOUS
10
79.8266709999999904
20
1.5995169999999999
11
79.8323279999999897
21
1.5996459999999999
0
LINE
8
Edge.Cuts
6
CONTINUOUS
10
79.8323279999999897
20
1.5996459999999999
11
79.8379839999999916
21
1.599755
0
LINE
8
Edge.Cuts
6
CONTINUOUS
10
79.8379839999999916
20
1.599755
11
79.843640999999991
21
1.5998439999999998
0
LINE
8
Edge.Cuts
6
CONTINUOUS
10
79.843640999999991
20
1.5998439999999998
11
79.8492979999999903
21
1.5999129999999999
0
LINE
8
Edge.Cuts
6
CONTINUOUS
10
79.8492979999999903
20
1.5999129999999999
11
79.8549560000000014
21
1.5999619999999999
0
LINE
8
Edge.Cuts
6
CONTINUOUS
10
79.8549560000000014
20
1.5999619999999999
11
79.8659749999999917
21
1.5999999999999999
0
LINE
8
Edge.Cuts
6
CONTINUOUS
10
78.4079509999999971
20
0.6589119999999999
11
78.4042749999999984
21
0.650802
0
LINE
8
Edge.Cuts
6
CONTINUOUS
10
78.4042749999999984
20
0.650802
11
78.4005829999999975
21
0.642705
0
LINE
8
Edge.Cuts
6
CONTINUOUS
10
78.4005829999999975
20
0.642705
11
78.396878000000001
21
0.634628
0
LINE
8
Edge.Cuts
6
CONTINUOUS
10
78.396878000000001
20
0.634628
11
78.3931570000000022
21
0.626564
0
LINE
8
Edge.Cuts
6
CONTINUOUS
10
78.3931570000000022
20
0.626564
11
78.3894229999999936
21
0.61852
0
LINE
8
Edge.Cuts
6
CONTINUOUS
10
78.3894229999999936
20
0.61852
11
78.385672999999997
21
0.61049
0
LINE
8
Edge.Cuts
6
CONTINUOUS
10
78.385672999999997
20
0.61049
11
78.3819110000000023
21
0.60248
0
LINE
8
Edge.Cuts
6
CONTINUOUS
10
78.3819110000000023
20
0.60248
11
78.3781329999999912
21
0.594484
0
LINE
8
Edge.Cuts
6
CONTINUOUS
10
78.3781329999999912
20
0.594484
11
78.3743429999999961
21
0.5865079999999999
0
LINE
8
Edge.Cuts
6
CONTINUOUS
10
78.3743429999999961
20
0.5865079999999999
11
78.3705369999999988
21
0.578545
0
LINE
8
Edge.Cuts
6
CONTINUOUS
10
78.3705369999999988
20
0.578545
11
78.3667179999999917
21
0.570603
0
LINE
8
Edge.Cuts
6
CONTINUOUS
10
78.3667179999999917
20
0.570603
11
78.362883999999994
21
0.5626749999999999
0
LINE
8
Edge.Cuts
6
CONTINUOUS
10
78.362883999999994
20
0.5626749999999999
11
78.3590379999999982
21
0.554767
0
LINE
8
Edge.Cuts
6
CONTINUOUS
10
78.3590379999999982
20
0.554767
11
78.3551760000000002
21
0.5468729999999999
0
LINE
8
Edge.Cuts
6
CONTINUOUS
10
78.3551760000000002
20
0.5468729999999999
11
78.3513019999999898
21
0.538999
0
LINE
8
Edge.Cuts
6
CONTINUOUS
10
78.3513019999999898
20
0.538999
11
78.3474119999999914
21
0.531139
0
LINE
8
Edge.Cuts
6
CONTINUOUS
10
78.3474119999999914
20
0.531139
11
78.3435099999999949
21
0.523301
0
LINE
8
Edge.Cuts
6
CONTINUOUS
10
78.3435099999999949
20
0.523301
11
78.3395929999999936
21
0.5154759999999999
0
LINE
8
Edge.Cuts
6
CONTINUOUS
10
78.3395929999999936
20
0.5154759999999999
11
78.3356639999999942
21
0.507671
0
LINE
8
Edge.Cuts
6
CONTINUOUS
10
78.3356639999999942
20
0.507671
11
78.3317189999999925
21
0.499881
0
LINE
8
Edge.Cuts
6
CONTINUOUS
10
78.3317189999999925
20
0.499881
11
78.3277629999999903
21
0.492112
0
LINE
8
Edge.Cuts
6
CONTINUOUS
10
78.3277629999999903
20
0.492112
11
78.3237909999999999
21
0.484356
0
LINE
8
Edge.Cuts
6
CONTINUOUS
10
78.3237909999999999
20
0.484356
11
78.3198079999999948
21
0.476622
0
LINE
8
Edge.Cuts
6
CONTINUOUS
10
78.3198079999999948
20
0.476622
11
78.3158090000000016
21
0.468902
0
LINE
8
Edge.Cuts
6
CONTINUOUS
10
78.3158090000000016
20
0.468902
11
78.3117989999999935
21
0.461203
0
LINE
8
Edge.Cuts
6
CONTINUOUS
10
78.3117989999999935
20
0.461203
11
78.3077739999999949
21
0.453518
0
LINE
8
Edge.Cuts
6
CONTINUOUS
10
78.3077739999999949
20
0.453518
11
78.3037369999999981
21
0.445855
0
LINE
8
Edge.Cuts
6
CONTINUOUS
10
78.3037369999999981
20
0.445855
11
78.2996849999999966
21
0.438205
0
LINE
8
Edge.Cuts
6
CONTINUOUS
10
78.2996849999999966
20
0.438205
11
78.2956219999999945
21
0.430577
0
LINE
8
Edge.Cuts
6
CONTINUOUS
10
78.2956219999999945
20
0.430577
11
78.2915429999999901
21
0.422963
0
LINE
8
Edge.Cuts
6
CONTINUOUS
10
78.2915429999999901
20
0.422963
11
78.2874529999999993
21
0.415371
0
LINE
8
Edge.Cuts
6
CONTINUOUS
10
78.2874529999999993
20
0.415371
11
78.2833490000000012
21
0.407792
0
LINE
8
Edge.Cuts
6
CONTINUOUS
10
78.2833490000000012
20
0.407792
11
78.2792329999999907
21
0.400236
0
LINE
8
Edge.Cuts
6
CONTINUOUS
10
78.2792329999999907
20
0.400236
11
78.2751019999999897
21
0.392693
0
LINE
8
Edge.Cuts
6
CONTINUOUS
10
78.2751019999999897
20
0.392693
11
78.2709609999999998
21
0.385173
0
LINE
8
Edge.Cuts
6
CONTINUOUS
10
78.2709609999999998
20
0.385173
11
78.2668039999999934
21
0.377666
0
LINE
8
Edge.Cuts
6
CONTINUOUS
10
78.2668039999999934
20
0.377666
11
78.2626360000000005
21
0.370182
0
LINE
8
Edge.Cuts
6
CONTINUOUS
10
78.2626360000000005
20
0.370182
11
78.2584540000000004
21
0.362712
0
LINE
8
Edge.Cuts
6
CONTINUOUS
10
78.2584540000000004
20
0.362712
11
78.2542609999999996
21
0.355263
0
LINE
8
Edge.Cuts
6
CONTINUOUS
10
78.2542609999999996
20
0.355263
11
78.2500529999999941
21
0.347829
0
LINE
8
Edge.Cuts
6
CONTINUOUS
10
78.2500529999999941
20
0.347829
11
78.2458349999999996
21
0.340418
0
LINE
8
Edge.Cuts
6
CONTINUOUS
10
78.2458349999999996
20
0.340418
11
78.2416010000000028
21
0.33302
0
LINE
8
Edge.Cuts
6
CONTINUOUS
10
78.2416010000000028
20
0.33302
11
78.2373580000000004
21
0.325645
0
LINE
8
Edge.Cuts
6
CONTINUOUS
10
78.2373580000000004
20
0.325645
11
78.2330989999999957
21
0.318284
0
LINE
8
Edge.Cuts
6
CONTINUOUS
10
78.2330989999999957
20
0.318284
11
78.2288309999999996
21
0.310945
0
LINE
8
Edge.Cuts
6
CONTINUOUS
10
78.2288309999999996
20
0.310945
11
78.2245470000000012
21
0.303621
0
LINE
8
Edge.Cuts
6
CONTINUOUS
10
78.2245470000000012
20
0.303621
11
78.2202539999999971
21
0.296319
0
LINE
8
Edge.Cuts
6
CONTINUOUS
10
78.2202539999999971
20
0.296319
11
78.2159449999999907
21
0.289032
0
LINE
8
Edge.Cuts
6
CONTINUOUS
10
78.2159449999999907
20
0.289032
11
78.2116269999999929
21
0.281767
0
LINE
8
Edge.Cuts
6
CONTINUOUS
10
78.2116269999999929
20
0.281767
11
78.2072939999999903
21
0.274516
0
LINE
8
Edge.Cuts
6
CONTINUOUS
10
78.2072939999999903
20
0.274516
11
78.2029509999999988
21
0.267288
0
LINE
8
Edge.Cuts
6
CONTINUOUS
10
78.2029509999999988
20
0.267288
11
78.1985939999999999
21
0.260075
0
LINE
8
Edge.Cuts
6
CONTINUOUS
10
78.1985939999999999
20
0.260075
11
78.1942269999999979
21
0.252884
0
LINE
8
Edge.Cuts
6
CONTINUOUS
10
78.1942269999999979
20
0.252884
11
78.1898449999999912
21
0.245708
0
LINE
8
Edge.Cuts
6
CONTINUOUS
10
78.1898449999999912
20
0.245708
11
78.1845699999999937
21
0.237119
0
LINE
8
Edge.Cuts
6
CONTINUOUS
10
78.1845699999999937
20
0.237119
11
78.1801579999999916
21
0.229978
0
LINE
8
Edge.Cuts
6
CONTINUOUS
10
78.1801579999999916
20
0.229978
11
78.1757339999999914
21
0.222854
0
LINE
8
Edge.Cuts
6
CONTINUOUS
10
78.1757339999999914
20
0.222854
11
78.1712989999999905
21
0.215752
0
LINE
8
Edge.Cuts
6
CONTINUOUS
10
78.1712989999999905
20
0.215752
11
78.1668509999999941
21
0.208667
0
LINE
8
Edge.Cuts
6
CONTINUOUS
10
78.1668509999999941
20
0.208667
11
78.1623939999999919
21
0.201603
0
LINE
8
Edge.Cuts
6
CONTINUOUS
10
78.1623939999999919
20
0.201603
11
78.1579229999999967
21
0.194557
0
LINE
8
Edge.Cuts
6
CONTINUOUS
10
78.1579229999999967
20
0.194557
11
78.1534429999999958
21
0.187533
0
LINE
8
Edge.Cuts
6
CONTINUOUS
10
78.1534429999999958
20
0.187533
11
78.1489499999999992
21
0.180526
0
LINE
8
Edge.Cuts
6
CONTINUOUS
10
78.1489499999999992
20
0.180526
11
78.1444469999999995
21
0.17354
0
LINE
8
Edge.Cuts
6
CONTINUOUS
10
78.1444469999999995
20
0.17354
11
78.1399320000000017
21
0.166572
0
LINE
8
Edge.Cuts
6
CONTINUOUS
10
78.1399320000000017
20
0.166572
11
78.1354070000000007
21
0.159626
0
LINE
8
Edge.Cuts
6
CONTINUOUS
10
78.1354070000000007
20
0.159626
11
78.1308689999999899
21
0.152697
0
LINE
8
Edge.Cuts
6
CONTINUOUS
10
78.1308689999999899
20
0.152697
11
78.1263220000000018
21
0.14579
0
LINE
8
Edge.Cuts
6
CONTINUOUS
10
78.1263220000000018
20
0.14579
11
78.1217619999999897
21
0.1389
0
LINE
8
Edge.Cuts
6
CONTINUOUS
10
78.1217619999999897
20
0.1389
11
78.1171920000000028
21
0.132032
0
LINE
8
Edge.Cuts
6
CONTINUOUS
10
78.1171920000000028
20
0.132032
11
78.1126110000000011
21
0.125182
0
LINE
8
Edge.Cuts
6
CONTINUOUS
10
78.1126110000000011
20
0.125182
11
78.1080199999999962
21
0.118354
0
LINE
8
Edge.Cuts
6
CONTINUOUS
10
78.1080199999999962
20
0.118354
11
78.1034159999999957
21
0.111543
0
LINE
8
Edge.Cuts
6
CONTINUOUS
10
78.1034159999999957
20
0.111543
11
78.0988029999999895
21
0.104753
0
LINE
8
Edge.Cuts
6
CONTINUOUS
10
78.0988029999999895
20
0.104753
11
78.0941779999999994
21
0.097982
0
LINE
8
Edge.Cuts
6
CONTINUOUS
10
78.0941779999999994
20
0.097982
11
78.0895439999999894
21
0.091232
0
LINE
8
Edge.Cuts
6
CONTINUOUS
10
78.0895439999999894
20
0.091232
11
78.084896999999998
21
0.0845
0
LINE
8
Edge.Cuts
6
CONTINUOUS
10
78.084896999999998
20
0.0845
11
78.0802419999999984
21
0.07779
0
LINE
8
Edge.Cuts
6
CONTINUOUS
10
78.0802419999999984
20
0.07779
11
78.0755740000000031
21
0.071098
0
LINE
8
Edge.Cuts
6
CONTINUOUS
10
78.0755740000000031
20
0.071098
11
78.0708970000000022
21
0.064427
0
LINE
8
Edge.Cuts
6
CONTINUOUS
10
78.0708970000000022
20
0.064427
11
78.0662080000000032
21
0.057774
0
LINE
8
Edge.Cuts
6
CONTINUOUS
10
78.0662080000000032
20
0.057774
11
78.0615099999999984
21
0.051144
0
LINE
8
Edge.Cuts
6
CONTINUOUS
10
78.0615099999999984
20
0.051144
11
78.056800999999993
21
0.044531
0
LINE
8
Edge.Cuts
6
CONTINUOUS
10
78.056800999999993
20
0.044531
11
78.0520819999999986
21
0.03794
0
LINE
8
Edge.Cuts
6
CONTINUOUS
10
78.0520819999999986
20
0.03794
11
78.0473509999999919
21
0.031366
0
LINE
8
Edge.Cuts
6
CONTINUOUS
10
78.0473509999999919
20
0.031366
11
78.0426119999999912
21
0.024815
0
LINE
8
Edge.Cuts
6
CONTINUOUS
10
78.0426119999999912
20
0.024815
11
78.0378609999999924
21
0.018282
0
LINE
8
Edge.Cuts
6
CONTINUOUS
10
78.0378609999999924
20
0.018282
11
78.033101000000002
21
0.01177
0
LINE
8
Edge.Cuts
6
CONTINUOUS
10
78.033101000000002
20
0.01177
11
78.0283299999999969
21
0.005277
0
LINE
8
Edge.Cuts
6
CONTINUOUS
10
78.0283299999999969
20
0.005277
11
78.0235500000000002
21
-0.001194
0
LINE
8
Edge.Cuts
6
CONTINUOUS
10
78.0235500000000002
20
-0.001194
11
78.0187579999999912
21
-0.007648
0
LINE
8
Edge.Cuts
6
CONTINUOUS
10
78.0187579999999912
20
-0.007648
11
78.0139580000000024
21
-0.014079
0
LINE
8
Edge.Cuts
6
CONTINUOUS
10
78.0139580000000024
20
-0.014079
11
78.0091460000000012
21
-0.020493
0
LINE
8
Edge.Cuts
6
CONTINUOUS
10
78.0091460000000012
20
-0.020493
11
78.0043259999999918
21
-0.026884
0
LINE
8
Edge.Cuts
6
CONTINUOUS
10
78.0043259999999918
20
-0.026884
11
77.9994939999999986
21
-0.033258
0
LINE
8
Edge.Cuts
6
CONTINUOUS
10
77.9994939999999986
20
-0.033258
11
77.994653999999997
21
-0.039609
0
LINE
8
Edge.Cuts
6
CONTINUOUS
10
77.994653999999997
20
-0.039609
11
77.9898019999999974
21
-0.045942
0
LINE
8
Edge.Cuts
6
CONTINUOUS
10
77.9898019999999974
20
-0.045942
11
77.9849430000000012
21
-0.052253
0
LINE
8
Edge.Cuts
6
CONTINUOUS
10
77.9849430000000012
20
-0.052253
11
77.9800719999999927
21
-0.058546
0
LINE
8
Edge.Cuts
6
CONTINUOUS
10
77.9800719999999927
20
-0.058546
11
77.9751919999999927
21
-0.064817
0
LINE
8
Edge.Cuts
6
CONTINUOUS
10
77.9751919999999927
20
-0.064817
11
77.9703019999999896
21
-0.07107
0
LINE
8
Edge.Cuts
6
CONTINUOUS
10
77.9703019999999896
20
-0.07107
11
77.9654029999999949
21
-0.077301
0
LINE
8
Edge.Cuts
6
CONTINUOUS
10
77.9654029999999949
20
-0.077301
11
77.9604939999999971
21
-0.083513
0
LINE
8
Edge.Cuts
6
CONTINUOUS
10
77.9604939999999971
20
-0.083513
11
77.9555759999999935
21
-0.089703
0
LINE
8
Edge.Cuts
6
CONTINUOUS
10
77.9555759999999935
20
-0.089703
11
77.9506470000000036
21
-0.095876
0
LINE
8
Edge.Cuts
6
CONTINUOUS
10
77.9506470000000036
20
-0.095876
11
77.9457110000000029
21
-0.102025
0
LINE
8
Edge.Cuts
6
CONTINUOUS
10
77.9457110000000029
20
-0.102025
11
77.9407629999999898
21
-0.108157
0
LINE
8
Edge.Cuts
6
CONTINUOUS
10
77.9407629999999898
20
-0.108157
11
77.9358079999999944
21
-0.114267
0
LINE
8
Edge.Cuts
6
CONTINUOUS
10
77.9358079999999944
20
-0.114267
11
77.9308410000000009
21
-0.120358
0
LINE
8
Edge.Cuts
6
CONTINUOUS
10
77.9308410000000009
20
-0.120358
11
77.9258669999999967
21
-0.126427
0
LINE
8
Edge.Cuts
6
CONTINUOUS
10
77.9258669999999967
20
-0.126427
11
77.9208819999999918
21
-0.132478
0
LINE
8
Edge.Cuts
6
CONTINUOUS
10
77.9208819999999918
20
-0.132478
11
77.9158889999999928
21
-0.138507
0
LINE
8
Edge.Cuts
6
CONTINUOUS
10
77.9158889999999928
20
-0.138507
11
77.9108859999999908
21
-0.144517
0
LINE
8
Edge.Cuts
6
CONTINUOUS
10
77.9108859999999908
20
-0.144517
11
77.9058749999999947
21
-0.150505
0
LINE
8
Edge.Cuts
6
CONTINUOUS
10
77.9058749999999947
20
-0.150505
11
77.9008529999999979
21
-0.156475
0
LINE
8
Edge.Cuts
6
CONTINUOUS
10
77.9008529999999979
20
-0.156475
11
77.8958239999999904
21
-0.162422
0
LINE
8
Edge.Cuts
6
CONTINUOUS
10
77.8958239999999904
20
-0.162422
11
77.8907839999999965
21
-0.168352
0
LINE
8
Edge.Cuts
6
CONTINUOUS
10
77.8907839999999965
20
-0.168352
11
77.8857369999999918
21
-0.174258
0
LINE
8
Edge.Cuts
6
CONTINUOUS
10
77.8857369999999918
20
-0.174258
11
77.8806790000000007
21
-0.180147
0
LINE
8
Edge.Cuts
6
CONTINUOUS
10
77.8806790000000007
20
-0.180147
11
77.8756139999999988
21
-0.186013
0
LINE
8
Edge.Cuts
6
CONTINUOUS
10
77.8756139999999988
20
-0.186013
11
77.8705389999999937
21
-0.191861
0
LINE
8
Edge.Cuts
6
CONTINUOUS
10
77.8705389999999937
20
-0.191861
11
77.8654559999999947
21
-0.197687
0
LINE
8
Edge.Cuts
6
CONTINUOUS
10
77.8654559999999947
20
-0.197687
11
77.8603629999999924
21
-0.203494
0
LINE
8
Edge.Cuts
6
CONTINUOUS
10
77.8603629999999924
20
-0.203494
11
77.8552629999999937
21
-0.209279
0
LINE
8
Edge.Cuts
6
CONTINUOUS
10
77.8552629999999937
20
-0.209279
11
77.8501519999999942
21
-0.215045
0
LINE
8
Edge.Cuts
6
CONTINUOUS
10
77.8501519999999942
20
-0.215045
11
77.8450339999999983
21
-0.220789
0
LINE
8
Edge.Cuts
6
CONTINUOUS
10
77.8450339999999983
20
-0.220789
11
77.8399059999999992
21
-0.226515
0
LINE
8
Edge.Cuts
6
CONTINUOUS
10
77.8399059999999992
20
-0.226515
11
77.834772000000001
21
-0.232218
0
LINE
8
Edge.Cuts
6
CONTINUOUS
10
77.834772000000001
20
-0.232218
11
77.8296259999999904
21
-0.237903
0
LINE
8
Edge.Cuts
6
CONTINUOUS
10
77.8296259999999904
20
-0.237903
11
77.8244749999999925
21
-0.243566
0
LINE
8
Edge.Cuts
6
CONTINUOUS
10
77.8244749999999925
20
-0.243566
11
77.8193119999999965
21
-0.24921
0
LINE
8
Edge.Cuts
6
CONTINUOUS
10
77.8193119999999965
20
-0.24921
11
77.8141439999999989
21
-0.254831
0
LINE
8
Edge.Cuts
6
CONTINUOUS
10
77.8141439999999989
20
-0.254831
11
77.8089650000000006
21
-0.260435
0
LINE
8
Edge.Cuts
6
CONTINUOUS
10
77.8089650000000006
20
-0.260435
11
77.8037800000000033
21
-0.266015
0
LINE
8
Edge.Cuts
6
CONTINUOUS
10
77.8037800000000033
20
-0.266015
11
77.7985839999999911
21
-0.271578
0
LINE
8
Edge.Cuts
6
CONTINUOUS
10
77.7985839999999911
20
-0.271578
11
77.793381999999994
21
-0.277118
0
LINE
8
Edge.Cuts
6
CONTINUOUS
10
77.793381999999994
20
-0.277118
11
77.7881699999999938
21
-0.282639
0
LINE
8
Edge.Cuts
6
CONTINUOUS
10
77.7881699999999938
20
-0.282639
11
77.7829509999999971
21
-0.288138
0
LINE
8
Edge.Cuts
6
CONTINUOUS
10
77.7829509999999971
20
-0.288138
11
77.7777229999999946
21
-0.293619
0
LINE
8
Edge.Cuts
6
CONTINUOUS
10
77.7777229999999946
20
-0.293619
11
77.7724879999999956
21
-0.299077
0
LINE
8
Edge.Cuts
6
CONTINUOUS
10
77.7724879999999956
20
-0.299077
11
77.7672429999999935
21
-0.304516
0
LINE
8
Edge.Cuts
6
CONTINUOUS
10
77.7672429999999935
20
-0.304516
11
77.7619929999999897
21
-0.309933
0
LINE
8
Edge.Cuts
6
CONTINUOUS
10
77.7619929999999897
20
-0.309933
11
77.7567319999999995
21
-0.315332
0
LINE
8
Edge.Cuts
6
CONTINUOUS
10
77.7567319999999995
20
-0.315332
11
77.7514649999999961
21
-0.320708
0
LINE
8
Edge.Cuts
6
CONTINUOUS
10
77.7514649999999961
20
-0.320708
11
77.7461879999999894
21
-0.326066
0
LINE
8
Edge.Cuts
6
CONTINUOUS
10
77.7461879999999894
20
-0.326066
11
77.7409059999999954
21
-0.331401
0
LINE
8
Edge.Cuts
6
CONTINUOUS
10
77.7409059999999954
20
-0.331401
11
77.7356130000000007
21
-0.336718
0
LINE
8
Edge.Cuts
6
CONTINUOUS
10
77.7356130000000007
20
-0.336718
11
77.7303149999999903
21
-0.342012
0
LINE
8
Edge.Cuts
6
CONTINUOUS
10
77.7303149999999903
20
-0.342012
11
77.7250069999999909
21
-0.347288
0
LINE
8
Edge.Cuts
6
CONTINUOUS
10
77.7250069999999909
20
-0.347288
11
77.7196929999999924
21
-0.352541
0
LINE
8
Edge.Cuts
6
CONTINUOUS
10
77.7196929999999924
20
-0.352541
11
77.7143700000000024
21
-0.357775
0
LINE
8
Edge.Cuts
6
CONTINUOUS
10
77.7143700000000024
20
-0.357775
11
77.7090409999999991
21
-0.362987
0
LINE
8
Edge.Cuts
6
CONTINUOUS
10
77.7090409999999991
20
-0.362987
11
77.7037019999999927
21
-0.368181
0
LINE
8
Edge.Cuts
6
CONTINUOUS
10
77.7037019999999927
20
-0.368181
11
77.6983570000000014
21
-0.373352
0
LINE
8
Edge.Cuts
6
CONTINUOUS
10
77.6983570000000014
20
-0.373352
11
77.6930029999999903
21
-0.378505
0
LINE
8
Edge.Cuts
6
CONTINUOUS
10
77.6930029999999903
20
-0.378505
11
77.6876439999999917
21
-0.383635
0
LINE
8
Edge.Cuts
6
CONTINUOUS
10
77.6876439999999917
20
-0.383635
11
77.68227499999999
21
-0.388746
0
LINE
8
Edge.Cuts
6
CONTINUOUS
10
77.68227499999999
20
-0.388746
11
77.6769010000000009
21
-0.393835
0
LINE
8
Edge.Cuts
6
CONTINUOUS
10
77.6769010000000009
20
-0.393835
11
77.6715169999999944
21
-0.398906
0
LINE
8
Edge.Cuts
6
CONTINUOUS
10
77.6715169999999944
20
-0.398906
11
77.6661280000000005
21
-0.403953
0
LINE
8
Edge.Cuts
6
CONTINUOUS
10
77.6661280000000005
20
-0.403953
11
77.6607290000000035
21
-0.408983
0
LINE
8
Edge.Cuts
6
CONTINUOUS
10
77.6607290000000035
20
-0.408983
11
77.6553249999999906
21
-0.41399
0
LINE
8
Edge.Cuts
6
CONTINUOUS
10
77.6553249999999906
20
-0.41399
11
77.6499120000000005
21
-0.418978
0
LINE
8
Edge.Cuts
6
CONTINUOUS
10
77.6499120000000005
20
-0.418978
11
77.6444939999999946
21
-0.423944
0
LINE
8
Edge.Cuts
6
CONTINUOUS
10
77.6444939999999946
20
-0.423944
11
77.6390659999999997
21
-0.428891
0
LINE
8
Edge.Cuts
6
CONTINUOUS
10
77.6390659999999997
20
-0.428891
11
77.6336340000000007
21
-0.433816
0
LINE
8
Edge.Cuts
6
CONTINUOUS
10
77.6336340000000007
20
-0.433816
11
77.6281919999999985
21
-0.438722
0
LINE
8
Edge.Cuts
6
CONTINUOUS
10
77.6281919999999985
20
-0.438722
11
77.6227449999999948
21
-0.443605
0
LINE
8
Edge.Cuts
6
CONTINUOUS
10
77.6227449999999948
20
-0.443605
11
77.6172889999999995
21
-0.44847
0
LINE
8
Edge.Cuts
6
CONTINUOUS
10
77.6172889999999995
20
-0.44847
11
77.6118280000000027
21
-0.453313
0
LINE
8
Edge.Cuts
6
CONTINUOUS
10
77.6118280000000027
20
-0.453313
11
77.6063580000000002
21
-0.458137
0
LINE
8
Edge.Cuts
6
CONTINUOUS
10
77.6063580000000002
20
-0.458137
11
77.6008829999999961
21
-0.462938
0
LINE
8
Edge.Cuts
6
CONTINUOUS
10
77.6008829999999961
20
-0.462938
11
77.5953999999999979
21
-0.467721
0
LINE
8
Edge.Cuts
6
CONTINUOUS
10
77.5953999999999979
20
-0.467721
11
77.5899110000000007
21
-0.472481
0
LINE
8
Edge.Cuts
6
CONTINUOUS
10
77.5899110000000007
20
-0.472481
11
77.5844129999999979
21
-0.477223
0
LINE
8
Edge.Cuts
6
CONTINUOUS
10
77.5844129999999979
20
-0.477223
11
77.5789109999999908
21
-0.481942
0
LINE
8
Edge.Cuts
6
CONTINUOUS
10
77.5789109999999908
20
-0.481942
11
77.5733999999999924
21
-0.486643
0
LINE
8
Edge.Cuts
6
CONTINUOUS
10
77.5733999999999924
20
-0.486643
11
77.5678839999999923
21
-0.491321
0
LINE
8
Edge.Cuts
6
CONTINUOUS
10
77.5678839999999923
20
-0.491321
11
77.5623590000000007
21
-0.495981
0
LINE
8
Edge.Cuts
6
CONTINUOUS
10
77.5623590000000007
20
-0.495981
11
77.5568299999999908
21
-0.500618
0
LINE
8
Edge.Cuts
6
CONTINUOUS
10
77.5568299999999908
20
-0.500618
11
77.5512919999999895
21
-0.505236
0
LINE
8
Edge.Cuts
6
CONTINUOUS
10
77.5512919999999895
20
-0.505236
11
77.5457499999999982
21
-0.509832
0
LINE
8
Edge.Cuts
6
CONTINUOUS
10
77.5457499999999982
20
-0.509832
11
77.5401990000000012
21
-0.514409
0
LINE
8
Edge.Cuts
6
CONTINUOUS
10
77.5401990000000012
20
-0.514409
11
77.5346430000000026
21
-0.518964
0
LINE
8
Edge.Cuts
6
CONTINUOUS
10
77.5346430000000026
20
-0.518964
11
77.5290789999999959
21
-0.523501
0
LINE
8
Edge.Cuts
6
CONTINUOUS
10
77.5290789999999959
20
-0.523501
11
77.5235109999999992
21
-0.528015
0
LINE
8
Edge.Cuts
6
CONTINUOUS
10
77.5235109999999992
20
-0.528015
11
77.5179339999999968
21
-0.5325099999999999
0
LINE
8
Edge.Cuts
6
CONTINUOUS
10
77.5179339999999968
20
-0.5325099999999999
11
77.5123519999999928
21
-0.536983
0
LINE
8
Edge.Cuts
6
CONTINUOUS
10
77.5123519999999928
20
-0.536983
11
77.5067619999999948
21
-0.5414369999999999
0
LINE
8
Edge.Cuts
6
CONTINUOUS
10
77.5067619999999948
20
-0.5414369999999999
11
77.5011679999999927
21
-0.5458689999999999
0
LINE
8
Edge.Cuts
6
CONTINUOUS
10
77.5011679999999927
20
-0.5458689999999999
11
77.4955659999999966
21
-0.5502819999999999
0
LINE
8
Edge.Cuts
6
CONTINUOUS
10
77.4955659999999966
20
-0.5502819999999999
11
77.4899589999999989
21
-0.5546719999999999
0
LINE
8
Edge.Cuts
6
CONTINUOUS
10
77.4899589999999989
20
-0.5546719999999999
11
77.484343999999993
21
-0.559045
0
LINE
8
Edge.Cuts
6
CONTINUOUS
10
77.484343999999993
20
-0.559045
11
77.4787249999999972
21
-0.563394
0
LINE
8
Edge.Cuts
6
CONTINUOUS
10
77.4787249999999972
20
-0.563394
11
77.4730969999999957
21
-0.5677249999999999
0
LINE
8
Edge.Cuts
6
CONTINUOUS
10
77.4730969999999957
20
-0.5677249999999999
11
77.4674660000000017
21
-0.5720339999999999
0
LINE
8
Edge.Cuts
6
CONTINUOUS
10
77.4674660000000017
20
-0.5720339999999999
11
77.4618260000000021
21
-0.5763239999999999
0
LINE
8
Edge.Cuts
6
CONTINUOUS
10
77.4618260000000021
20
-0.5763239999999999
11
77.4561819999999983
21
-0.580592
0
LINE
8
Edge.Cuts
6
CONTINUOUS
10
77.4561819999999983
20
-0.580592
11
77.4505300000000005
21
-0.5848409999999999
0
LINE
8
Edge.Cuts
6
CONTINUOUS
10
77.4505300000000005
20
-0.5848409999999999
11
77.4448749999999961
21
-0.589067
0
LINE
8
Edge.Cuts
6
CONTINUOUS
10
77.4448749999999961
20
-0.589067
11
77.4392110000000002
21
-0.593276
0
LINE
8
Edge.Cuts
6
CONTINUOUS
10
77.4392110000000002
20
-0.593276
11
77.4335430000000002
21
-0.597461
0
LINE
8
Edge.Cuts
6
CONTINUOUS
10
77.4335430000000002
20
-0.597461
11
77.427866999999992
21
-0.6016279999999999
0
LINE
8
Edge.Cuts
6
CONTINUOUS
10
77.427866999999992
20
-0.6016279999999999
11
77.4246389999999991
21
-0.6039869999999999
0
LINE
8
Edge.Cuts
6
CONTINUOUS
10
77.4246389999999991
20
-0.6039869999999999
11
77.418965
21
-0.6081139999999999
0
LINE
8
Edge.Cuts
6
CONTINUOUS
10
77.418965
20
-0.6081139999999999
11
77.4132800000000003
21
-0.612224
0
LINE
8
Edge.Cuts
6
CONTINUOUS
10
77.4132800000000003
20
-0.612224
11
77.4075940000000031
21
-0.61631
0
LINE
8
Edge.Cuts
6
CONTINUOUS
10
77.4075940000000031
20
-0.61631
11
77.4018980000000028
21
-0.620378
0
LINE
8
Edge.Cuts
6
CONTINUOUS
10
77.4018980000000028
20
-0.620378
11
77.3962009999999907
21
-0.624423
0
LINE
8
Edge.Cuts
6
CONTINUOUS
10
77.3962009999999907
20
-0.624423
11
77.3904939999999897
21
-0.62845
0
LINE
8
Edge.Cuts
6
CONTINUOUS
10
77.3904939999999897
20
-0.62845
11
77.3847859999999912
21
-0.6324529999999999
0
LINE
8
Edge.Cuts
6
CONTINUOUS
10
77.3847859999999912
20
-0.6324529999999999
11
77.3790679999999895
21
-0.636439
0
LINE
8
Edge.Cuts
6
CONTINUOUS
10
77.3790679999999895
20
-0.636439
11
77.3733489999999904
21
-0.640401
0
LINE
8
Edge.Cuts
6
CONTINUOUS
10
77.3733489999999904
20
-0.640401
11
77.3676209999999998
21
-0.644346
0
LINE
8
Edge.Cuts
6
CONTINUOUS
10
77.3676209999999998
20
-0.644346
11
77.361891
21
-0.648266
0
LINE
8
Edge.Cuts
6
CONTINUOUS
10
77.361891
20
-0.648266
11
77.3561519999999945
21
-0.652169
0
LINE
8
Edge.Cuts
6
CONTINUOUS
10
77.3561519999999945
20
-0.652169
11
77.3504130000000032
21
-0.656048
0
LINE
8
Edge.Cuts
6
CONTINUOUS
10
77.3504130000000032
20
-0.656048
11
77.3446629999999971
21
-0.65991
0
LINE
8
Edge.Cuts
6
CONTINUOUS
10
77.3446629999999971
20
-0.65991
11
77.3389140000000026
21
-0.663747
0
LINE
8
Edge.Cuts
6
CONTINUOUS
10
77.3389140000000026
20
-0.663747
11
77.3331539999999933
21
-0.6675679999999999
0
LINE
8
Edge.Cuts
6
CONTINUOUS
10
77.3331539999999933
20
-0.6675679999999999
11
77.3273949999999957
21
-0.671364
0
LINE
8
Edge.Cuts
6
CONTINUOUS
10
77.3273949999999957
20
-0.671364
11
77.3216249999999974
21
-0.6751429999999999
0
LINE
8
Edge.Cuts
6
CONTINUOUS
10
77.3216249999999974
20
-0.6751429999999999
11
77.3158559999999966
21
-0.678898
0
LINE
8
Edge.Cuts
6
CONTINUOUS
10
77.3158559999999966
20
-0.678898
11
77.3100759999999951
21
-0.682635
0
LINE
8
Edge.Cuts
6
CONTINUOUS
10
77.3100759999999951
20
-0.682635
11
77.3042969999999912
21
-0.686348
0
LINE
8
Edge.Cuts
6
CONTINUOUS
10
77.3042969999999912
20
-0.686348
11
77.2985079999999982
21
-0.690044
0
LINE
8
Edge.Cuts
6
CONTINUOUS
10
77.2985079999999982
20
-0.690044
11
77.2927200000000028
21
-0.693716
0
LINE
8
Edge.Cuts
6
CONTINUOUS
10
77.2927200000000028
20
-0.693716
11
77.2869209999999924
21
-0.697371
0
LINE
8
Edge.Cuts
6
CONTINUOUS
10
77.2869209999999924
20
-0.697371
11
77.2811229999999938
21
-0.701001
0
LINE
8
Edge.Cuts
6
CONTINUOUS
10
77.2811229999999938
20
-0.701001
11
77.275314999999992
21
-0.704614
0
LINE
8
Edge.Cuts
6
CONTINUOUS
10
77.275314999999992
20
-0.704614
11
77.2695080000000019
21
-0.7082029999999999
0
LINE
8
Edge.Cuts
6
CONTINUOUS
10
77.2695080000000019
20
-0.7082029999999999
11
77.2636909999999943
21
-0.7117749999999999
0
LINE
8
Edge.Cuts
6
CONTINUOUS
10
77.2636909999999943
20
-0.7117749999999999
11
77.2578749999999985
21
-0.715322
0
LINE
8
Edge.Cuts
6
CONTINUOUS
10
77.2578749999999985
20
-0.715322
11
77.2520489999999995
21
-0.7188519999999999
0
LINE
8
Edge.Cuts
6
CONTINUOUS
10
77.2520489999999995
20
-0.7188519999999999
11
77.246223999999998
21
-0.7223579999999999
0
LINE
8
Edge.Cuts
6
CONTINUOUS
10
77.246223999999998
20
-0.7223579999999999
11
77.2403889999999933
21
-0.725847
0
LINE
8
Edge.Cuts
6
CONTINUOUS
10
77.2403889999999933
20
-0.725847
11
77.2345550000000003
21
-0.729312
0
LINE
8
Edge.Cuts
6
CONTINUOUS
10
77.2345550000000003
20
-0.729312
11
77.2287120000000016
21
-0.7327589999999999
0
LINE
8
Edge.Cuts
6
CONTINUOUS
10
77.2287120000000016
20
-0.7327589999999999
11
77.2228700000000003
21
-0.736182
0
LINE
8
Edge.Cuts
6
CONTINUOUS
10
77.2228700000000003
20
-0.736182
11
77.2170179999999959
21
-0.7395879999999999
0
LINE
8
Edge.Cuts
6
CONTINUOUS
10
77.2170179999999959
20
-0.7395879999999999
11
77.2111670000000032
21
-0.742969
0
LINE
8
Edge.Cuts
6
CONTINUOUS
10
77.2111670000000032
20
-0.742969
11
77.2053059999999931
21
-0.7463339999999999
0
LINE
8
Edge.Cuts
6
CONTINUOUS
10
77.2053059999999931
20
-0.7463339999999999
11
77.1994469999999922
21
-0.749674
0
LINE
8
Edge.Cuts
6
CONTINUOUS
10
77.1994469999999922
20
-0.749674
11
77.1935789999999997
21
-0.7529969999999999
0
LINE
8
Edge.Cuts
6
CONTINUOUS
10
77.1935789999999997
20
-0.7529969999999999
11
77.1877109999999931
21
-0.756296
0
LINE
8
Edge.Cuts
6
CONTINUOUS
10
77.1877109999999931
20
-0.756296
11
77.1818339999999949
21
-0.7595769999999999
0
LINE
8
Edge.Cuts
6
CONTINUOUS
10
77.1818339999999949
20
-0.7595769999999999
11
77.1759589999999918
21
-0.7628349999999999
0
LINE
8
Edge.Cuts
6
CONTINUOUS
10
77.1759589999999918
20
-0.7628349999999999
11
77.1700739999999996
21
-0.766075
0
LINE
8
Edge.Cuts
6
CONTINUOUS
10
77.1700739999999996
20
-0.766075
11
77.1641910000000024
21
-0.7692909999999999
0
LINE
8
Edge.Cuts
6
CONTINUOUS
10
77.1641910000000024
20
-0.7692909999999999
11
77.158298000000002
21
-0.77249
0
LINE
8
Edge.Cuts
6
CONTINUOUS
10
77.158298000000002
20
-0.77249
11
77.1524069999999966
21
-0.7756649999999999
0
LINE
8
Edge.Cuts
6
CONTINUOUS
10
77.1524069999999966
20
-0.7756649999999999
11
77.1465069999999997
21
-0.778822
0
LINE
8
Edge.Cuts
6
CONTINUOUS
10
77.1465069999999997
20
-0.778822
11
77.1406080000000003
21
-0.781955
0
LINE
8
Edge.Cuts
6
CONTINUOUS
10
77.1406080000000003
20
-0.781955
11
77.1346999999999952
21
-0.785071
0
LINE
8
Edge.Cuts
6
CONTINUOUS
10
77.1346999999999952
20
-0.785071
11
77.1287939999999992
21
-0.788164
0
LINE
8
Edge.Cuts
6
CONTINUOUS
10
77.1287939999999992
20
-0.788164
11
77.1228789999999975
21
-0.791238
0
LINE
8
Edge.Cuts
6
CONTINUOUS
10
77.1228789999999975
20
-0.791238
11
77.1169649999999933
21
-0.7942889999999999
0
LINE
8
Edge.Cuts
6
CONTINUOUS
10
77.1169649999999933
20
-0.7942889999999999
11
77.1110419999999976
21
-0.797322
0
LINE
8
Edge.Cuts
6
CONTINUOUS
10
77.1110419999999976
20
-0.797322
11
77.1051209999999969
21
-0.8003319999999999
0
LINE
8
Edge.Cuts
6
CONTINUOUS
10
77.1051209999999969
20
-0.8003319999999999
11
77.0991909999999905
21
-0.8033239999999999
0
LINE
8
Edge.Cuts
6
CONTINUOUS
10
77.0991909999999905
20
-0.8033239999999999
11
77.0932629999999932
21
-0.806292
0
LINE
8
Edge.Cuts
6
CONTINUOUS
10
77.0932629999999932
20
-0.806292
11
77.0873259999999902
21
-0.8092429999999999
0
LINE
8
Edge.Cuts
6
CONTINUOUS
10
77.0873259999999902
20
-0.8092429999999999
11
77.0813909999999964
21
-0.8121699999999999
0
LINE
8
Edge.Cuts
6
CONTINUOUS
10
77.0813909999999964
20
-0.8121699999999999
11
77.0754469999999969
21
-0.815079
0
LINE
8
Edge.Cuts
6
CONTINUOUS
10
77.0754469999999969
20
-0.815079
11
77.0695049999999924
21
-0.817966
0
LINE
8
Edge.Cuts
6
CONTINUOUS
10
77.0695049999999924
20
-0.817966
11
77.0635539999999963
21
-0.820834
0
LINE
8
Edge.Cuts
6
CONTINUOUS
10
77.0635539999999963
20
-0.820834
11
77.0576049999999952
21
-0.8236789999999999
0
LINE
8
Edge.Cuts
6
CONTINUOUS
10
77.0576049999999952
20
-0.8236789999999999
11
77.0516470000000027
21
-0.8265049999999999
0
LINE
8
Edge.Cuts
6
CONTINUOUS
10
77.0516470000000027
20
-0.8265049999999999
11
77.0456909999999908
21
-0.829309
0
LINE
8
Edge.Cuts
6
CONTINUOUS
10
77.0456909999999908
20
-0.829309
11
77.0397269999999992
21
-0.8320949999999999
0
LINE
8
Edge.Cuts
6
CONTINUOUS
10
77.0397269999999992
20
-0.8320949999999999
11
77.0337650000000025
21
-0.834858
0
LINE
8
Edge.Cuts
6
CONTINUOUS
10
77.0337650000000025
20
-0.834858
11
77.0277940000000001
21
-0.837602
0
LINE
8
Edge.Cuts
6
CONTINUOUS
10
77.0277940000000001
20
-0.837602
11
77.0218249999999927
21
-0.840324
0
LINE
8
Edge.Cuts
6
CONTINUOUS
10
77.0218249999999927
20
-0.840324
11
77.0158479999999912
21
-0.843027
0
LINE
8
Edge.Cuts
6
CONTINUOUS
10
77.0158479999999912
20
-0.843027
11
77.0098720000000014
21
-0.845708
0
LINE
8
Edge.Cuts
6
CONTINUOUS
10
77.0098720000000014
20
-0.845708
11
77.0038890000000009
21
-0.84837
0
LINE
8
Edge.Cuts
6
CONTINUOUS
10
77.0038890000000009
20
-0.84837
11
76.9979069999999979
21
-0.8510099999999999
0
LINE
8
Edge.Cuts
6
CONTINUOUS
10
76.9979069999999979
20
-0.8510099999999999
11
76.9919170000000008
21
-0.8536309999999999
0
LINE
8
Edge.Cuts
6
CONTINUOUS
10
76.9919170000000008
20
-0.8536309999999999
11
76.9859289999999987
21
-0.8562299999999999
0
LINE
8
Edge.Cuts
6
CONTINUOUS
10
76.9859289999999987
20
-0.8562299999999999
11
76.9799330000000026
21
-0.85881
0
LINE
8
Edge.Cuts
6
CONTINUOUS
10
76.9799330000000026
20
-0.85881
11
76.9739390000000014
21
-0.8613679999999999
0
LINE
8
Edge.Cuts
6
CONTINUOUS
10
76.9739390000000014
20
-0.8613679999999999
11
76.9679369999999921
21
-0.863907
0
LINE
8
Edge.Cuts
6
CONTINUOUS
10
76.9679369999999921
20
-0.863907
11
76.9619369999999918
21
-0.866424
0
LINE
8
Edge.Cuts
6
CONTINUOUS
10
76.9619369999999918
20
-0.866424
11
76.9559289999999976
21
-0.868922
0
LINE
8
Edge.Cuts
6
CONTINUOUS
10
76.9559289999999976
20
-0.868922
11
76.9499229999999983
21
-0.871398
0
LINE
8
Edge.Cuts
6
CONTINUOUS
10
76.9499229999999983
20
-0.871398
11
76.9439089999999908
21
-0.873856
0
LINE
8
Edge.Cuts
6
CONTINUOUS
10
76.9439089999999908
20
-0.873856
11
76.9378969999999924
21
-0.8762909999999999
0
LINE
8
Edge.Cuts
6
CONTINUOUS
10
76.9378969999999924
20
-0.8762909999999999
11
76.9318770000000001
21
-0.8787069999999999
0
LINE
8
Edge.Cuts
6
CONTINUOUS
10
76.9318770000000001
20
-0.8787069999999999
11
76.9258590000000027
21
-0.8811009999999999
0
LINE
8
Edge.Cuts
6
CONTINUOUS
10
76.9258590000000027
20
-0.8811009999999999
11
76.9198339999999945
21
-0.883477
0
LINE
8
Edge.Cuts
6
CONTINUOUS
10
76.9198339999999945
20
-0.883477
11
76.913809999999998
21
-0.8858309999999999
0
LINE
8
Edge.Cuts
6
CONTINUOUS
10
76.913809999999998
20
-0.8858309999999999
11
76.9077789999999908
21
-0.888165
0
LINE
8
Edge.Cuts
6
CONTINUOUS
10
76.9077789999999908
20
-0.888165
11
76.9017499999999927
21
-0.890478
0
LINE
8
Edge.Cuts
6
CONTINUOUS
10
76.9017499999999927
20
-0.890478
11
76.8957130000000006
21
-0.892772
0
LINE
8
Edge.Cuts
6
CONTINUOUS
10
76.8957130000000006
20
-0.892772
11
76.8896780000000035
21
-0.895044
0
LINE
8
Edge.Cuts
6
CONTINUOUS
10
76.8896780000000035
20
-0.895044
11
76.8836359999999956
21
-0.897297
0
LINE
8
Edge.Cuts
6
CONTINUOUS
10
76.8836359999999956
20
-0.897297
11
76.8775959999999969
21
-0.8995289999999999
0
LINE
8
Edge.Cuts
6
CONTINUOUS
10
76.8775959999999969
20
-0.8995289999999999
11
76.87154799999999
21
-0.9017409999999999
0
LINE
8
Edge.Cuts
6
CONTINUOUS
10
76.87154799999999
20
-0.9017409999999999
11
76.8655029999999897
21
-0.903932
0
LINE
8
Edge.Cuts
6
CONTINUOUS
10
76.8655029999999897
20
-0.903932
11
76.8594499999999954
21
-0.9061039999999999
0
LINE
8
Edge.Cuts
6
CONTINUOUS
10
76.8594499999999954
20
-0.9061039999999999
11
76.853398999999996
21
-0.908254
0
LINE
8
Edge.Cuts
6
CONTINUOUS
10
76.853398999999996
20
-0.908254
11
76.8473400000000026
21
-0.910385
0
LINE
8
Edge.Cuts
6
CONTINUOUS
10
76.8473400000000026
20
-0.910385
11
76.8412840000000017
21
-0.9124939999999999
0
LINE
8
Edge.Cuts
6
CONTINUOUS
10
76.8412840000000017
20
-0.9124939999999999
11
76.8352199999999925
21
-0.914585
0
LINE
8
Edge.Cuts
6
CONTINUOUS
10
76.8352199999999925
20
-0.914585
11
76.82915899999999
21
-0.916654
0
LINE
8
Edge.Cuts
6
CONTINUOUS
10
76.82915899999999
20
-0.916654
11
76.8230899999999934
21
-0.918704
0
LINE
8
Edge.Cuts
6
CONTINUOUS
10
76.8230899999999934
20
-0.918704
11
76.8170229999999918
21
-0.920732
0
LINE
8
Edge.Cuts
6
CONTINUOUS
10
76.8170229999999918
20
-0.920732
11
76.8109489999999937
21
-0.9227409999999999
0
LINE
8
Edge.Cuts
6
CONTINUOUS
10
76.8109489999999937
20
-0.9227409999999999
11
76.8048780000000022
21
-0.9247289999999999
0
LINE
8
Edge.Cuts
6
CONTINUOUS
10
76.8048780000000022
20
-0.9247289999999999
11
76.7987990000000025
21
-0.9266979999999999
0
LINE
8
Edge.Cuts
6
CONTINUOUS
10
76.7987990000000025
20
-0.9266979999999999
11
76.7927219999999977
21
-0.928646
0
LINE
8
Edge.Cuts
6
CONTINUOUS
10
76.7927219999999977
20
-0.928646
11
76.7866379999999964
21
-0.930574
0
LINE
8
Edge.Cuts
6
CONTINUOUS
10
76.7866379999999964
20
-0.930574
11
76.78055599999999
21
-0.932481
0
LINE
8
Edge.Cuts
6
CONTINUOUS
10
76.78055599999999
20
-0.932481
11
76.7744670000000013
21
-0.934369
0
LINE
8
Edge.Cuts
6
CONTINUOUS
10
76.7744670000000013
20
-0.934369
11
76.7683809999999909
21
-0.9362349999999999
0
LINE
8
Edge.Cuts
6
CONTINUOUS
10
76.7683809999999909
20
-0.9362349999999999
11
76.7622870000000006
21
-0.938083
0
LINE
8
Edge.Cuts
6
CONTINUOUS
10
76.7622870000000006
20
-0.938083
11
76.7561949999999911
21
-0.939909
0
LINE
8
Edge.Cuts
6
CONTINUOUS
10
76.7561949999999911
20
-0.939909
11
76.7500969999999967
21
-0.9417169999999999
0
LINE
8
Edge.Cuts
6
CONTINUOUS
10
76.7500969999999967
20
-0.9417169999999999
11
76.7439999999999998
21
-0.943502
0
LINE
8
Edge.Cuts
6
CONTINUOUS
10
76.7439999999999998
20
-0.943502
11
76.7378969999999896
21
-0.9452689999999999
0
LINE
8
Edge.Cuts
6
CONTINUOUS
10
76.7378969999999896
20
-0.9452689999999999
11
76.7317960000000028
21
-0.9470149999999999
0
LINE
8
Edge.Cuts
6
CONTINUOUS
10
76.7317960000000028
20
-0.9470149999999999
11
76.725687999999991
21
-0.9487409999999999
0
LINE
8
Edge.Cuts
6
CONTINUOUS
10
76.725687999999991
20
-0.9487409999999999
11
76.7195820000000026
21
-0.9504459999999999
0
LINE
8
Edge.Cuts
6
CONTINUOUS
10
76.7195820000000026
20
-0.9504459999999999
11
76.7134690000000035
21
-0.952133
0
LINE
8
Edge.Cuts
6
CONTINUOUS
10
76.7134690000000035
20
-0.952133
11
76.7073579999999993
21
-0.9537979999999999
0
LINE
8
Edge.Cuts
6
CONTINUOUS
10
76.7073579999999993
20
-0.9537979999999999
11
76.701240999999996
21
-0.955444
0
LINE
8
Edge.Cuts
6
CONTINUOUS
10
76.701240999999996
20
-0.955444
11
76.6951249999999902
21
-0.9570689999999999
0
LINE
8
Edge.Cuts
6
CONTINUOUS
10
76.6951249999999902
20
-0.9570689999999999
11
76.6890029999999996
21
-0.9586739999999999
0
LINE
8
Edge.Cuts
6
CONTINUOUS
10
76.6890029999999996
20
-0.9586739999999999
11
76.6828829999999897
21
-0.960259
0
LINE
8
Edge.Cuts
6
CONTINUOUS
10
76.6828829999999897
20
-0.960259
11
76.6767569999999949
21
-0.9618239999999999
0
LINE
8
Edge.Cuts
6
CONTINUOUS
10
76.6767569999999949
20
-0.9618239999999999
11
76.6706319999999977
21
-0.9633689999999999
0
LINE
8
Edge.Cuts
6
CONTINUOUS
10
76.6706319999999977
20
-0.9633689999999999
11
76.6645010000000013
21
-0.9648939999999999
0
LINE
8
Edge.Cuts
6
CONTINUOUS
10
76.6645010000000013
20
-0.9648939999999999
11
76.6536229999999961
21
-0.9675499999999999
0
LINE
8
Edge.Cuts
6
CONTINUOUS
10
76.6536229999999961
20
-0.9675499999999999
11
76.6474999999999937
21
-0.969016
0
LINE
8
Edge.Cuts
6
CONTINUOUS
10
76.6474999999999937
20
-0.969016
11
76.6413749999999965
21
-0.9704619999999999
0
LINE
8
Edge.Cuts
6
CONTINUOUS
10
76.6413749999999965
20
-0.9704619999999999
11
76.6352490000000017
21
-0.971888
0
LINE
8
Edge.Cuts
6
CONTINUOUS
10
76.6352490000000017
20
-0.971888
11
76.6291200000000003
21
-0.973294
0
LINE
8
Edge.Cuts
6
CONTINUOUS
10
76.6291200000000003
20
-0.973294
11
76.622990999999999
21
-0.97468
0
LINE
8
Edge.Cuts
6
CONTINUOUS
10
76.622990999999999
20
-0.97468
11
76.6168589999999909
21
-0.9760449999999999
0
LINE
8
Edge.Cuts
6
CONTINUOUS
10
76.6168589999999909
20
-0.9760449999999999
11
76.6107269999999971
21
-0.977391
0
LINE
8
Edge.Cuts
6
CONTINUOUS
10
76.6107269999999971
20
-0.977391
11
76.6045919999999967
21
-0.9787159999999999
0
LINE
8
Edge.Cuts
6
CONTINUOUS
10
76.6045919999999967
20
-0.9787159999999999
11
76.5984559999999988
21
-0.9800209999999999
0
LINE
8
Edge.Cuts
6
CONTINUOUS
10
76.5984559999999988
20
-0.9800209999999999
11
76.5923179999999917
21
-0.9813059999999999
0
LINE
8
Edge.Cuts
6
CONTINUOUS
10
76.5923179999999917
20
-0.9813059999999999
11
76.5861799999999988
21
-0.982571
0
LINE
8
Edge.Cuts
6
CONTINUOUS
10
76.5861799999999988
20
-0.982571
11
76.5800389999999993
21
-0.9838159999999999
0
LINE
8
Edge.Cuts
6
CONTINUOUS
10
76.5800389999999993
20
-0.9838159999999999
11
76.5738970000000023
21
-0.9850399999999999
0
LINE
8
Edge.Cuts
6
CONTINUOUS
10
76.5738970000000023
20
-0.9850399999999999
11
76.5677539999999937
21
-0.9862449999999999
0
LINE
8
Edge.Cuts
6
CONTINUOUS
10
76.5677539999999937
20
-0.9862449999999999
11
76.5616100000000017
21
-0.987429
0
LINE
8
Edge.Cuts
6
CONTINUOUS
10
76.5616100000000017
20
-0.987429
11
76.5554630000000031
21
-0.988594
0
LINE
8
Edge.Cuts
6
CONTINUOUS
10
76.5554630000000031
20
-0.988594
11
76.5493170000000021
21
-0.989738
0
LINE
8
Edge.Cuts
6
CONTINUOUS
10
76.5493170000000021
20
-0.989738
11
76.5431679999999943
21
-0.9908619999999999
0
LINE
8
Edge.Cuts
6
CONTINUOUS
10
76.5431679999999943
20
-0.9908619999999999
11
76.5370180000000033
21
-0.9919659999999999
0
LINE
8
Edge.Cuts
6
CONTINUOUS
10
76.5370180000000033
20
-0.9919659999999999
11
76.5308670000000006
21
-0.99305
0
LINE
8
Edge.Cuts
6
CONTINUOUS
10
76.5308670000000006
20
-0.99305
11
76.5247150000000005
21
-0.9941129999999999
0
LINE
8
Edge.Cuts
6
CONTINUOUS
10
76.5247150000000005
20
-0.9941129999999999
11
76.5185609999999912
21
-0.995157
0
LINE
8
Edge.Cuts
6
CONTINUOUS
10
76.5185609999999912
20
-0.995157
11
76.5124069999999961
21
-0.996181
0
LINE
8
Edge.Cuts
6
CONTINUOUS
10
76.5124069999999961
20
-0.996181
11
76.5062509999999918
21
-0.997184
0
LINE
8
Edge.Cuts
6
CONTINUOUS
10
76.5062509999999918
20
-0.997184
11
76.50009399999999
21
-0.9981679999999999
0
LINE
8
Edge.Cuts
6
CONTINUOUS
10
76.50009399999999
20
-0.9981679999999999
11
76.4939359999999908
21
-0.999131
0
LINE
8
Edge.Cuts
6
CONTINUOUS
10
76.4939359999999908
20
-0.999131
11
76.4877769999999941
21
-1.0000739999999999
0
LINE
8
Edge.Cuts
6
CONTINUOUS
10
76.4877769999999941
20
-1.0000739999999999
11
76.481617
21
-1.0009980000000001
0
LINE
8
Edge.Cuts
6
CONTINUOUS
10
76.481617
20
-1.0009980000000001
11
76.4754559999999941
21
-1.0019009999999999
0
LINE
8
Edge.Cuts
6
CONTINUOUS
10
76.4754559999999941
20
-1.0019009999999999
11
76.4692939999999908
21
-1.0027839999999999
0
LINE
8
Edge.Cuts
6
CONTINUOUS
10
76.4692939999999908
20
-1.0027839999999999
11
76.46313099999999
21
-1.003647
0
LINE
8
Edge.Cuts
6
CONTINUOUS
10
76.46313099999999
20
-1.003647
11
76.4569659999999942
21
-1.0044899999999999
0
LINE
8
Edge.Cuts
6
CONTINUOUS
10
76.4569659999999942
20
-1.0044899999999999
11
76.4508019999999959
21
-1.0053129999999999
0
LINE
8
Edge.Cuts
6
CONTINUOUS
10
76.4508019999999959
20
-1.0053129999999999
11
76.4446360000000027
21
-1.0061149999999999
0
LINE
8
Edge.Cuts
6
CONTINUOUS
10
76.4446360000000027
20
-1.0061149999999999
11
76.4384689999999978
21
-1.0068979999999998
0
LINE
8
Edge.Cuts
6
CONTINUOUS
10
76.4384689999999978
20
-1.0068979999999998
11
76.4323009999999954
21
-1.0076609999999999
0
LINE
8
Edge.Cuts
6
CONTINUOUS
10
76.4323009999999954
20
-1.0076609999999999
11
76.426132999999993
21
-1.0084029999999999
0
LINE
8
Edge.Cuts
6
CONTINUOUS
10
76.426132999999993
20
-1.0084029999999999
11
76.4199629999999956
21
-1.009126
0
LINE
8
Edge.Cuts
6
CONTINUOUS
10
76.4199629999999956
20
-1.009126
11
76.4137929999999983
21
-1.0098289999999999
0
LINE
8
Edge.Cuts
6
CONTINUOUS
10
76.4137929999999983
20
-1.0098289999999999
11
76.4076220000000035
21
-1.0105109999999999
0
LINE
8
Edge.Cuts
6
CONTINUOUS
10
76.4076220000000035
20
-1.0105109999999999
11
76.4014509999999945
21
-1.011174
0
LINE
8
Edge.Cuts
6
CONTINUOUS
10
76.4014509999999945
20
-1.011174
11
76.3952779999999905
21
-1.011816
0
LINE
8
Edge.Cuts
6
CONTINUOUS
10
76.3952779999999905
20
-1.011816
11
76.3891050000000007
21
-1.0124389999999999
0
LINE
8
Edge.Cuts
6
CONTINUOUS
10
76.3891050000000007
20
-1.0124389999999999
11
76.3829309999999992
21
-1.0130409999999999
0
LINE
8
Edge.Cuts
6
CONTINUOUS
10
76.3829309999999992
20
-1.0130409999999999
11
76.3767569999999978
21
-1.0136229999999999
0
LINE
8
Edge.Cuts
6
CONTINUOUS
10
76.3767569999999978
20
-1.0136229999999999
11
76.3705819999999989
21
-1.014186
0
LINE
8
Edge.Cuts
6
CONTINUOUS
10
76.3705819999999989
20
-1.014186
11
76.3644069999999999
21
-1.0147279999999999
0
LINE
8
Edge.Cuts
6
CONTINUOUS
10
76.3644069999999999
20
-1.0147279999999999
11
76.3582299999999918
21
-1.01525
0
LINE
8
Edge.Cuts
6
CONTINUOUS
10
76.3582299999999918
20
-1.01525
11
76.3520539999999954
21
-1.015752
0
LINE
8
Edge.Cuts
6
CONTINUOUS
10
76.3520539999999954
20
-1.015752
11
76.3458759999999899
21
-1.016235
0
LINE
8
Edge.Cuts
6
CONTINUOUS
10
76.3458759999999899
20
-1.016235
11
76.339698999999996
21
-1.016697
0
LINE
8
Edge.Cuts
6
CONTINUOUS
10
76.339698999999996
20
-1.016697
11
76.3335199999999929
21
-1.017139
0
LINE
8
Edge.Cuts
6
CONTINUOUS
10
76.3335199999999929
20
-1.017139
11
76.3273409999999899
21
-1.0175609999999999
0
LINE
8
Edge.Cuts
6
CONTINUOUS
10
76.3273409999999899
20
-1.0175609999999999
11
76.3211620000000011
21
-1.017963
0
LINE
8
Edge.Cuts
6
CONTINUOUS
10
76.3211620000000011
20
-1.017963
11
76.314982999999998
21
-1.0183450000000001
0
LINE
8
Edge.Cuts
6
CONTINUOUS
10
76.314982999999998
20
-1.0183450000000001
11
76.308802
21
-1.018707
0
LINE
8
Edge.Cuts
6
CONTINUOUS
10
76.308802
20
-1.018707
11
76.3026219999999995
21
-1.0190489999999999
0
LINE
8
Edge.Cuts
6
CONTINUOUS
10
76.3026219999999995
20
-1.0190489999999999
11
76.2964410000000015
21
-1.0193719999999999
0
LINE
8
Edge.Cuts
6
CONTINUOUS
10
76.2964410000000015
20
-1.0193719999999999
11
76.2902600000000035
21
-1.019674
0
LINE
8
Edge.Cuts
6
CONTINUOUS
10
76.2902600000000035
20
-1.019674
11
76.2840779999999938
21
-1.0199559999999999
0
LINE
8
Edge.Cuts
6
CONTINUOUS
10
76.2840779999999938
20
-1.0199559999999999
11
76.2778969999999958
21
-1.0202179999999998
0
LINE
8
Edge.Cuts
6
CONTINUOUS
10
76.2778969999999958
20
-1.0202179999999998
11
76.2717150000000004
21
-1.0204599999999999
0
LINE
8
Edge.Cuts
6
CONTINUOUS
10
76.2717150000000004
20
-1.0204599999999999
11
76.2655319999999932
21
-1.0206819999999999
0
LINE
8
Edge.Cuts
6
CONTINUOUS
10
76.2655319999999932
20
-1.0206819999999999
11
76.2593499999999977
21
-1.0208839999999999
0
LINE
8
Edge.Cuts
6
CONTINUOUS
10
76.2593499999999977
20
-1.0208839999999999
11
76.2531669999999906
21
-1.021066
0
LINE
8
Edge.Cuts
6
CONTINUOUS
10
76.2531669999999906
20
-1.021066
11
76.2469839999999976
21
-1.021228
0
LINE
8
Edge.Cuts
6
CONTINUOUS
10
76.2469839999999976
20
-1.021228
11
76.2408009999999905
21
-1.0213699999999999
0
LINE
8
Edge.Cuts
6
CONTINUOUS
10
76.2408009999999905
20
-1.0213699999999999
11
76.2346179999999976
21
-1.0214919999999998
0
LINE
8
Edge.Cuts
6
CONTINUOUS
10
76.2346179999999976
20
-1.0214919999999998
11
76.2284349999999904
21
-1.0215939999999999
0
LINE
8
Edge.Cuts
6
CONTINUOUS
10
76.2284349999999904
20
-1.0215939999999999
11
76.222251
21
-1.021676
0
LINE
8
Edge.Cuts
6
CONTINUOUS
10
76.222251
20
-1.021676
11
76.2160679999999928
21
-1.021738
0
LINE
8
Edge.Cuts
6
CONTINUOUS
10
76.2160679999999928
20
-1.021738
11
76.2098840000000024
21
-1.0217799999999999
0
LINE
8
Edge.Cuts
6
CONTINUOUS
10
76.2098840000000024
20
-1.0217799999999999
11
76.2037009999999952
21
-1.0218019999999999
0
LINE
8
Edge.Cuts
6
CONTINUOUS
10
76.2037009999999952
20
-1.0218019999999999
11
76.1975169999999906
21
-1.0218039999999999
0
LINE
8
Edge.Cuts
6
CONTINUOUS
10
76.1975169999999906
20
-1.0218039999999999
11
76.1913339999999977
21
-1.0217859999999999
0
LINE
8
Edge.Cuts
6
CONTINUOUS
10
76.1913339999999977
20
-1.0217859999999999
11
76.185149999999993
21
-1.0217479999999999
0
LINE
8
Edge.Cuts
6
CONTINUOUS
10
76.185149999999993
20
-1.0217479999999999
11
76.1789670000000001
21
-1.02169
0
LINE
8
Edge.Cuts
6
CONTINUOUS
10
76.1789670000000001
20
-1.02169
11
76.1727839999999929
21
-1.021611
0
LINE
8
Edge.Cuts
6
CONTINUOUS
10
76.1727839999999929
20
-1.021611
11
76.166601
21
-1.0215129999999999
0
LINE
8
Edge.Cuts
6
CONTINUOUS
10
76.166601
20
-1.0215129999999999
11
76.1604179999999928
21
-1.0213950000000001
0
LINE
8
Edge.Cuts
6
CONTINUOUS
10
76.1604179999999928
20
-1.0213950000000001
11
76.1542349999999999
21
-1.0212569999999999
0
LINE
8
Edge.Cuts
6
CONTINUOUS
10
76.1542349999999999
20
-1.0212569999999999
11
76.1480519999999927
21
-1.021099
0
LINE
8
Edge.Cuts
6
CONTINUOUS
10
76.1480519999999927
20
-1.021099
11
76.1418699999999973
21
-1.020921
0
LINE
8
Edge.Cuts
6
CONTINUOUS
10
76.1418699999999973
20
-1.020921
11
76.1356869999999901
21
-1.020723
0
LINE
8
Edge.Cuts
6
CONTINUOUS
10
76.1356869999999901
20
-1.020723
11
76.1295049999999947
21
-1.020505
0
LINE
8
Edge.Cuts
6
CONTINUOUS
10
76.1295049999999947
20
-1.020505
11
76.1233229999999992
21
-1.020267
0
LINE
8
Edge.Cuts
6
CONTINUOUS
10
76.1233229999999992
20
-1.020267
11
76.1171420000000012
21
-1.0200089999999999
0
LINE
8
Edge.Cuts
6
CONTINUOUS
10
76.1171420000000012
20
-1.0200089999999999
11
76.1109599999999915
21
-1.0197309999999999
0
LINE
8
Edge.Cuts
6
CONTINUOUS
10
76.1109599999999915
20
-1.0197309999999999
11
76.1047789999999935
21
-1.019433
0
LINE
8
Edge.Cuts
6
CONTINUOUS
10
76.1047789999999935
20
-1.019433
11
76.098598999999993
21
-1.019115
0
LINE
8
Edge.Cuts
6
CONTINUOUS
10
76.098598999999993
20
-1.019115
11
76.0924189999999925
21
-1.0187759999999999
0
LINE
8
Edge.Cuts
6
CONTINUOUS
10
76.0924189999999925
20
-1.0187759999999999
11
76.086238999999992
21
-1.018418
0
LINE
8
Edge.Cuts
6
CONTINUOUS
10
76.086238999999992
20
-1.018418
11
76.0800589999999914
21
-1.0180400000000001
0
LINE
8
Edge.Cuts
6
CONTINUOUS
10
76.0800589999999914
20
-1.0180400000000001
11
76.0738800000000026
21
-1.0176419999999999
0
LINE
8
Edge.Cuts
6
CONTINUOUS
10
76.0738800000000026
20
-1.0176419999999999
11
76.067701999999997
21
-1.0172239999999999
0
LINE
8
Edge.Cuts
6
CONTINUOUS
10
76.067701999999997
20
-1.0172239999999999
11
76.0615239999999915
21
-1.016786
0
LINE
8
Edge.Cuts
6
CONTINUOUS
10
76.0615239999999915
20
-1.016786
11
76.0553460000000001
21
-1.016327
0
LINE
8
Edge.Cuts
6
CONTINUOUS
10
76.0553460000000001
20
-1.016327
11
76.049168999999992
21
-1.015849
0
LINE
8
Edge.Cuts
6
CONTINUOUS
10
76.049168999999992
20
-1.015849
11
76.0429929999999956
21
-1.0153509999999999
0
LINE
8
Edge.Cuts
6
CONTINUOUS
10
76.0429929999999956
20
-1.0153509999999999
11
76.0368169999999992
21
-1.0148329999999999
0
LINE
8
Edge.Cuts
6
CONTINUOUS
10
76.0368169999999992
20
-1.0148329999999999
11
76.0306410000000028
21
-1.014294
0
LINE
8
Edge.Cuts
6
CONTINUOUS
10
76.0306410000000028
20
-1.014294
11
76.0244659999999897
21
-1.013736
0
LINE
8
Edge.Cuts
6
CONTINUOUS
10
76.0244659999999897
20
-1.013736
11
76.0182920000000024
21
-1.013158
0
LINE
8
Edge.Cuts
6
CONTINUOUS
10
76.0182920000000024
20
-1.013158
11
76.0121189999999984
21
-1.012559
0
LINE
8
Edge.Cuts
6
CONTINUOUS
10
76.0121189999999984
20
-1.012559
11
76.0059459999999945
21
-1.011941
0
LINE
8
Edge.Cuts
6
CONTINUOUS
10
76.0059459999999945
20
-1.011941
11
75.9997740000000022
21
-1.0113019999999999
0
LINE
8
Edge.Cuts
6
CONTINUOUS
10
75.9997740000000022
20
-1.0113019999999999
11
75.9936029999999931
21
-1.0106439999999999
0
LINE
8
Edge.Cuts
6
CONTINUOUS
10
75.9936029999999931
20
-1.0106439999999999
11
75.9874319999999983
21
-1.009965
0
LINE
8
Edge.Cuts
6
CONTINUOUS
10
75.9874319999999983
20
-1.009965
11
75.981262000000001
21
-1.0092669999999999
0
LINE
8
Edge.Cuts
6
CONTINUOUS
10
75.981262000000001
20
-1.0092669999999999
11
75.9750930000000011
21
-1.008548
0
LINE
8
Edge.Cuts
6
CONTINUOUS
10
75.9750930000000011
20
-1.008548
11
75.9689240000000012
21
-1.0078099999999999
0
LINE
8
Edge.Cuts
6
CONTINUOUS
10
75.9689240000000012
20
-1.0078099999999999
11
75.9627569999999963
21
-1.0070509999999999
0
LINE
8
Edge.Cuts
6
CONTINUOUS
10
75.9627569999999963
20
-1.0070509999999999
11
75.9565899999999914
21
-1.0062720000000001
0
LINE
8
Edge.Cuts
6
CONTINUOUS
10
75.9565899999999914
20
-1.0062720000000001
11
75.9504239999999982
21
-1.0054730000000001
0
LINE
8
Edge.Cuts
6
CONTINUOUS
10
75.9504239999999982
20
-1.0054730000000001
11
75.9442590000000024
21
-1.0046539999999999
0
LINE
8
Edge.Cuts
6
CONTINUOUS
10
75.9442590000000024
20
-1.0046539999999999
11
75.9380949999999899
21
-1.0038149999999999
0
LINE
8
Edge.Cuts
6
CONTINUOUS
10
75.9380949999999899
20
-1.0038149999999999
11
75.9319320000000033
21
-1.002956
0
LINE
8
Edge.Cuts
6
CONTINUOUS
10
75.9319320000000033
20
-1.002956
11
75.92577
21
-1.0020769999999999
0
LINE
8
Edge.Cuts
6
CONTINUOUS
10
75.92577
20
-1.0020769999999999
11
75.9196079999999967
21
-1.0011779999999999
0
LINE
8
Edge.Cuts
6
CONTINUOUS
10
75.9196079999999967
20
-1.0011779999999999
11
75.9134480000000025
21
-1.000259
0
LINE
8
Edge.Cuts
6
CONTINUOUS
10
75.9134480000000025
20
-1.000259
11
75.9072889999999916
21
-0.99932
0
LINE
8
Edge.Cuts
6
CONTINUOUS
10
75.9072889999999916
20
-0.99932
11
75.9011309999999924
21
-0.9983599999999999
0
LINE
8
Edge.Cuts
6
CONTINUOUS
10
75.9011309999999924
20
-0.9983599999999999
11
75.8920579999999916
21
-0.99691
0
ARC
8
Edge.Cuts
10
15.6951000000000001
20
7.
40
1.6000179999999999
50
90.00064458
51
180.00000000
0
LINE
8
Edge.Cuts
6
CONTINUOUS
10
75.8920579999999916
20
-0.99691
11
75.8797469999999947
21
-0.994872
0
LINE
8
Edge.Cuts
6
CONTINUOUS
10
75.8797469999999947
20
-0.994872
11
75.8674409999999995
21
-0.992753
0
LINE
8
Edge.Cuts
6
CONTINUOUS
10
75.8674409999999995
20
-0.992753
11
75.8551429999999982
21
-0.990555
0
LINE
8
Edge.Cuts
6
CONTINUOUS
10
75.8551429999999982
20
-0.990555
11
75.842850999999996
21
-0.988277
0
LINE
8
Edge.Cuts
6
CONTINUOUS
10
75.842850999999996
20
-0.988277
11
75.8305649999999929
21
-0.985918
0
LINE
8
Edge.Cuts
6
CONTINUOUS
10
75.8305649999999929
20
-0.985918
11
75.8182860000000005
21
-0.9834799999999999
0
LINE
8
Edge.Cuts
6
CONTINUOUS
10
75.8182860000000005
20
-0.9834799999999999
11
75.8060139999999905
21
-0.980961
0
LINE
8
Edge.Cuts
6
CONTINUOUS
10
75.8060139999999905
20
-0.980961
11
75.7937489999999912
21
-0.978362
0
LINE
8
Edge.Cuts
6
CONTINUOUS
10
75.7937489999999912
20
-0.978362
11
75.7814910000000026
21
-0.975683
0
LINE
8
Edge.Cuts
6
CONTINUOUS
10
75.7814910000000026
20
-0.975683
11
75.7692389999999989
21
-0.972924
0
LINE
8
Edge.Cuts
6
CONTINUOUS
10
75.7692389999999989
20
-0.972924
11
75.7569960000000009
21
-0.9700839999999999
0
LINE
8
Edge.Cuts
6
CONTINUOUS
10
75.7569960000000009
20
-0.9700839999999999
11
75.7447590000000019
21
-0.9671639999999999
0
LINE
8
Edge.Cuts
6
CONTINUOUS
10
75.7447590000000019
20
-0.9671639999999999
11
75.732529999999997
21
-0.9641639999999999
0
LINE
8
Edge.Cuts
6
CONTINUOUS
10
75.732529999999997
20
-0.9641639999999999
11
75.7203080000000028
21
-0.9610829999999999
0
LINE
8
Edge.Cuts
6
CONTINUOUS
10
75.7203080000000028
20
-0.9610829999999999
11
75.7080940000000027
21
-0.9579209999999999
0
LINE
8
Edge.Cuts
6
CONTINUOUS
10
75.7080940000000027
20
-0.9579209999999999
11
75.6958879999999965
21
-0.9546789999999999
0
LINE
8
Edge.Cuts
6
CONTINUOUS
10
75.6958879999999965
20
-0.9546789999999999
11
75.6836899999999986
21
-0.951357
0
LINE
8
Edge.Cuts
6
CONTINUOUS
10
75.6836899999999986
20
-0.951357
11
75.6714999999999947
21
-0.947954
0
LINE
8
Edge.Cuts
6
CONTINUOUS
10
75.6714999999999947
20
-0.947954
11
75.659317999999999
21
-0.9444699999999999
0
LINE
8
Edge.Cuts
6
CONTINUOUS
10
75.659317999999999
20
-0.9444699999999999
11
75.6471449999999948
21
-0.940905
0
LINE
8
Edge.Cuts
6
CONTINUOUS
10
75.6471449999999948
20
-0.940905
11
75.6349799999999988
21
-0.93726
0
LINE
8
Edge.Cuts
6
CONTINUOUS
10
75.6349799999999988
20
-0.93726
11
75.6228239999999943
21
-0.9335329999999999
0
LINE
8
Edge.Cuts
6
CONTINUOUS
10
75.6228239999999943
20
-0.9335329999999999
11
75.610675999999998
21
-0.9297259999999999
0
LINE
8
Edge.Cuts
6
CONTINUOUS
10
75.610675999999998
20
-0.9297259999999999
11
75.5985379999999907
21
-0.9258379999999999
0
LINE
8
Edge.Cuts
6
CONTINUOUS
10
75.5985379999999907
20
-0.9258379999999999
11
75.5864090000000033
21
-0.9218689999999999
0
LINE
8
Edge.Cuts
6
CONTINUOUS
10
75.5864090000000033
20
-0.9218689999999999
11
75.5742889999999932
21
-0.9178189999999999
0
LINE
8
Edge.Cuts
6
CONTINUOUS
10
75.5742889999999932
20
-0.9178189999999999
11
75.562178000000003
21
-0.9136869999999999
0
LINE
8
Edge.Cuts
6
CONTINUOUS
10
75.562178000000003
20
-0.9136869999999999
11
75.5500770000000017
21
-0.9094749999999999
0
LINE
8
Edge.Cuts
6
CONTINUOUS
10
75.5500770000000017
20
-0.9094749999999999
11
75.5379860000000036
21
-0.905181
0
LINE
8
Edge.Cuts
6
CONTINUOUS
10
75.5379860000000036
20
-0.905181
11
75.525905999999992
21
-0.900806
0
LINE
8
Edge.Cuts
6
CONTINUOUS
10
75.525905999999992
20
-0.900806
11
75.5138350000000003
21
-0.89635
0
LINE
8
Edge.Cuts
6
CONTINUOUS
10
75.5138350000000003
20
-0.89635
11
75.501774999999995
21
-0.8918119999999999
0
LINE
8
Edge.Cuts
6
CONTINUOUS
10
75.501774999999995
20
-0.8918119999999999
11
75.4897249999999929
21
-0.887193
0
LINE
8
Edge.Cuts
6
CONTINUOUS
10
75.4897249999999929
20
-0.887193
11
75.4776859999999914
21
-0.8824919999999999
0
LINE
8
Edge.Cuts
6
CONTINUOUS
10
75.4776859999999914
20
-0.8824919999999999
11
75.4656579999999906
21
-0.87771
0
LINE
8
Edge.Cuts
6
CONTINUOUS
10
75.4656579999999906
20
-0.87771
11
75.4536420000000021
21
-0.872846
0
LINE
8
Edge.Cuts
6
CONTINUOUS
10
75.4536420000000021
20
-0.872846
11
75.4416370000000001
21
-0.8679009999999999
0
LINE
8
Edge.Cuts
6
CONTINUOUS
10
75.4416370000000001
20
-0.8679009999999999
11
75.4296429999999987
21
-0.8628739999999999
0
LINE
8
Edge.Cuts
6
CONTINUOUS
10
75.4296429999999987
20
-0.8628739999999999
11
75.4176619999999929
21
-0.857765
0
LINE
8
Edge.Cuts
6
CONTINUOUS
10
75.4176619999999929
20
-0.857765
11
75.4056920000000019
21
-0.852575
0
LINE
8
Edge.Cuts
6
CONTINUOUS
10
75.4056920000000019
20
-0.852575
11
75.3937349999999924
21
-0.847302
0
LINE
8
Edge.Cuts
6
CONTINUOUS
10
75.3937349999999924
20
-0.847302
11
75.3817909999999927
21
-0.8419479999999999
0
LINE
8
Edge.Cuts
6
CONTINUOUS
10
75.3817909999999927
20
-0.8419479999999999
11
75.3698589999999911
21
-0.8365119999999999
0
LINE
8
Edge.Cuts
6
CONTINUOUS
10
75.3698589999999911
20
-0.8365119999999999
11
75.3579409999999967
21
-0.8309949999999999
0
LINE
8
Edge.Cuts
6
CONTINUOUS
10
75.3579409999999967
20
-0.8309949999999999
11
75.346035999999998
21
-0.825395
0
LINE
8
Edge.Cuts
6
CONTINUOUS
10
75.346035999999998
20
-0.825395
11
75.3341439999999949
21
-0.8197129999999999
0
LINE
8
Edge.Cuts
6
CONTINUOUS
10
75.3341439999999949
20
-0.8197129999999999
11
75.3222669999999965
21
-0.8139489999999999
0
LINE
8
Edge.Cuts
6
CONTINUOUS
10
75.3222669999999965
20
-0.8139489999999999
11
75.3104029999999938
21
-0.8081039999999999
0
LINE
8
Edge.Cuts
6
CONTINUOUS
10
75.3104029999999938
20
-0.8081039999999999
11
75.2985539999999958
21
-0.802176
0
LINE
8
Edge.Cuts
6
CONTINUOUS
10
75.2985539999999958
20
-0.802176
11
75.2867189999999908
21
-0.7961659999999999
0
LINE
8
Edge.Cuts
6
CONTINUOUS
10
75.2867189999999908
20
-0.7961659999999999
11
75.2749000000000024
21
-0.7900739999999999
0
LINE
8
Edge.Cuts
6
CONTINUOUS
10
75.2749000000000024
20
-0.7900739999999999
11
75.2630959999999902
21
-0.7838999999999999
0
LINE
8
Edge.Cuts
6
CONTINUOUS
10
75.2630959999999902
20
-0.7838999999999999
11
75.2513069999999971
21
-0.777644
0
LINE
8
Edge.Cuts
6
CONTINUOUS
10
75.2513069999999971
20
-0.777644
11
75.2395339999999919
21
-0.7713059999999999
0
LINE
8
Edge.Cuts
6
CONTINUOUS
10
75.2395339999999919
20
-0.7713059999999999
11
75.2277780000000007
21
-0.764886
0
LINE
8
Edge.Cuts
6
CONTINUOUS
10
75.2277780000000007
20
-0.764886
11
75.216037
21
-0.7583829999999999
0
LINE
8
Edge.Cuts
6
CONTINUOUS
10
75.216037
20
-0.7583829999999999
11
75.2043139999999966
21
-0.751799
0
LINE
8
Edge.Cuts
6
CONTINUOUS
10
75.2043139999999966
20
-0.751799
11
75.1926069999999953
21
-0.745132
0
LINE
8
Edge.Cuts
6
CONTINUOUS
10
75.1926069999999953
20
-0.745132
11
75.1809179999999913
21
-0.738383
0
LINE
8
Edge.Cuts
6
CONTINUOUS
10
75.1809179999999913
20
-0.738383
11
75.173144999999991
21
-0.7338439999999999
0
LINE
8
Edge.Cuts
6
CONTINUOUS
10
72.5340249999999997
20
1.5999999999999999
11
72.5453370000000035
21
1.5999599999999998
0
LINE
8
Edge.Cuts
6
CONTINUOUS
10
72.5453370000000035
20
1.5999599999999998
11
72.5566479999999956
21
1.5998399999999999
0
LINE
8
Edge.Cuts
6
CONTINUOUS
10
72.5566479999999956
20
1.5998399999999999
11
72.5679579999999902
21
1.59964
0
LINE
8
Edge.Cuts
6
CONTINUOUS
10
72.5679579999999902
20
1.59964
11
72.5792659999999898
21
1.5993599999999999
0
LINE
8
Edge.Cuts
6
CONTINUOUS
10
72.5792659999999898
20
1.5993599999999999
11
72.5905719999999945
21
1.599
0
LINE
8
Edge.Cuts
6
CONTINUOUS
10
72.5905719999999945
20
1.599
11
72.6018759999999901
21
1.5985609999999999
0
LINE
8
Edge.Cuts
6
CONTINUOUS
10
72.6018759999999901
20
1.5985609999999999
11
72.6131759999999957
21
1.5980409999999998
0
LINE
8
Edge.Cuts
6
CONTINUOUS
10
72.6131759999999957
20
1.5980409999999998
11
72.6244719999999973
21
1.5974409999999999
0
LINE
8
Edge.Cuts
6
CONTINUOUS
10
72.6244719999999973
20
1.5974409999999999
11
72.6357629999999972
21
1.596762
0
LINE
8
Edge.Cuts
6
CONTINUOUS
10
72.6357629999999972
20
1.596762
11
72.647049999999993
21
1.5960029999999998
0
LINE
8
Edge.Cuts
6
CONTINUOUS
10
72.647049999999993
20
1.5960029999999998
11
72.6583309999999898
21
1.595164
0
LINE
8
Edge.Cuts
6
CONTINUOUS
10
72.6583309999999898
20
1.595164
11
72.6696060000000017
21
1.5942449999999999
0
LINE
8
Edge.Cuts
6
CONTINUOUS
10
72.6696060000000017
20
1.5942449999999999
11
72.6808740000000029
21
1.5932469999999999
0
LINE
8
Edge.Cuts
6
CONTINUOUS
10
72.6808740000000029
20
1.5932469999999999
11
72.6921349999999933
21
1.592168
0
LINE
8
Edge.Cuts
6
CONTINUOUS
10
72.6921349999999933
20
1.592168
11
72.7033890000000014
21
1.591011
0
LINE
8
Edge.Cuts
6
CONTINUOUS
10
72.7033890000000014
20
1.591011
11
72.7146340000000038
21
1.5897729999999999
0
LINE
8
Edge.Cuts
6
CONTINUOUS
10
72.7146340000000038
20
1.5897729999999999
11
72.7258700000000005
21
1.588457
0
LINE
8
Edge.Cuts
6
CONTINUOUS
10
72.7258700000000005
20
1.588457
11
72.737095999999994
21
1.5870599999999999
0
LINE
8
Edge.Cuts
6
CONTINUOUS
10
72.737095999999994
20
1.5870599999999999
11
72.748312999999996
21
1.585585
0
LINE
8
Edge.Cuts
6
CONTINUOUS
10
72.748312999999996
20
1.585585
11
72.7595189999999974
21
1.5840299999999998
0
LINE
8
Edge.Cuts
6
CONTINUOUS
10
72.7595189999999974
20
1.5840299999999998
11
72.7707139999999981
21
1.5823959999999999
0
LINE
8
Edge.Cuts
6
CONTINUOUS
10
72.7707139999999981
20
1.5823959999999999
11
72.7818970000000007
21
1.5806829999999998
0
LINE
8
Edge.Cuts
6
CONTINUOUS
10
72.7818970000000007
20
1.5806829999999998
11
72.7930669999999935
21
1.5788909999999998
0
LINE
8
Edge.Cuts
6
CONTINUOUS
10
72.7930669999999935
20
1.5788909999999998
11
72.8042250000000024
21
1.5770189999999999
0
LINE
8
Edge.Cuts
6
CONTINUOUS
10
72.8042250000000024
20
1.5770189999999999
11
72.8153700000000015
21
1.5750689999999998
0
LINE
8
Edge.Cuts
6
CONTINUOUS
10
72.8153700000000015
20
1.5750689999999998
11
72.8264999999999958
21
1.57304
0
LINE
8
Edge.Cuts
6
CONTINUOUS
10
72.8264999999999958
20
1.57304
11
72.837615999999997
21
1.5709329999999999
0
LINE
8
Edge.Cuts
6
CONTINUOUS
10
72.837615999999997
20
1.5709329999999999
11
72.8487169999999935
21
1.5687469999999999
0
LINE
8
Edge.Cuts
6
CONTINUOUS
10
72.8487169999999935
20
1.5687469999999999
11
72.8542619999999914
21
1.5676249999999998
0
LINE
8
Edge.Cuts
6
CONTINUOUS
10
72.8542619999999914
20
1.5676249999999998
11
72.859802000000002
21
1.5664819999999999
0
LINE
8
Edge.Cuts
6
CONTINUOUS
10
72.859802000000002
20
1.5664819999999999
11
72.8653389999999916
21
1.565321
0
LINE
8
Edge.Cuts
6
CONTINUOUS
10
72.8653389999999916
20
1.565321
11
72.870870999999994
21
1.5641399999999999
0
LINE
8
Edge.Cuts
6
CONTINUOUS
10
72.870870999999994
20
1.5641399999999999
11
72.8763989999999922
21
1.5629389999999999
0
LINE
8
Edge.Cuts
6
CONTINUOUS
10
72.8763989999999922
20
1.5629389999999999
11
72.8819230000000005
21
1.5617189999999999
0
LINE
8
Edge.Cuts
6
CONTINUOUS
10
72.8819230000000005
20
1.5617189999999999
11
72.8874429999999904
21
1.5604789999999999
0
LINE
8
Edge.Cuts
6
CONTINUOUS
10
72.8874429999999904
20
1.5604789999999999
11
72.892957999999993
21
1.5592189999999999
0
LINE
8
Edge.Cuts
6
CONTINUOUS
10
72.892957999999993
20
1.5592189999999999
11
72.8984689999999915
21
1.557941
0
LINE
8
Edge.Cuts
6
CONTINUOUS
10
72.8984689999999915
20
1.557941
11
72.9039750000000026
21
1.5566419999999999
0
LINE
8
Edge.Cuts
6
CONTINUOUS
10
72.9039750000000026
20
1.5566419999999999
11
72.9094769999999954
21
1.5553249999999998
0
LINE
8
Edge.Cuts
6
CONTINUOUS
10
72.9094769999999954
20
1.5553249999999998
11
72.9149740000000008
21
1.553987
0
LINE
8
Edge.Cuts
6
CONTINUOUS
10
72.9149740000000008
20
1.553987
11
72.9204659999999905
21
1.5526309999999999
0
LINE
8
Edge.Cuts
6
CONTINUOUS
10
72.9204659999999905
20
1.5526309999999999
11
72.9259529999999927
21
1.5512549999999998
0
LINE
8
Edge.Cuts
6
CONTINUOUS
10
72.9259529999999927
20
1.5512549999999998
11
72.9314349999999934
21
1.5498589999999999
0
LINE
8
Edge.Cuts
6
CONTINUOUS
10
72.9314349999999934
20
1.5498589999999999
11
72.9369129999999899
21
1.5484439999999999
0
LINE
8
Edge.Cuts
6
CONTINUOUS
10
72.9369129999999899
20
1.5484439999999999
11
72.9423850000000016
21
1.54701
0
LINE
8
Edge.Cuts
6
CONTINUOUS
10
72.9423850000000016
20
1.54701
11
72.9478529999999949
21
1.5455569999999998
0
LINE
8
Edge.Cuts
6
CONTINUOUS
10
72.9478529999999949
20
1.5455569999999998
11
72.9533150000000035
21
1.544084
0
LINE
8
Edge.Cuts
6
CONTINUOUS
10
72.9533150000000035
20
1.544084
11
72.9587719999999962
21
1.542592
0
LINE
8
Edge.Cuts
6
CONTINUOUS
10
72.9587719999999962
20
1.542592
11
72.9642229999999898
21
1.54108
0
LINE
8
Edge.Cuts
6
CONTINUOUS
10
72.9642229999999898
20
1.54108
11
72.9696699999999936
21
1.53955
0
LINE
8
Edge.Cuts
6
CONTINUOUS
10
72.9696699999999936
20
1.53955
11
72.9751100000000008
21
1.538
0
LINE
8
Edge.Cuts
6
CONTINUOUS
10
72.9751100000000008
20
1.538
11
72.9805459999999897
21
1.5364309999999999
0
LINE
8
Edge.Cuts
6
CONTINUOUS
10
72.9805459999999897
20
1.5364309999999999
11
72.9859749999999963
21
1.534842
0
LINE
8
Edge.Cuts
6
CONTINUOUS
10
72.9859749999999963
20
1.534842
11
72.9913990000000013
21
1.5332349999999999
0
LINE
8
Edge.Cuts
6
CONTINUOUS
10
72.9913990000000013
20
1.5332349999999999
11
72.9968179999999904
21
1.5316079999999999
0
LINE
8
Edge.Cuts
6
CONTINUOUS
10
72.9968179999999904
20
1.5316079999999999
11
73.0022299999999973
21
1.5299619999999998
0
LINE
8
Edge.Cuts
6
CONTINUOUS
10
73.0022299999999973
20
1.5299619999999998
11
73.0076370000000026
21
1.528297
0
LINE
8
Edge.Cuts
6
CONTINUOUS
10
73.0076370000000026
20
1.528297
11
73.0130379999999946
21
1.526613
0
LINE
8
Edge.Cuts
6
CONTINUOUS
10
73.0130379999999946
20
1.526613
11
73.01843199999999
21
1.52491
0
LINE
8
Edge.Cuts
6
CONTINUOUS
10
73.01843199999999
20
1.52491
11
73.0238209999999981
21
1.5231869999999998
0
LINE
8
Edge.Cuts
6
CONTINUOUS
10
73.0238209999999981
20
1.5231869999999998
11
73.0292039999999929
21
1.5214459999999999
0
LINE
8
Edge.Cuts
6
CONTINUOUS
10
73.0292039999999929
20
1.5214459999999999
11
73.0345810000000029
21
1.5196859999999999
0
LINE
8
Edge.Cuts
6
CONTINUOUS
10
73.0345810000000029
20
1.5196859999999999
11
73.0399499999999904
21
1.517906
0
LINE
8
Edge.Cuts
6
CONTINUOUS
10
73.0399499999999904
20
1.517906
11
73.0453150000000022
21
1.516108
0
LINE
8
Edge.Cuts
6
CONTINUOUS
10
73.0453150000000022
20
1.516108
11
73.0506719999999916
21
1.5142909999999998
0
LINE
8
Edge.Cuts
6
CONTINUOUS
10
73.0506719999999916
20
1.5142909999999998
11
73.0560229999999962
21
1.512454
0
LINE
8
Edge.Cuts
6
CONTINUOUS
10
73.0560229999999962
20
1.512454
11
73.06136699999999
21
1.510599
0
LINE
8
Edge.Cuts
6
CONTINUOUS
10
73.06136699999999
20
1.510599
11
73.0667059999999964
21
1.5087249999999999
0
LINE
8
Edge.Cuts
6
CONTINUOUS
10
73.0667059999999964
20
1.5087249999999999
11
73.0720369999999946
21
1.5068319999999999
0
LINE
8
Edge.Cuts
6
CONTINUOUS
10
73.0720369999999946
20
1.5068319999999999
11
73.0773619999999937
21
1.50492
0
LINE
8
Edge.Cuts
6
CONTINUOUS
10
73.0773619999999937
20
1.50492
11
73.0826789999999988
21
1.5029899999999998
0
LINE
8
Edge.Cuts
6
CONTINUOUS
10
73.0826789999999988
20
1.5029899999999998
11
73.0879910000000024
21
1.5010399999999999
0
LINE
8
Edge.Cuts
6
CONTINUOUS
10
73.0879910000000024
20
1.5010399999999999
11
73.0932940000000002
21
1.499072
0
LINE
8
Edge.Cuts
6
CONTINUOUS
10
73.0932940000000002
20
1.499072
11
73.0985919999999965
21
1.497085
0
LINE
8
Edge.Cuts
6
CONTINUOUS
10
73.0985919999999965
20
1.497085
11
73.1038810000000012
21
1.49508
0
LINE
8
Edge.Cuts
6
CONTINUOUS
10
73.1038810000000012
20
1.49508
11
73.1091649999999902
21
1.493055
0
LINE
8
Edge.Cuts
6
CONTINUOUS
10
73.1091649999999902
20
1.493055
11
73.1144400000000019
21
1.4910129999999999
0
LINE
8
Edge.Cuts
6
CONTINUOUS
10
73.1144400000000019
20
1.4910129999999999
11
73.1197090000000003
21
1.4889509999999999
0
LINE
8
Edge.Cuts
6
CONTINUOUS
10
73.1197090000000003
20
1.4889509999999999
11
73.1249699999999905
21
1.4868709999999998
0
LINE
8
Edge.Cuts
6
CONTINUOUS
10
73.1249699999999905
20
1.4868709999999998
11
73.1302239999999983
21
1.484772
0
LINE
8
Edge.Cuts
6
CONTINUOUS
10
73.1302239999999983
20
1.484772
11
73.1354709999999955
21
1.4826539999999999
0
LINE
8
Edge.Cuts
6
CONTINUOUS
10
73.1354709999999955
20
1.4826539999999999
11
73.1407099999999986
21
1.480518
0
LINE
8
Edge.Cuts
6
CONTINUOUS
10
73.1407099999999986
20
1.480518
11
73.1414659999999941
21
1.480208
0
LINE
8
Edge.Cuts
6
CONTINUOUS
10
73.1414659999999941
20
1.480208
11
73.1519159999999999
21
1.475876
0
LINE
8
Edge.Cuts
6
CONTINUOUS
10
73.1519159999999999
20
1.475876
11
73.1623340000000013
21
1.471471
0
LINE
8
Edge.Cuts
6
CONTINUOUS
10
73.1623340000000013
20
1.471471
11
73.1727219999999932
21
1.4669919999999999
0
LINE
8
Edge.Cuts
6
CONTINUOUS
10
73.1727219999999932
20
1.4669919999999999
11
73.1830769999999973
21
1.46244
0
LINE
8
Edge.Cuts
6
CONTINUOUS
10
73.1830769999999973
20
1.46244
11
73.1933999999999969
21
1.4578149999999999
0
LINE
8
Edge.Cuts
6
CONTINUOUS
10
73.1933999999999969
20
1.4578149999999999
11
73.2036899999999946
21
1.453117
0
LINE
8
Edge.Cuts
6
CONTINUOUS
10
73.2036899999999946
20
1.453117
11
73.2139469999999903
21
1.4483459999999999
0
LINE
8
Edge.Cuts
6
CONTINUOUS
10
73.2139469999999903
20
1.4483459999999999
11
73.2241700000000009
21
1.443503
0
LINE
8
Edge.Cuts
6
CONTINUOUS
10
73.2241700000000009
20
1.443503
11
73.2343580000000003
21
1.4385869999999998
0
LINE
8
Edge.Cuts
6
CONTINUOUS
10
73.2343580000000003
20
1.4385869999999998
11
73.2445110000000028
21
1.4336
0
LINE
8
Edge.Cuts
6
CONTINUOUS
10
73.2445110000000028
20
1.4336
11
73.2546289999999942
21
1.4285409999999998
0
LINE
8
Edge.Cuts
6
CONTINUOUS
10
73.2546289999999942
20
1.4285409999999998
11
73.2647109999999913
21
1.4234099999999998
0
LINE
8
Edge.Cuts
6
CONTINUOUS
10
73.2647109999999913
20
1.4234099999999998
11
73.2747569999999939
21
1.4182089999999998
0
LINE
8
Edge.Cuts
6
CONTINUOUS
10
73.2747569999999939
20
1.4182089999999998
11
73.2847659999999905
21
1.412936
0
LINE
8
Edge.Cuts
6
CONTINUOUS
10
73.2847659999999905
20
1.412936
11
73.2947369999999978
21
1.407592
0
LINE
8
Edge.Cuts
6
CONTINUOUS
10
73.2947369999999978
20
1.407592
11
73.3046700000000016
21
1.4021789999999998
0
LINE
8
Edge.Cuts
6
CONTINUOUS
10
73.3046700000000016
20
1.4021789999999998
11
73.3145650000000018
21
1.396695
0
LINE
8
Edge.Cuts
6
CONTINUOUS
10
73.3145650000000018
20
1.396695
11
73.324421000000001
21
1.391141
0
LINE
8
Edge.Cuts
6
CONTINUOUS
10
73.324421000000001
20
1.391141
11
73.3342379999999991
21
1.3855169999999999
0
LINE
8
Edge.Cuts
6
CONTINUOUS
10
73.3342379999999991
20
1.3855169999999999
11
73.3440140000000014
21
1.3798239999999999
0
LINE
8
Edge.Cuts
6
CONTINUOUS
10
73.3440140000000014
20
1.3798239999999999
11
73.3537510000000026
21
1.374063
0
LINE
8
Edge.Cuts
6
CONTINUOUS
10
73.3537510000000026
20
1.374063
11
73.3634459999999962
21
1.3682319999999999
0
LINE
8
Edge.Cuts
6
CONTINUOUS
10
73.3634459999999962
20
1.3682319999999999
11
73.3730999999999938
21
1.362333
0
LINE
8
Edge.Cuts
6
CONTINUOUS
10
73.3730999999999938
20
1.362333
11
73.3827119999999979
21
1.356366
0
LINE
8
Edge.Cuts
6
CONTINUOUS
10
73.3827119999999979
20
1.356366
11
73.3922819999999945
21
1.3503309999999999
0
LINE
8
Edge.Cuts
6
CONTINUOUS
10
73.3922819999999945
20
1.3503309999999999
11
73.4018090000000001
21
1.344228
0
LINE
8
Edge.Cuts
6
CONTINUOUS
10
73.4018090000000001
20
1.344228
11
73.4112920000000031
21
1.338058
0
LINE
8
Edge.Cuts
6
CONTINUOUS
10
73.4112920000000031
20
1.338058
11
73.420732000000001
21
1.3318209999999999
0
LINE
8
Edge.Cuts
6
CONTINUOUS
10
73.420732000000001
20
1.3318209999999999
11
73.4254359999999906
21
1.328678
0
LINE
8
Edge.Cuts
6
CONTINUOUS
10
73.4254359999999906
20
1.328678
11
73.4301279999999963
21
1.325518
0
LINE
8
Edge.Cuts
6
CONTINUOUS
10
73.4301279999999963
20
1.325518
11
73.4348090000000013
21
1.322341
0
LINE
8
Edge.Cuts
6
CONTINUOUS
10
73.4348090000000013
20
1.322341
11
73.4394789999999915
21
1.319148
0
LINE
8
Edge.Cuts
6
CONTINUOUS
10
73.4394789999999915
20
1.319148
11
73.4441369999999978
21
1.315939
0
LINE
8
Edge.Cuts
6
CONTINUOUS
10
73.4441369999999978
20
1.315939
11
73.4487840000000034
21
1.3127119999999999
0
LINE
8
Edge.Cuts
6
CONTINUOUS
10
73.4487840000000034
20
1.3127119999999999
11
73.4534199999999942
21
1.3094699999999999
0
LINE
8
Edge.Cuts
6
CONTINUOUS
10
73.4534199999999942
20
1.3094699999999999
11
73.458044000000001
21
1.306211
0
LINE
8
Edge.Cuts
6
CONTINUOUS
10
73.458044000000001
20
1.306211
11
73.4626559999999955
21
1.3029359999999999
0
LINE
8
Edge.Cuts
6
CONTINUOUS
10
73.4626559999999955
20
1.3029359999999999
11
73.4672580000000011
21
1.299644
0
LINE
8
Edge.Cuts
6
CONTINUOUS
10
73.4672580000000011
20
1.299644
11
73.4718469999999968
21
1.2963369999999999
0
LINE
8
Edge.Cuts
6
CONTINUOUS
10
73.4718469999999968
20
1.2963369999999999
11
73.4764249999999919
21
1.2930120000000001
0
LINE
8
Edge.Cuts
6
CONTINUOUS
10
73.4764249999999919
20
1.2930120000000001
11
73.4809899999999914
21
1.2896719999999999
0
LINE
8
Edge.Cuts
6
CONTINUOUS
10
73.4809899999999914
20
1.2896719999999999
11
73.4855450000000019
21
1.286316
0
LINE
8
Edge.Cuts
6
CONTINUOUS
10
73.4855450000000019
20
1.286316
11
73.4900870000000026
21
1.2829439999999999
0
LINE
8
Edge.Cuts
6
CONTINUOUS
10
73.4900870000000026
20
1.2829439999999999
11
73.494616999999991
21
1.279555
0
LINE
8
Edge.Cuts
6
CONTINUOUS
10
73.494616999999991
20
1.279555
11
73.4991349999999954
21
1.276151
0
LINE
8
Edge.Cuts
6
CONTINUOUS
10
73.4991349999999954
20
1.276151
11
73.5036410000000018
21
1.2727299999999999
0
LINE
8
Edge.Cuts
6
CONTINUOUS
10
73.5036410000000018
20
1.2727299999999999
11
73.5081349999999958
21
1.2692939999999999
0
LINE
8
Edge.Cuts
6
CONTINUOUS
10
73.5081349999999958
20
1.2692939999999999
11
73.5126169999999917
21
1.2658419999999999
0
LINE
8
Edge.Cuts
6
CONTINUOUS
10
73.5126169999999917
20
1.2658419999999999
11
73.5170870000000036
21
1.2623739999999999
0
LINE
8
Edge.Cuts
6
CONTINUOUS
10
73.5170870000000036
20
1.2623739999999999
11
73.5215439999999916
21
1.2588899999999998
0
LINE
8
Edge.Cuts
6
CONTINUOUS
10
73.5215439999999916
20
1.2588899999999998
11
73.5259889999999956
21
1.2553909999999999
0
LINE
8
Edge.Cuts
6
CONTINUOUS
10
73.5259889999999956
20
1.2553909999999999
11
73.5304220000000015
21
1.251876
0
LINE
8
Edge.Cuts
6
CONTINUOUS
10
73.5304220000000015
20
1.251876
11
73.5348419999999976
21
1.248345
0
LINE
8
Edge.Cuts
6
CONTINUOUS
10
73.5348419999999976
20
1.248345
11
73.5392499999999956
21
1.2447979999999998
0
LINE
8
Edge.Cuts
6
CONTINUOUS
10
73.5392499999999956
20
1.2447979999999998
11
73.5436449999999979
21
1.241236
0
LINE
8
Edge.Cuts
6
CONTINUOUS
10
73.5436449999999979
20
1.241236
11
73.5480269999999905
21
1.2376589999999998
0
LINE
8
Edge.Cuts
6
CONTINUOUS
10
73.5480269999999905
20
1.2376589999999998
11
73.5523969999999991
21
1.2340659999999999
0
LINE
8
Edge.Cuts
6
CONTINUOUS
10
73.5523969999999991
20
1.2340659999999999
11
73.556753999999998
21
1.2304569999999999
0
LINE
8
Edge.Cuts
6
CONTINUOUS
10
73.556753999999998
20
1.2304569999999999
11
73.5610980000000012
21
1.2268329999999998
0
LINE
8
Edge.Cuts
6
CONTINUOUS
10
73.5610980000000012
20
1.2268329999999998
11
73.5654299999999921
21
1.2231939999999999
0
LINE
8
Edge.Cuts
6
CONTINUOUS
10
73.5654299999999921
20
1.2231939999999999
11
73.5697479999999899
21
1.2195399999999998
0
LINE
8
Edge.Cuts
6
CONTINUOUS
10
73.5697479999999899
20
1.2195399999999998
11
73.5740539999999896
21
1.21587
0
LINE
8
Edge.Cuts
6
CONTINUOUS
10
73.5740539999999896
20
1.21587
11
73.5783459999999963
21
1.2121849999999998
0
LINE
8
Edge.Cuts
6
CONTINUOUS
10
73.5783459999999963
20
1.2121849999999998
11
73.5826259999999905
21
1.208485
0
LINE
8
Edge.Cuts
6
CONTINUOUS
10
73.5826259999999905
20
1.208485
11
73.5868919999999918
21
1.2047699999999999
0
LINE
8
Edge.Cuts
6
CONTINUOUS
10
73.5868919999999918
20
1.2047699999999999
11
73.5911459999999948
21
1.201039
0
LINE
8
Edge.Cuts
6
CONTINUOUS
10
73.5911459999999948
20
1.201039
11
73.5953859999999906
21
1.1972939999999999
0
LINE
8
Edge.Cuts
6
CONTINUOUS
10
73.5953859999999906
20
1.1972939999999999
11
73.5996129999999908
21
1.1935339999999999
0
LINE
8
Edge.Cuts
6
CONTINUOUS
10
73.5996129999999908
20
1.1935339999999999
11
73.603825999999998
21
1.189759
0
LINE
8
Edge.Cuts
6
CONTINUOUS
10
73.603825999999998
20
1.189759
11
73.6080259999999953
21
1.1859679999999999
0
LINE
8
Edge.Cuts
6
CONTINUOUS
10
73.6080259999999953
20
1.1859679999999999
11
73.612212999999997
21
1.182164
0
LINE
8
Edge.Cuts
6
CONTINUOUS
10
73.612212999999997
20
1.182164
11
73.6163870000000031
21
1.1783439999999998
0
LINE
8
Edge.Cuts
6
CONTINUOUS
10
73.6163870000000031
20
1.1783439999999998
11
73.6205459999999903
21
1.174509
0
LINE
8
Edge.Cuts
6
CONTINUOUS
10
73.6205459999999903
20
1.174509
11
73.624691999999996
21
1.17066
0
LINE
8
Edge.Cuts
6
CONTINUOUS
10
73.624691999999996
20
1.17066
11
73.628824999999992
21
1.1667959999999999
0
LINE
8
Edge.Cuts
6
CONTINUOUS
10
73.628824999999992
20
1.1667959999999999
11
73.6329439999999948
21
1.1629179999999999
0
LINE
8
Edge.Cuts
6
CONTINUOUS
10
73.6329439999999948
20
1.1629179999999999
11
73.6370489999999904
21
1.159025
0
LINE
8
Edge.Cuts
6
CONTINUOUS
10
73.6370489999999904
20
1.159025
11
73.6411399999999929
21
1.1551169999999999
0
LINE
8
Edge.Cuts
6
CONTINUOUS
10
73.6411399999999929
20
1.1551169999999999
11
73.6452179999999998
21
1.151195
0
LINE
8
Edge.Cuts
6
CONTINUOUS
10
73.6452179999999998
20
1.151195
11
73.6492819999999995
21
1.147259
0
LINE
8
Edge.Cuts
6
CONTINUOUS
10
73.6492819999999995
20
1.147259
11
73.6533309999999943
21
1.143308
0
LINE
8
Edge.Cuts
6
CONTINUOUS
10
73.6533309999999943
20
1.143308
11
73.6573669999999936
21
1.139343
0
LINE
8
Edge.Cuts
6
CONTINUOUS
10
73.6573669999999936
20
1.139343
11
73.6579479999999904
21
1.1387699999999998
0
LINE
8
Edge.Cuts
6
CONTINUOUS
10
73.6579479999999904
20
1.1387699999999998
11
73.665970999999999
21
1.1307959999999999
0
LINE
8
Edge.Cuts
6
CONTINUOUS
10
73.665970999999999
20
1.1307959999999999
11
73.6739369999999951
21
1.122765
0
LINE
8
Edge.Cuts
6
CONTINUOUS
10
73.6739369999999951
20
1.122765
11
73.6818459999999931
21
1.1146780000000001
0
LINE
8
Edge.Cuts
6
CONTINUOUS
10
73.6818459999999931
20
1.1146780000000001
11
73.6896979999999928
21
1.106535
0
LINE
8
Edge.Cuts
6
CONTINUOUS
10
73.6896979999999928
20
1.106535
11
73.6974929999999944
21
1.0983369999999999
0
LINE
8
Edge.Cuts
6
CONTINUOUS
10
73.6974929999999944
20
1.0983369999999999
11
73.7052290000000028
21
1.0900829999999999
0
LINE
8
Edge.Cuts
6
CONTINUOUS
10
73.7052290000000028
20
1.0900829999999999
11
73.7129059999999896
21
1.0817759999999998
0
LINE
8
Edge.Cuts
6
CONTINUOUS
10
73.7129059999999896
20
1.0817759999999998
11
73.720524999999995
21
1.0734139999999999
0
LINE
8
Edge.Cuts
6
CONTINUOUS
10
73.720524999999995
20
1.0734139999999999
11
73.7280839999999955
21
1.064999
0
LINE
8
Edge.Cuts
6
CONTINUOUS
10
73.7280839999999955
20
1.064999
11
73.7355840000000029
21
1.05653
0
LINE
8
Edge.Cuts
6
CONTINUOUS
10
73.7355840000000029
20
1.05653
11
73.7430239999999912
21
1.0480080000000001
0
LINE
8
Edge.Cuts
6
CONTINUOUS
10
73.7430239999999912
20
1.0480080000000001
11
73.7504040000000032
21
1.039434
0
LINE
8
Edge.Cuts
6
CONTINUOUS
10
73.7504040000000032
20
1.039434
11
73.7577220000000011
21
1.0308079999999999
0
LINE
8
Edge.Cuts
6
CONTINUOUS
10
73.7577220000000011
20
1.0308079999999999
11
73.7649799999999942
21
1.02213
0
LINE
8
Edge.Cuts
6
CONTINUOUS
10
73.7649799999999942
20
1.02213
11
73.7721760000000017
21
1.013401
0
LINE
8
Edge.Cuts
6
CONTINUOUS
10
73.7721760000000017
20
1.013401
11
73.7793099999999953
21
1.004621
0
LINE
8
Edge.Cuts
6
CONTINUOUS
10
73.7793099999999953
20
1.004621
11
73.7863830000000007
21
0.995791
0
LINE
8
Edge.Cuts
6
CONTINUOUS
10
73.7863830000000007
20
0.995791
11
73.7933919999999972
21
0.986911
0
LINE
8
Edge.Cuts
6
CONTINUOUS
10
73.7933919999999972
20
0.986911
11
73.8003389999999939
21
0.9779819999999999
0
LINE
8
Edge.Cuts
6
CONTINUOUS
10
73.8003389999999939
20
0.9779819999999999
11
73.8072219999999959
21
0.9690029999999999
0
LINE
8
Edge.Cuts
6
CONTINUOUS
10
73.8072219999999959
20
0.9690029999999999
11
73.8140420000000006
21
0.959977
0
LINE
8
Edge.Cuts
6
CONTINUOUS
10
73.8140420000000006
20
0.959977
11
73.8207979999999964
21
0.9509019999999999
0
LINE
8
Edge.Cuts
6
CONTINUOUS
10
73.8207979999999964
20
0.9509019999999999
11
73.8274899999999974
21
0.9417789999999999
0
LINE
8
Edge.Cuts
6
CONTINUOUS
10
73.8274899999999974
20
0.9417789999999999
11
73.834116999999992
21
0.9326089999999999
0
LINE
8
Edge.Cuts
6
CONTINUOUS
10
73.834116999999992
20
0.9326089999999999
11
73.8406789999999944
21
0.9233929999999999
0
LINE
8
Edge.Cuts
6
CONTINUOUS
10
73.8406789999999944
20
0.9233929999999999
11
73.8471759999999904
21
0.91413
0
LINE
8
Edge.Cuts
6
CONTINUOUS
10
73.8471759999999904
20
0.91413
11
73.8503989999999959
21
0.909482
0
LINE
8
Edge.Cuts
6
CONTINUOUS
10
73.8503989999999959
20
0.909482
11
73.8536069999999967
21
0.9048219999999999
0
LINE
8
Edge.Cuts
6
CONTINUOUS
10
73.8536069999999967
20
0.9048219999999999
11
73.8567979999999977
21
0.9001509999999999
0
LINE
8
Edge.Cuts
6
CONTINUOUS
10
73.8567979999999977
20
0.9001509999999999
11
73.8599719999999991
21
0.8954679999999999
0
LINE
8
Edge.Cuts
6
CONTINUOUS
10
73.8599719999999991
20
0.8954679999999999
11
73.8631299999999982
21
0.890775
0
LINE
8
Edge.Cuts
6
CONTINUOUS
10
73.8631299999999982
20
0.890775
11
73.8662709999999976
21
0.8860699999999999
0
LINE
8
Edge.Cuts
6
CONTINUOUS
10
73.8662709999999976
20
0.8860699999999999
11
73.8693949999999973
21
0.881354
0
LINE
8
Edge.Cuts
6
CONTINUOUS
10
73.8693949999999973
20
0.881354
11
73.8725029999999947
21
0.8766269999999999
0
LINE
8
Edge.Cuts
6
CONTINUOUS
10
73.8725029999999947
20
0.8766269999999999
11
73.8755939999999924
21
0.8718889999999999
0
LINE
8
Edge.Cuts
6
CONTINUOUS
10
73.8755939999999924
20
0.8718889999999999
11
73.8786690000000021
21
0.8671399999999999
0
LINE
8
Edge.Cuts
6
CONTINUOUS
10
73.8786690000000021
20
0.8671399999999999
11
73.8817260000000005
21
0.8623799999999999
0
LINE
8
Edge.Cuts
6
CONTINUOUS
10
73.8817260000000005
20
0.8623799999999999
11
73.8847669999999965
21
0.85761
0
LINE
8
Edge.Cuts
6
CONTINUOUS
10
73.8847669999999965
20
0.85761
11
73.8877909999999929
21
0.8528289999999999
0
LINE
8
Edge.Cuts
6
CONTINUOUS
10
73.8877909999999929
20
0.8528289999999999
11
73.8907980000000038
21
0.8480369999999999
0
LINE
8
Edge.Cuts
6
CONTINUOUS
10
73.8907980000000038
20
0.8480369999999999
11
73.8937880000000007
21
0.8432339999999999
0
LINE
8
Edge.Cuts
6
CONTINUOUS
10
73.8937880000000007
20
0.8432339999999999
11
73.8967609999999979
21
0.838421
0
LINE
8
Edge.Cuts
6
CONTINUOUS
10
73.8967609999999979
20
0.838421
11
73.899715999999998
21
0.833598
0
LINE
8
Edge.Cuts
6
CONTINUOUS
10
73.899715999999998
20
0.833598
11
73.9026549999999958
21
0.8287639999999999
0
LINE
8
Edge.Cuts
6
CONTINUOUS
10
73.9026549999999958
20
0.8287639999999999
11
73.9055769999999939
21
0.82392
0
LINE
8
Edge.Cuts
6
CONTINUOUS
10
73.9055769999999939
20
0.82392
11
73.9084819999999922
21
0.8190649999999999
0
LINE
8
Edge.Cuts
6
CONTINUOUS
10
73.9084819999999922
20
0.8190649999999999
11
73.9113689999999934
21
0.8141999999999999
0
LINE
8
Edge.Cuts
6
CONTINUOUS
10
73.9113689999999934
20
0.8141999999999999
11
73.9142389999999949
21
0.809325
0
LINE
8
Edge.Cuts
6
CONTINUOUS
10
73.9142389999999949
20
0.809325
11
73.9170919999999967
21
0.8044399999999999
0
LINE
8
Edge.Cuts
6
CONTINUOUS
10
73.9170919999999967
20
0.8044399999999999
11
73.9199279999999987
21
0.799545
0
LINE
8
Edge.Cuts
6
CONTINUOUS
10
73.9199279999999987
20
0.799545
11
73.9227460000000036
21
0.79464
0
LINE
8
Edge.Cuts
6
CONTINUOUS
10
73.9227460000000036
20
0.79464
11
73.9255469999999946
21
0.789724
0
LINE
8
Edge.Cuts
6
CONTINUOUS
10
73.9255469999999946
20
0.789724
11
73.928331
21
0.7847989999999999
0
LINE
8
Edge.Cuts
6
CONTINUOUS
10
73.928331
20
0.7847989999999999
11
73.9310969999999941
21
0.779864
0
LINE
8
Edge.Cuts
6
CONTINUOUS
10
73.9310969999999941
20
0.779864
11
73.9338460000000026
21
0.7749199999999999
0
LINE
8
Edge.Cuts
6
CONTINUOUS
10
73.9338460000000026
20
0.7749199999999999
11
73.9365769999999998
21
0.769965
0
LINE
8
Edge.Cuts
6
CONTINUOUS
10
73.9365769999999998
20
0.769965
11
73.9392909999999972
21
0.765002
0
LINE
8
Edge.Cuts
6
CONTINUOUS
10
73.9392909999999972
20
0.765002
11
73.9419869999999975
21
0.7600279999999999
0
LINE
8
Edge.Cuts
6
CONTINUOUS
10
73.9419869999999975
20
0.7600279999999999
11
73.9446650000000005
21
0.755045
0
LINE
8
Edge.Cuts
6
CONTINUOUS
10
73.9446650000000005
20
0.755045
11
73.9473259999999897
21
0.7500519999999999
0
LINE
8
Edge.Cuts
6
CONTINUOUS
10
73.9473259999999897
20
0.7500519999999999
11
73.9499689999999958
21
0.745051
0
LINE
8
Edge.Cuts
6
CONTINUOUS
10
73.9499689999999958
20
0.745051
11
73.9525950000000023
21
0.740039
0
LINE
8
Edge.Cuts
6
CONTINUOUS
10
73.9525950000000023
20
0.740039
11
73.9552029999999974
21
0.735019
0
LINE
8
Edge.Cuts
6
CONTINUOUS
10
73.9552029999999974
20
0.735019
11
73.9577929999999952
21
0.729989
0
LINE
8
Edge.Cuts
6
CONTINUOUS
10
73.9577929999999952
20
0.729989
11
73.9603649999999959
21
0.724951
0
LINE
8
Edge.Cuts
6
CONTINUOUS
10
73.9603649999999959
20
0.724951
11
73.9629199999999969
21
0.719903
0
LINE
8
Edge.Cuts
6
CONTINUOUS
10
73.9629199999999969
20
0.719903
11
73.9654560000000032
21
0.714846
0
LINE
8
Edge.Cuts
6
CONTINUOUS
10
73.9654560000000032
20
0.714846
11
73.9679749999999956
21
0.70978
0
LINE
8
Edge.Cuts
6
CONTINUOUS
10
73.9679749999999956
20
0.70978
11
73.9704749999999933
21
0.7047049999999999
0
LINE
8
Edge.Cuts
6
CONTINUOUS
10
73.9704749999999933
20
0.7047049999999999
11
73.9729579999999913
21
0.6996209999999999
0
LINE
8
Edge.Cuts
6
CONTINUOUS
10
73.9729579999999913
20
0.6996209999999999
11
73.9754229999999922
21
0.694529
0
LINE
8
Edge.Cuts
6
CONTINUOUS
10
73.9754229999999922
20
0.694529
11
73.9778699999999958
21
0.6894279999999999
0
LINE
8
Edge.Cuts
6
CONTINUOUS
10
73.9778699999999958
20
0.6894279999999999
11
73.9802979999999906
21
0.684319
0
LINE
8
Edge.Cuts
6
CONTINUOUS
10
73.9802979999999906
20
0.684319
11
73.9827089999999998
21
0.6791999999999999
0
LINE
8
Edge.Cuts
6
CONTINUOUS
10
73.9827089999999998
20
0.6791999999999999
11
73.9851019999999977
21
0.674074
0
LINE
8
Edge.Cuts
6
CONTINUOUS
10
73.9851019999999977
20
0.674074
11
73.9874760000000009
21
0.6689379999999999
0
LINE
8
Edge.Cuts
6
CONTINUOUS
10
73.9874760000000009
20
0.6689379999999999
11
73.9920489999999944
21
0.6589119999999999
0
LINE
8
Edge.Cuts
6
CONTINUOUS
10
72.5340249999999997
20
1.5999999999999999
11
62.9950819999999965
21
1.5999999999999999
0
LINE
8
Edge.Cuts
6
CONTINUOUS
10
15.6950819999999993
20
2.1603919999999999
11
15.6950819999999993
21
2.1000000000000001
0
LINE
8
Edge.Cuts
6
CONTINUOUS
10
62.4950819999999965
20
2.1000000000000001
11
62.4950819999999965
21
2.1603919999999999
0
ARC
8
Edge.Cuts
10
62.9950999999999937
20
2.1604000000000001
40
0.5000180000639977
50
-256.22359155
51
-179.99908330
0
LINE
8
Edge.Cuts
6
CONTINUOUS
10
64.0950819999999908
20
4.2000000000000002
11
64.0950819999999908
21
7.
0
LINE
8
Edge.Cuts
6
CONTINUOUS
10
62.4950819999999965
20
8.5999999999999996
11
15.6950819999999993
21
8.5999999999999996
0
LINE
8
Edge.Cuts
6
CONTINUOUS
10
14.0950819999999997
20
7.
11
14.0950819999999997
21
4.2000000000000002
0
ARC
8
Edge.Cuts
10
15.6951000000000001
20
4.2000000000000002
40
1.6000045309342095
50
-180.00000000
51
-103.77479371
0
ARC
8
Edge.Cuts
10
15.1951000000000001
20
2.1604000000000001
40
0.4999878884633107
50
-0.00091677
51
76.22770957
0
ARC
8
Edge.Cuts
10
15.1951000000000001
20
2.1000000000000001
40
0.499982
50
-90.00206265
51
-0.00000000
0
LINE
8
Edge.Cuts
6
CONTINUOUS
10
15.1950819999999993
20
1.5999999999999999
11
1.5999999999999999
21
1.5999999999999999
0
ARC
8
Edge.Cuts
10
1.5999999999999999
20
0.
40
1.5999999999999999
50
90.00000000
51
180.00000000
0
LINE
8
Edge.Cuts
6
CONTINUOUS
10
1.5999999999999999
20
-93.6499999999999915
11
15.1950819999999993
21
-93.6499999999999915
0
LINE
8
Edge.Cuts
6
CONTINUOUS
10
15.6950819999999993
20
-94.1499999999999915
11
15.6950819999999993
21
-94.2103919999999988
0
ARC
8
Edge.Cuts
10
15.6951000000000001
20
-96.25
40
1.6000179999999999
50
103.77479371
51
180.00000000
0
LINE
8
Edge.Cuts
6
CONTINUOUS
10
282.0625
20
-77.625
11
282.0625
21
-90.625
0
LINE
8
Edge.Cuts
6
CONTINUOUS
10
284.0625
20
-90.625
11
284.0625
21
-77.625
0
LINE
8
Edge.Cuts
6
CONTINUOUS
10
283.5625
20
-77.125
11
282.5625
21
-77.125
0
LINE
8
Edge.Cuts
6
CONTINUOUS
10
282.5625
20
-91.125
11
283.5625
21
-91.125
0
ARC
8
Edge.Cuts
10
282.5625
20
-77.625
40
0.5
50
90.00000000
51
180.00000000
0
ARC
8
Edge.Cuts
10
283.5625
20
-77.625
40
0.5
50
0.00000000
51
90.00000000
0
ARC
8
Edge.Cuts
10
283.5625
20
-90.625
40
0.5
50
-90.00000000
51
-0.00000000
0
ARC
8
Edge.Cuts
10
282.5625
20
-90.625
40
0.5
50
-180.00000000
51
-90.00000000
0
LINE
8
Edge.Cuts
6
CONTINUOUS
10
264.4624999999999773
20
-77.625
11
264.4624999999999773
21
-90.625
0
LINE
8
Edge.Cuts
6
CONTINUOUS
10
278.4624999999999773
20
-90.625
11
278.4624999999999773
21
-77.625
0
LINE
8
Edge.Cuts
6
CONTINUOUS
10
277.9624999999999773
20
-77.125
11
264.9624999999999773
21
-77.125
0
LINE
8
Edge.Cuts
6
CONTINUOUS
10
264.9624999999999773
20
-91.125
11
277.9624999999999773
21
-91.125
0
ARC
8
Edge.Cuts
10
264.9624999999999773
20
-77.625
40
0.5
50
90.00000000
51
180.00000000
0
ARC
8
Edge.Cuts
10
277.9624999999999773
20
-77.625
40
0.5
50
0.00000000
51
90.00000000
0
ARC
8
Edge.Cuts
10
277.9624999999999773
20
-90.625
40
0.5
50
-90.00000000
51
-0.00000000
0
ARC
8
Edge.Cuts
10
264.9624999999999773
20
-90.625
40
0.5
50
-180.00000000
51
-90.00000000
0
LINE
8
Edge.Cuts
6
CONTINUOUS
10
240.6499999999999773
20
-77.625
11
240.6499999999999773
21
-90.625
0
LINE
8
Edge.Cuts
6
CONTINUOUS
10
254.6499999999999773
20
-90.625
11
254.6499999999999773
21
-77.625
0
LINE
8
Edge.Cuts
6
CONTINUOUS
10
254.1499999999999773
20
-77.125
11
241.1499999999999773
21
-77.125
0
LINE
8
Edge.Cuts
6
CONTINUOUS
10
241.1499999999999773
20
-91.125
11
254.1499999999999773
21
-91.125
0
ARC
8
Edge.Cuts
10
241.1499999999999773
20
-77.625
40
0.5
50
90.00000000
51
180.00000000
0
ARC
8
Edge.Cuts
10
254.1499999999999773
20
-77.625
40
0.5
50
0.00000000
51
90.00000000
0
ARC
8
Edge.Cuts
10
254.1499999999999773
20
-90.625
40
0.5
50
-90.00000000
51
-0.00000000
0
ARC
8
Edge.Cuts
10
241.1499999999999773
20
-90.625
40
0.5
50
-180.00000000
51
-90.00000000
0
LINE
8
Edge.Cuts
6
CONTINUOUS
10
234.4375
20
-77.625
11
234.4375
21
-90.625
0
LINE
8
Edge.Cuts
6
CONTINUOUS
10
236.4375
20
-90.625
11
236.4375
21
-77.625
0
LINE
8
Edge.Cuts
6
CONTINUOUS
10
235.9375
20
-77.125
11
234.9375
21
-77.125
0
LINE
8
Edge.Cuts
6
CONTINUOUS
10
234.9375
20
-91.125
11
235.9375
21
-91.125
0
ARC
8
Edge.Cuts
10
234.9375
20
-77.625
40
0.5
50
90.00000000
51
180.00000000
0
ARC
8
Edge.Cuts
10
235.9375
20
-77.625
40
0.5
50
0.00000000
51
90.00000000
0
ARC
8
Edge.Cuts
10
235.9375
20
-90.625
40
0.5
50
-90.00000000
51
-0.00000000
0
ARC
8
Edge.Cuts
10
234.9375
20
-90.625
40
0.5
50
-180.00000000
51
-90.00000000
0
LINE
8
Edge.Cuts
6
CONTINUOUS
10
216.8374999999999773
20
-77.625
11
216.8374999999999773
21
-90.625
0
LINE
8
Edge.Cuts
6
CONTINUOUS
10
230.8374999999999773
20
-90.625
11
230.8374999999999773
21
-77.625
0
LINE
8
Edge.Cuts
6
CONTINUOUS
10
230.3374999999999773
20
-77.125
11
217.3374999999999773
21
-77.125
0
LINE
8
Edge.Cuts
6
CONTINUOUS
10
217.3374999999999773
20
-91.125
11
230.3374999999999773
21
-91.125
0
ARC
8
Edge.Cuts
10
217.3374999999999773
20
-77.625
40
0.5
50
90.00000000
51
180.00000000
0
ARC
8
Edge.Cuts
10
230.3374999999999773
20
-77.625
40
0.5
50
0.00000000
51
90.00000000
0
ARC
8
Edge.Cuts
10
230.3374999999999773
20
-90.625
40
0.5
50
-90.00000000
51
-0.00000000
0
ARC
8
Edge.Cuts
10
217.3374999999999773
20
-90.625
40
0.5
50
-180.00000000
51
-90.00000000
0
LINE
8
Edge.Cuts
6
CONTINUOUS
10
89.2249999999999943
20
-90.625
11
89.2249999999999943
21
-76.625
0
LINE
8
Edge.Cuts
6
CONTINUOUS
10
82.2249999999999943
20
-76.625
11
82.2249999999999943
21
-90.625
0
LINE
8
Edge.Cuts
6
CONTINUOUS
10
82.7249999999999943
20
-91.125
11
88.7249999999999943
21
-91.125
0
LINE
8
Edge.Cuts
6
CONTINUOUS
10
88.7249999999999943
20
-76.125
11
82.7249999999999943
21
-76.125
0
ARC
8
Edge.Cuts
10
88.7249999999999943
20
-90.625
40
0.5
50
-90.00000000
51
-0.00000000
0
ARC
8
Edge.Cuts
10
82.7249999999999943
20
-90.625
40
0.5
50
-180.00000000
51
-90.00000000
0
ARC
8
Edge.Cuts
10
82.7249999999999943
20
-76.625
40
0.5
50
90.00000000
51
180.00000000
0
ARC
8
Edge.Cuts
10
88.7249999999999943
20
-76.625
40
0.5
50
0.00000000
51
90.00000000
0
LINE
8
Edge.Cuts
6
CONTINUOUS
10
203.5249999999999773
20
-90.625
11
203.5249999999999773
21
-76.625
0
LINE
8
Edge.Cuts
6
CONTINUOUS
10
196.5249999999999773
20
-76.625
11
196.5249999999999773
21
-90.625
0
LINE
8
Edge.Cuts
6
CONTINUOUS
10
197.0249999999999773
20
-91.125
11
203.0249999999999773
21
-91.125
0
LINE
8
Edge.Cuts
6
CONTINUOUS
10
203.0249999999999773
20
-76.125
11
197.0249999999999773
21
-76.125
0
ARC
8
Edge.Cuts
10
203.0249999999999773
20
-90.625
40
0.5
50
-90.00000000
51
-0.00000000
0
ARC
8
Edge.Cuts
10
197.0249999999999773
20
-90.625
40
0.5
50
-180.00000000
51
-90.00000000
0
ARC
8
Edge.Cuts
10
197.0249999999999773
20
-76.625
40
0.5
50
90.00000000
51
180.00000000
0
ARC
8
Edge.Cuts
10
203.0249999999999773
20
-76.625
40
0.5
50
0.00000000
51
90.00000000
0
LINE
8
Edge.Cuts
6
CONTINUOUS
10
135.875
20
-77.625
11
135.875
21
-90.625
0
LINE
8
Edge.Cuts
6
CONTINUOUS
10
149.875
20
-90.625
11
149.875
21
-77.625
0
LINE
8
Edge.Cuts
6
CONTINUOUS
10
149.375
20
-77.125
11
136.375
21
-77.125
0
LINE
8
Edge.Cuts
6
CONTINUOUS
10
136.375
20
-91.125
11
149.375
21
-91.125
0
ARC
8
Edge.Cuts
10
136.375
20
-77.625
40
0.5
50
90.00000000
51
180.00000000
0
ARC
8
Edge.Cuts
10
149.375
20
-77.625
40
0.5
50
0.00000000
51
90.00000000
0
ARC
8
Edge.Cuts
10
149.375
20
-90.625
40
0.5
50
-90.00000000
51
-0.00000000
0
ARC
8
Edge.Cuts
10
136.375
20
-90.625
40
0.5
50
-180.00000000
51
-90.00000000
0
LINE
8
Edge.Cuts
6
CONTINUOUS
10
49.3125
20
-77.625
11
49.3125
21
-90.625
0
LINE
8
Edge.Cuts
6
CONTINUOUS
10
51.3125
20
-90.625
11
51.3125
21
-77.625
0
LINE
8
Edge.Cuts
6
CONTINUOUS
10
50.8125
20
-77.125
11
49.8125
21
-77.125
0
LINE
8
Edge.Cuts
6
CONTINUOUS
10
49.8125
20
-91.125
11
50.8125
21
-91.125
0
ARC
8
Edge.Cuts
10
49.8125
20
-77.625
40
0.5
50
90.00000000
51
180.00000000
0
ARC
8
Edge.Cuts
10
50.8125
20
-77.625
40
0.5
50
0.00000000
51
90.00000000
0
ARC
8
Edge.Cuts
10
50.8125
20
-90.625
40
0.5
50
-90.00000000
51
-0.00000000
0
ARC
8
Edge.Cuts
10
49.8125
20
-90.625
40
0.5
50
-180.00000000
51
-90.00000000
0
LINE
8
Edge.Cuts
6
CONTINUOUS
10
54.9124999999999943
20
-77.625
11
54.9124999999999943
21
-90.625
0
LINE
8
Edge.Cuts
6
CONTINUOUS
10
68.9124999999999943
20
-90.625
11
68.9124999999999943
21
-77.625
0
LINE
8
Edge.Cuts
6
CONTINUOUS
10
68.4124999999999943
20
-77.125
11
55.4124999999999943
21
-77.125
0
LINE
8
Edge.Cuts
6
CONTINUOUS
10
55.4124999999999943
20
-91.125
11
68.4124999999999943
21
-91.125
0
ARC
8
Edge.Cuts
10
55.4124999999999943
20
-77.625
40
0.5
50
90.00000000
51
180.00000000
0
ARC
8
Edge.Cuts
10
68.4124999999999943
20
-77.625
40
0.5
50
0.00000000
51
90.00000000
0
ARC
8
Edge.Cuts
10
68.4124999999999943
20
-90.625
40
0.5
50
-90.00000000
51
-0.00000000
0
ARC
8
Edge.Cuts
10
55.4124999999999943
20
-90.625
40
0.5
50
-180.00000000
51
-90.00000000
0
LINE
8
Edge.Cuts
6
CONTINUOUS
10
31.0999999999999979
20
-77.625
11
31.0999999999999979
21
-90.625
0
LINE
8
Edge.Cuts
6
CONTINUOUS
10
45.1000000000000014
20
-90.625
11
45.1000000000000014
21
-77.625
0
LINE
8
Edge.Cuts
6
CONTINUOUS
10
44.6000000000000014
20
-77.125
11
31.5999999999999979
21
-77.125
0
LINE
8
Edge.Cuts
6
CONTINUOUS
10
31.5999999999999979
20
-91.125
11
44.6000000000000014
21
-91.125
0
ARC
8
Edge.Cuts
10
31.5999999999999979
20
-77.625
40
0.5
50
90.00000000
51
180.00000000
0
ARC
8
Edge.Cuts
10
44.6000000000000014
20
-77.625
40
0.5
50
0.00000000
51
90.00000000
0
ARC
8
Edge.Cuts
10
44.6000000000000014
20
-90.625
40
0.5
50
-90.00000000
51
-0.00000000
0
ARC
8
Edge.Cuts
10
31.5999999999999979
20
-90.625
40
0.5
50
-180.00000000
51
-90.00000000
0
LINE
8
Edge.Cuts
6
CONTINUOUS
10
1.6875
20
-77.625
11
1.6875
21
-90.625
0
LINE
8
Edge.Cuts
6
CONTINUOUS
10
3.6875
20
-90.625
11
3.6875
21
-77.625
0
LINE
8
Edge.Cuts
6
CONTINUOUS
10
3.1875
20
-77.125
11
2.1875
21
-77.125
0
LINE
8
Edge.Cuts
6
CONTINUOUS
10
2.1875
20
-91.125
11
3.1875
21
-91.125
0
ARC
8
Edge.Cuts
10
2.1875
20
-77.625
40
0.5
50
90.00000000
51
180.00000000
0
ARC
8
Edge.Cuts
10
3.1875
20
-77.625
40
0.5
50
0.00000000
51
90.00000000
0
ARC
8
Edge.Cuts
10
3.1875
20
-90.625
40
0.5
50
-90.00000000
51
-0.00000000
0
ARC
8
Edge.Cuts
10
2.1875
20
-90.625
40
0.5
50
-180.00000000
51
-90.00000000
0
LINE
8
Edge.Cuts
6
CONTINUOUS
10
7.2874999999999996
20
-77.625
11
7.2874999999999996
21
-90.625
0
LINE
8
Edge.Cuts
6
CONTINUOUS
10
21.2874999999999979
20
-90.625
11
21.2874999999999979
21
-77.625
0
LINE
8
Edge.Cuts
6
CONTINUOUS
10
20.7874999999999979
20
-77.125
11
7.7874999999999996
21
-77.125
0
LINE
8
Edge.Cuts
6
CONTINUOUS
10
7.7874999999999996
20
-91.125
11
20.7874999999999979
21
-91.125
0
ARC
8
Edge.Cuts
10
7.7874999999999996
20
-77.625
40
0.5
50
90.00000000
51
180.00000000
0
ARC
8
Edge.Cuts
10
20.7874999999999979
20
-77.625
40
0.5
50
0.00000000
51
90.00000000
0
ARC
8
Edge.Cuts
10
20.7874999999999979
20
-90.625
40
0.5
50
-90.00000000
51
-0.00000000
0
ARC
8
Edge.Cuts
10
7.7874999999999996
20
-90.625
40
0.5
50
-180.00000000
51
-90.00000000
0
LINE
8
Edge.Cuts
6
CONTINUOUS
10
269.2249999999999659
20
-58.5749999999999957
11
269.2249999999999659
21
-71.5750000000000028
0
LINE
8
Edge.Cuts
6
CONTINUOUS
10
283.2249999999999659
20
-71.5750000000000028
11
283.2249999999999659
21
-58.5749999999999957
0
LINE
8
Edge.Cuts
6
CONTINUOUS
10
282.7249999999999659
20
-58.0749999999999957
11
269.7249999999999659
21
-58.0749999999999957
0
LINE
8
Edge.Cuts
6
CONTINUOUS
10
269.7249999999999659
20
-72.0750000000000028
11
282.7249999999999659
21
-72.0750000000000028
0
ARC
8
Edge.Cuts
10
269.7249999999999659
20
-58.5749999999999957
40
0.5
50
90.00000000
51
180.00000000
0
ARC
8
Edge.Cuts
10
282.7249999999999659
20
-58.5749999999999957
40
0.5
50
0.00000000
51
90.00000000
0
ARC
8
Edge.Cuts
10
282.7249999999999659
20
-71.5750000000000028
40
0.5
50
-90.00000000
51
-0.00000000
0
ARC
8
Edge.Cuts
10
269.7249999999999659
20
-71.5750000000000028
40
0.5
50
-180.00000000
51
-90.00000000
0
LINE
8
Edge.Cuts
6
CONTINUOUS
10
243.03125
20
-58.5749999999999957
11
243.03125
21
-71.5750000000000028
0
LINE
8
Edge.Cuts
6
CONTINUOUS
10
257.03125
20
-71.5750000000000028
11
257.03125
21
-58.5749999999999957
0
LINE
8
Edge.Cuts
6
CONTINUOUS
10
256.53125
20
-58.0749999999999957
11
243.53125
21
-58.0749999999999957
0
LINE
8
Edge.Cuts
6
CONTINUOUS
10
243.53125
20
-72.0750000000000028
11
256.53125
21
-72.0750000000000028
0
ARC
8
Edge.Cuts
10
243.5312999999999874
20
-58.5749999999999957
40
0.50005
50
90.00572958
51
180.00000000
0
ARC
8
Edge.Cuts
10
256.5312000000000126
20
-58.5749999999999957
40
0.5000000025
50
0.00000000
51
89.99427042
0
ARC
8
Edge.Cuts
10
256.5312000000000126
20
-71.5750000000000028
40
0.50005
50
-89.99427042
51
-0.00000000
0
ARC
8
Edge.Cuts
10
243.5312999999999874
20
-71.5750000000000028
40
0.5000000025
50
-180.00000000
51
-90.00572958
0
LINE
8
Edge.Cuts
6
CONTINUOUS
10
216.8374999999999773
20
-58.5749999999999957
11
216.8374999999999773
21
-71.5750000000000028
0
LINE
8
Edge.Cuts
6
CONTINUOUS
10
230.8374999999999773
20
-71.5750000000000028
11
230.8374999999999773
21
-58.5749999999999957
0
LINE
8
Edge.Cuts
6
CONTINUOUS
10
230.3374999999999773
20
-58.0749999999999957
11
217.3374999999999773
21
-58.0749999999999957
0
LINE
8
Edge.Cuts
6
CONTINUOUS
10
217.3374999999999773
20
-72.0750000000000028
11
230.3374999999999773
21
-72.0750000000000028
0
ARC
8
Edge.Cuts
10
217.3374999999999773
20
-58.5749999999999957
40
0.5
50
90.00000000
51
180.00000000
0
ARC
8
Edge.Cuts
10
230.3374999999999773
20
-58.5749999999999957
40
0.5
50
0.00000000
51
90.00000000
0
ARC
8
Edge.Cuts
10
230.3374999999999773
20
-71.5750000000000028
40
0.5
50
-90.00000000
51
-0.00000000
0
ARC
8
Edge.Cuts
10
217.3374999999999773
20
-71.5750000000000028
40
0.5
50
-180.00000000
51
-90.00000000
0
LINE
8
Edge.Cuts
6
CONTINUOUS
10
197.7874999999999943
20
-58.5749999999999957
11
197.7874999999999943
21
-71.5750000000000028
0
LINE
8
Edge.Cuts
6
CONTINUOUS
10
211.7874999999999943
20
-71.5750000000000028
11
211.7874999999999943
21
-58.5749999999999957
0
LINE
8
Edge.Cuts
6
CONTINUOUS
10
211.2874999999999943
20
-58.0749999999999957
11
198.2874999999999943
21
-58.0749999999999957
0
LINE
8
Edge.Cuts
6
CONTINUOUS
10
198.2874999999999943
20
-72.0750000000000028
11
211.2874999999999943
21
-72.0750000000000028
0
ARC
8
Edge.Cuts
10
198.2874999999999943
20
-58.5749999999999957
40
0.5
50
90.00000000
51
180.00000000
0
ARC
8
Edge.Cuts
10
211.2874999999999943
20
-58.5749999999999957
40
0.5
50
0.00000000
51
90.00000000
0
ARC
8
Edge.Cuts
10
211.2874999999999943
20
-71.5750000000000028
40
0.5
50
-90.00000000
51
-0.00000000
0
ARC
8
Edge.Cuts
10
198.2874999999999943
20
-71.5750000000000028
40
0.5
50
-180.00000000
51
-90.00000000
0
LINE
8
Edge.Cuts
6
CONTINUOUS
10
178.7374999999999829
20
-58.5749999999999957
11
178.7374999999999829
21
-71.5750000000000028
0
LINE
8
Edge.Cuts
6
CONTINUOUS
10
192.7374999999999829
20
-71.5750000000000028
11
192.7374999999999829
21
-58.5749999999999957
0
LINE
8
Edge.Cuts
6
CONTINUOUS
10
192.2374999999999829
20
-58.0749999999999957
11
179.2374999999999829
21
-58.0749999999999957
0
LINE
8
Edge.Cuts
6
CONTINUOUS
10
179.2374999999999829
20
-72.0750000000000028
11
192.2374999999999829
21
-72.0750000000000028
0
ARC
8
Edge.Cuts
10
179.2374999999999829
20
-58.5749999999999957
40
0.5
50
90.00000000
51
180.00000000
0
ARC
8
Edge.Cuts
10
192.2374999999999829
20
-58.5749999999999957
40
0.5
50
0.00000000
51
90.00000000
0
ARC
8
Edge.Cuts
10
192.2374999999999829
20
-71.5750000000000028
40
0.5
50
-90.00000000
51
-0.00000000
0
ARC
8
Edge.Cuts
10
179.2374999999999829
20
-71.5750000000000028
40
0.5
50
-180.00000000
51
-90.00000000
0
LINE
8
Edge.Cuts
6
CONTINUOUS
10
159.6875
20
-58.5749999999999957
11
159.6875
21
-71.5750000000000028
0
LINE
8
Edge.Cuts
6
CONTINUOUS
10
173.6875
20
-71.5750000000000028
11
173.6875
21
-58.5749999999999957
0
LINE
8
Edge.Cuts
6
CONTINUOUS
10
173.1875
20
-58.0749999999999957
11
160.1875
21
-58.0749999999999957
0
LINE
8
Edge.Cuts
6
CONTINUOUS
10
160.1875
20
-72.0750000000000028
11
173.1875
21
-72.0750000000000028
0
ARC
8
Edge.Cuts
10
160.1875
20
-58.5749999999999957
40
0.5
50
90.00000000
51
180.00000000
0
ARC
8
Edge.Cuts
10
173.1875
20
-58.5749999999999957
40
0.5
50
0.00000000
51
90.00000000
0
ARC
8
Edge.Cuts
10
173.1875
20
-71.5750000000000028
40
0.5
50
-90.00000000
51
-0.00000000
0
ARC
8
Edge.Cuts
10
160.1875
20
-71.5750000000000028
40
0.5
50
-180.00000000
51
-90.00000000
0
LINE
8
Edge.Cuts
6
CONTINUOUS
10
140.6374999999999886
20
-58.5749999999999957
11
140.6374999999999886
21
-71.5750000000000028
0
LINE
8
Edge.Cuts
6
CONTINUOUS
10
154.6374999999999886
20
-71.5750000000000028
11
154.6374999999999886
21
-58.5749999999999957
0
LINE
8
Edge.Cuts
6
CONTINUOUS
10
154.1374999999999886
20
-58.0749999999999957
11
141.1374999999999886
21
-58.0749999999999957
0
LINE
8
Edge.Cuts
6
CONTINUOUS
10
141.1374999999999886
20
-72.0750000000000028
11
154.1374999999999886
21
-72.0750000000000028
0
ARC
8
Edge.Cuts
10
141.1374999999999886
20
-58.5749999999999957
40
0.5
50
90.00000000
51
180.00000000
0
ARC
8
Edge.Cuts
10
154.1374999999999886
20
-58.5749999999999957
40
0.5
50
0.00000000
51
90.00000000
0
ARC
8
Edge.Cuts
10
154.1374999999999886
20
-71.5750000000000028
40
0.5
50
-90.00000000
51
-0.00000000
0
ARC
8
Edge.Cuts
10
141.1374999999999886
20
-71.5750000000000028
40
0.5
50
-180.00000000
51
-90.00000000
0
LINE
8
Edge.Cuts
6
CONTINUOUS
10
121.5874999999999915
20
-58.5749999999999957
11
121.5874999999999915
21
-71.5750000000000028
0
LINE
8
Edge.Cuts
6
CONTINUOUS
10
135.5875000000000057
20
-71.5750000000000028
11
135.5875000000000057
21
-58.5749999999999957
0
LINE
8
Edge.Cuts
6
CONTINUOUS
10
135.0875000000000057
20
-58.0749999999999957
11
122.0874999999999915
21
-58.0749999999999957
0
LINE
8
Edge.Cuts
6
CONTINUOUS
10
122.0874999999999915
20
-72.0750000000000028
11
135.0875000000000057
21
-72.0750000000000028
0
ARC
8
Edge.Cuts
10
122.0874999999999915
20
-58.5749999999999957
40
0.5
50
90.00000000
51
180.00000000
0
ARC
8
Edge.Cuts
10
135.0875000000000057
20
-58.5749999999999957
40
0.5
50
0.00000000
51
90.00000000
0
ARC
8
Edge.Cuts
10
135.0875000000000057
20
-71.5750000000000028
40
0.5
50
-90.00000000
51
-0.00000000
0
ARC
8
Edge.Cuts
10
122.0874999999999915
20
-71.5750000000000028
40
0.5
50
-180.00000000
51
-90.00000000
0
LINE
8
Edge.Cuts
6
CONTINUOUS
10
102.5374999999999943
20
-58.5749999999999957
11
102.5374999999999943
21
-71.5750000000000028
0
LINE
8
Edge.Cuts
6
CONTINUOUS
10
116.5374999999999943
20
-71.5750000000000028
11
116.5374999999999943
21
-58.5749999999999957
0
LINE
8
Edge.Cuts
6
CONTINUOUS
10
116.0374999999999943
20
-58.0749999999999957
11
103.0374999999999943
21
-58.0749999999999957
0
LINE
8
Edge.Cuts
6
CONTINUOUS
10
103.0374999999999943
20
-72.0750000000000028
11
116.0374999999999943
21
-72.0750000000000028
0
ARC
8
Edge.Cuts
10
103.0374999999999943
20
-58.5749999999999957
40
0.5
50
90.00000000
51
180.00000000
0
ARC
8
Edge.Cuts
10
116.0374999999999943
20
-58.5749999999999957
40
0.5
50
0.00000000
51
90.00000000
0
ARC
8
Edge.Cuts
10
116.0374999999999943
20
-71.5750000000000028
40
0.5
50
-90.00000000
51
-0.00000000
0
ARC
8
Edge.Cuts
10
103.0374999999999943
20
-71.5750000000000028
40
0.5
50
-180.00000000
51
-90.00000000
0
LINE
8
Edge.Cuts
6
CONTINUOUS
10
83.4874999999999972
20
-58.5749999999999957
11
83.4874999999999972
21
-71.5750000000000028
0
LINE
8
Edge.Cuts
6
CONTINUOUS
10
97.4874999999999972
20
-71.5750000000000028
11
97.4874999999999972
21
-58.5749999999999957
0
LINE
8
Edge.Cuts
6
CONTINUOUS
10
96.9874999999999972
20
-58.0749999999999957
11
83.9874999999999972
21
-58.0749999999999957
0
LINE
8
Edge.Cuts
6
CONTINUOUS
10
83.9874999999999972
20
-72.0750000000000028
11
96.9874999999999972
21
-72.0750000000000028
0
ARC
8
Edge.Cuts
10
83.9874999999999972
20
-58.5749999999999957
40
0.5
50
90.00000000
51
180.00000000
0
ARC
8
Edge.Cuts
10
96.9874999999999972
20
-58.5749999999999957
40
0.5
50
0.00000000
51
90.00000000
0
ARC
8
Edge.Cuts
10
96.9874999999999972
20
-71.5750000000000028
40
0.5
50
-90.00000000
51
-0.00000000
0
ARC
8
Edge.Cuts
10
83.9874999999999972
20
-71.5750000000000028
40
0.5
50
-180.00000000
51
-90.00000000
0
LINE
8
Edge.Cuts
6
CONTINUOUS
10
64.4375
20
-58.5749999999999957
11
64.4375
21
-71.5750000000000028
0
LINE
8
Edge.Cuts
6
CONTINUOUS
10
78.4375
20
-71.5750000000000028
11
78.4375
21
-58.5749999999999957
0
LINE
8
Edge.Cuts
6
CONTINUOUS
10
77.9375
20
-58.0749999999999957
11
64.9375
21
-58.0749999999999957
0
LINE
8
Edge.Cuts
6
CONTINUOUS
10
64.9375
20
-72.0750000000000028
11
77.9375
21
-72.0750000000000028
0
ARC
8
Edge.Cuts
10
64.9375
20
-58.5749999999999957
40
0.5
50
90.00000000
51
180.00000000
0
ARC
8
Edge.Cuts
10
77.9375
20
-58.5749999999999957
40
0.5
50
0.00000000
51
90.00000000
0
ARC
8
Edge.Cuts
10
77.9375
20
-71.5750000000000028
40
0.5
50
-90.00000000
51
-0.00000000
0
ARC
8
Edge.Cuts
10
64.9375
20
-71.5750000000000028
40
0.5
50
-180.00000000
51
-90.00000000
0
LINE
8
Edge.Cuts
6
CONTINUOUS
10
45.3874999999999957
20
-58.5749999999999957
11
45.3874999999999957
21
-71.5750000000000028
0
LINE
8
Edge.Cuts
6
CONTINUOUS
10
59.3874999999999957
20
-71.5750000000000028
11
59.3874999999999957
21
-58.5749999999999957
0
LINE
8
Edge.Cuts
6
CONTINUOUS
10
58.8874999999999957
20
-58.0749999999999957
11
45.8874999999999957
21
-58.0749999999999957
0
LINE
8
Edge.Cuts
6
CONTINUOUS
10
45.8874999999999957
20
-72.0750000000000028
11
58.8874999999999957
21
-72.0750000000000028
0
ARC
8
Edge.Cuts
10
45.8874999999999957
20
-58.5749999999999957
40
0.5
50
90.00000000
51
180.00000000
0
ARC
8
Edge.Cuts
10
58.8874999999999957
20
-58.5749999999999957
40
0.5
50
0.00000000
51
90.00000000
0
ARC
8
Edge.Cuts
10
58.8874999999999957
20
-71.5750000000000028
40
0.5
50
-90.00000000
51
-0.00000000
0
ARC
8
Edge.Cuts
10
45.8874999999999957
20
-71.5750000000000028
40
0.5
50
-180.00000000
51
-90.00000000
0
LINE
8
Edge.Cuts
6
CONTINUOUS
10
29.8692499999999974
20
-58.5749999999999957
11
29.8692499999999974
21
-72.5750000000000028
0
LINE
8
Edge.Cuts
6
CONTINUOUS
10
36.869250000000001
20
-72.5750000000000028
11
36.869250000000001
21
-58.5749999999999957
0
LINE
8
Edge.Cuts
6
CONTINUOUS
10
36.369250000000001
20
-58.0749999999999957
11
30.3692499999999974
21
-58.0749999999999957
0
LINE
8
Edge.Cuts
6
CONTINUOUS
10
30.3692499999999974
20
-73.0750000000000028
11
36.369250000000001
21
-73.0750000000000028
0
ARC
8
Edge.Cuts
10
30.3692999999999991
20
-58.5749999999999957
40
0.50005
50
90.00572958
51
180.00000000
0
ARC
8
Edge.Cuts
10
36.3691999999999993
20
-58.5749999999999957
40
0.5000000025
50
0.00000000
51
89.99427042
0
ARC
8
Edge.Cuts
10
36.3691999999999993
20
-72.5750000000000028
40
0.50005
50
-89.99427042
51
-0.00000000
0
ARC
8
Edge.Cuts
10
30.3692999999999991
20
-72.5750000000000028
40
0.5000000025
50
-180.00000000
51
-90.00572958
0
LINE
8
Edge.Cuts
6
CONTINUOUS
10
5.9932499999999997
20
-58.5749999999999957
11
5.9932499999999997
21
-72.5750000000000028
0
LINE
8
Edge.Cuts
6
CONTINUOUS
10
12.9932499999999997
20
-72.5750000000000028
11
12.9932499999999997
21
-58.5749999999999957
0
LINE
8
Edge.Cuts
6
CONTINUOUS
10
12.4932499999999997
20
-58.0749999999999957
11
6.4932499999999997
21
-58.0749999999999957
0
LINE
8
Edge.Cuts
6
CONTINUOUS
10
6.4932499999999997
20
-73.0750000000000028
11
12.4932499999999997
21
-73.0750000000000028
0
ARC
8
Edge.Cuts
10
6.4932499999999997
20
-58.5749999999999957
40
0.5
50
90.00000000
51
180.00000000
0
ARC
8
Edge.Cuts
10
12.4931999999999999
20
-58.5749999999999957
40
0.5000000025
50
0.00000000
51
89.99427042
0
ARC
8
Edge.Cuts
10
12.4931999999999999
20
-72.5750000000000028
40
0.50005
50
-89.99427042
51
-0.00000000
0
ARC
8
Edge.Cuts
10
6.4932499999999997
20
-72.5750000000000028
40
0.5
50
-180.00000000
51
-90.00000000
0
LINE
8
Edge.Cuts
6
CONTINUOUS
10
14.4312499999999986
20
-58.5749999999999957
11
14.4312499999999986
21
-71.5750000000000028
0
LINE
8
Edge.Cuts
6
CONTINUOUS
10
28.4312499999999986
20
-71.5750000000000028
11
28.4312499999999986
21
-58.5749999999999957
0
LINE
8
Edge.Cuts
6
CONTINUOUS
10
27.9312499999999986
20
-58.0749999999999957
11
14.9312499999999986
21
-58.0749999999999957
0
LINE
8
Edge.Cuts
6
CONTINUOUS
10
14.9312499999999986
20
-72.0750000000000028
11
27.9312499999999986
21
-72.0750000000000028
0
ARC
8
Edge.Cuts
10
14.9312999999999985
20
-58.5749999999999957
40
0.50005
50
90.00572958
51
180.00000000
0
ARC
8
Edge.Cuts
10
27.9312000000000005
20
-58.5749999999999957
40
0.5000000025
50
0.00000000
51
89.99427042
0
ARC
8
Edge.Cuts
10
27.9312000000000005
20
-71.5750000000000028
40
0.50005
50
-89.99427042
51
-0.00000000
0
ARC
8
Edge.Cuts
10
14.9312999999999985
20
-71.5750000000000028
40
0.5000000025
50
-180.00000000
51
-90.00572958
0
LINE
8
Edge.Cuts
6
CONTINUOUS
10
272.7567500000000109
20
-39.5249999999999986
11
272.7567500000000109
21
-53.5249999999999986
0
LINE
8
Edge.Cuts
6
CONTINUOUS
10
279.7567500000000109
20
-53.5249999999999986
11
279.7567500000000109
21
-39.5249999999999986
0
LINE
8
Edge.Cuts
6
CONTINUOUS
10
279.2567500000000109
20
-39.0249999999999986
11
273.2567500000000109
21
-39.0249999999999986
0
LINE
8
Edge.Cuts
6
CONTINUOUS
10
273.2567500000000109
20
-54.0249999999999986
11
279.2567500000000109
21
-54.0249999999999986
0
ARC
8
Edge.Cuts
10
273.2567999999999984
20
-39.5249999999999986
40
0.50005
50
90.00572958
51
180.00000000
0
ARC
8
Edge.Cuts
10
279.2566999999999666
20
-39.5249999999999986
40
0.5000000025
50
0.00000000
51
89.99427042
0
ARC
8
Edge.Cuts
10
279.2566999999999666
20
-53.5249999999999986
40
0.50005
50
-89.99427042
51
-0.00000000
0
ARC
8
Edge.Cuts
10
273.2567999999999984
20
-53.5249999999999986
40
0.5000000025
50
-180.00000000
51
-90.00572958
0
LINE
8
Edge.Cuts
6
CONTINUOUS
10
248.8807499999999777
20
-39.5249999999999986
11
248.8807499999999777
21
-53.5249999999999986
0
LINE
8
Edge.Cuts
6
CONTINUOUS
10
255.8807499999999777
20
-53.5249999999999986
11
255.8807499999999777
21
-39.5249999999999986
0
LINE
8
Edge.Cuts
6
CONTINUOUS
10
255.3807499999999777
20
-39.0249999999999986
11
249.3807499999999777
21
-39.0249999999999986
0
LINE
8
Edge.Cuts
6
CONTINUOUS
10
249.3807499999999777
20
-54.0249999999999986
11
255.3807499999999777
21
-54.0249999999999986
0
ARC
8
Edge.Cuts
10
249.3807999999999936
20
-39.5249999999999986
40
0.50005
50
90.00572958
51
180.00000000
0
ARC
8
Edge.Cuts
10
255.3806999999999903
20
-39.5249999999999986
40
0.5000000025
50
0.00000000
51
89.99427042
0
ARC
8
Edge.Cuts
10
255.3806999999999903
20
-53.5249999999999986
40
0.50005
50
-89.99427042
51
-0.00000000
0
ARC
8
Edge.Cuts
10
249.3807999999999936
20
-53.5249999999999986
40
0.5000000025
50
-180.00000000
51
-90.00572958
0
LINE
8
Edge.Cuts
6
CONTINUOUS
10
257.3187499999999659
20
-39.5249999999999986
11
257.3187499999999659
21
-52.5249999999999986
0
LINE
8
Edge.Cuts
6
CONTINUOUS
10
271.3187499999999659
20
-52.5249999999999986
11
271.3187499999999659
21
-39.5249999999999986
0
LINE
8
Edge.Cuts
6
CONTINUOUS
10
270.8187499999999659
20
-39.0249999999999986
11
257.8187499999999659
21
-39.0249999999999986
0
LINE
8
Edge.Cuts
6
CONTINUOUS
10
257.8187499999999659
20
-53.0249999999999986
11
270.8187499999999659
21
-53.0249999999999986
0
ARC
8
Edge.Cuts
10
257.8188000000000102
20
-39.5249999999999986
40
0.50005
50
90.00572958
51
180.00000000
0
ARC
8
Edge.Cuts
10
270.8186999999999784
20
-39.5249999999999986
40
0.5000000025
50
0.00000000
51
89.99427042
0
ARC
8
Edge.Cuts
10
270.8186999999999784
20
-52.5249999999999986
40
0.50005
50
-89.99427042
51
-0.00000000
0
ARC
8
Edge.Cuts
10
257.8188000000000102
20
-52.5249999999999986
40
0.5000000025
50
-180.00000000
51
-90.00572958
0
LINE
8
Edge.Cuts
6
CONTINUOUS
10
226.3624999999999829
20
-39.5249999999999986
11
226.3624999999999829
21
-52.5249999999999986
0
LINE
8
Edge.Cuts
6
CONTINUOUS
10
240.3624999999999829
20
-52.5249999999999986
11
240.3624999999999829
21
-39.5249999999999986
0
LINE
8
Edge.Cuts
6
CONTINUOUS
10
239.8624999999999829
20
-39.0249999999999986
11
226.8624999999999829
21
-39.0249999999999986
0
LINE
8
Edge.Cuts
6
CONTINUOUS
10
226.8624999999999829
20
-53.0249999999999986
11
239.8624999999999829
21
-53.0249999999999986
0
ARC
8
Edge.Cuts
10
226.8624999999999829
20
-39.5249999999999986
40
0.5
50
90.00000000
51
180.00000000
0
ARC
8
Edge.Cuts
10
239.8624999999999829
20
-39.5249999999999986
40
0.5
50
0.00000000
51
90.00000000
0
ARC
8
Edge.Cuts
10
239.8624999999999829
20
-52.5249999999999986
40
0.5
50
-90.00000000
51
-0.00000000
0
ARC
8
Edge.Cuts
10
226.8624999999999829
20
-52.5249999999999986
40
0.5
50
-180.00000000
51
-90.00000000
0
LINE
8
Edge.Cuts
6
CONTINUOUS
10
207.3125
20
-39.5249999999999986
11
207.3125
21
-52.5249999999999986
0
LINE
8
Edge.Cuts
6
CONTINUOUS
10
221.3125
20
-52.5249999999999986
11
221.3125
21
-39.5249999999999986
0
LINE
8
Edge.Cuts
6
CONTINUOUS
10
220.8125
20
-39.0249999999999986
11
207.8125
21
-39.0249999999999986
0
LINE
8
Edge.Cuts
6
CONTINUOUS
10
207.8125
20
-53.0249999999999986
11
220.8125
21
-53.0249999999999986
0
ARC
8
Edge.Cuts
10
207.8125
20
-39.5249999999999986
40
0.5
50
90.00000000
51
180.00000000
0
ARC
8
Edge.Cuts
10
220.8125
20
-39.5249999999999986
40
0.5
50
0.00000000
51
90.00000000
0
ARC
8
Edge.Cuts
10
220.8125
20
-52.5249999999999986
40
0.5
50
-90.00000000
51
-0.00000000
0
ARC
8
Edge.Cuts
10
207.8125
20
-52.5249999999999986
40
0.5
50
-180.00000000
51
-90.00000000
0
LINE
8
Edge.Cuts
6
CONTINUOUS
10
188.2624999999999886
20
-39.5249999999999986
11
188.2624999999999886
21
-52.5249999999999986
0
LINE
8
Edge.Cuts
6
CONTINUOUS
10
202.2624999999999886
20
-52.5249999999999986
11
202.2624999999999886
21
-39.5249999999999986
0
LINE
8
Edge.Cuts
6
CONTINUOUS
10
201.7624999999999886
20
-39.0249999999999986
11
188.7624999999999886
21
-39.0249999999999986
0
LINE
8
Edge.Cuts
6
CONTINUOUS
10
188.7624999999999886
20
-53.0249999999999986
11
201.7624999999999886
21
-53.0249999999999986
0
ARC
8
Edge.Cuts
10
188.7624999999999886
20
-39.5249999999999986
40
0.5
50
90.00000000
51
180.00000000
0
ARC
8
Edge.Cuts
10
201.7624999999999886
20
-39.5249999999999986
40
0.5
50
0.00000000
51
90.00000000
0
ARC
8
Edge.Cuts
10
201.7624999999999886
20
-52.5249999999999986
40
0.5
50
-90.00000000
51
-0.00000000
0
ARC
8
Edge.Cuts
10
188.7624999999999886
20
-52.5249999999999986
40
0.5
50
-180.00000000
51
-90.00000000
0
LINE
8
Edge.Cuts
6
CONTINUOUS
10
169.2125000000000057
20
-39.5249999999999986
11
169.2125000000000057
21
-52.5249999999999986
0
LINE
8
Edge.Cuts
6
CONTINUOUS
10
183.2125000000000057
20
-52.5249999999999986
11
183.2125000000000057
21
-39.5249999999999986
0
LINE
8
Edge.Cuts
6
CONTINUOUS
10
182.7125000000000057
20
-39.0249999999999986
11
169.7125000000000057
21
-39.0249999999999986
0
LINE
8
Edge.Cuts
6
CONTINUOUS
10
169.7125000000000057
20
-53.0249999999999986
11
182.7125000000000057
21
-53.0249999999999986
0
ARC
8
Edge.Cuts
10
169.7125000000000057
20
-39.5249999999999986
40
0.5
50
90.00000000
51
180.00000000
0
ARC
8
Edge.Cuts
10
182.7125000000000057
20
-39.5249999999999986
40
0.5
50
0.00000000
51
90.00000000
0
ARC
8
Edge.Cuts
10
182.7125000000000057
20
-52.5249999999999986
40
0.5
50
-90.00000000
51
-0.00000000
0
ARC
8
Edge.Cuts
10
169.7125000000000057
20
-52.5249999999999986
40
0.5
50
-180.00000000
51
-90.00000000
0
LINE
8
Edge.Cuts
6
CONTINUOUS
10
150.1624999999999943
20
-39.5249999999999986
11
150.1624999999999943
21
-52.5249999999999986
0
LINE
8
Edge.Cuts
6
CONTINUOUS
10
164.1624999999999943
20
-52.5249999999999986
11
164.1624999999999943
21
-39.5249999999999986
0
LINE
8
Edge.Cuts
6
CONTINUOUS
10
163.6624999999999943
20
-39.0249999999999986
11
150.6624999999999943
21
-39.0249999999999986
0
LINE
8
Edge.Cuts
6
CONTINUOUS
10
150.6624999999999943
20
-53.0249999999999986
11
163.6624999999999943
21
-53.0249999999999986
0
ARC
8
Edge.Cuts
10
150.6624999999999943
20
-39.5249999999999986
40
0.5
50
90.00000000
51
180.00000000
0
ARC
8
Edge.Cuts
10
163.6624999999999943
20
-39.5249999999999986
40
0.5
50
0.00000000
51
90.00000000
0
ARC
8
Edge.Cuts
10
163.6624999999999943
20
-52.5249999999999986
40
0.5
50
-90.00000000
51
-0.00000000
0
ARC
8
Edge.Cuts
10
150.6624999999999943
20
-52.5249999999999986
40
0.5
50
-180.00000000
51
-90.00000000
0
LINE
8
Edge.Cuts
6
CONTINUOUS
10
131.1124999999999829
20
-39.5249999999999986
11
131.1124999999999829
21
-52.5249999999999986
0
LINE
8
Edge.Cuts
6
CONTINUOUS
10
145.1124999999999829
20
-52.5249999999999986
11
145.1124999999999829
21
-39.5249999999999986
0
LINE
8
Edge.Cuts
6
CONTINUOUS
10
144.6124999999999829
20
-39.0249999999999986
11
131.6124999999999829
21
-39.0249999999999986
0
LINE
8
Edge.Cuts
6
CONTINUOUS
10
131.6124999999999829
20
-53.0249999999999986
11
144.6124999999999829
21
-53.0249999999999986
0
ARC
8
Edge.Cuts
10
131.6124999999999829
20
-39.5249999999999986
40
0.5
50
90.00000000
51
180.00000000
0
ARC
8
Edge.Cuts
10
144.6124999999999829
20
-39.5249999999999986
40
0.5
50
0.00000000
51
90.00000000
0
ARC
8
Edge.Cuts
10
144.6124999999999829
20
-52.5249999999999986
40
0.5
50
-90.00000000
51
-0.00000000
0
ARC
8
Edge.Cuts
10
131.6124999999999829
20
-52.5249999999999986
40
0.5
50
-180.00000000
51
-90.00000000
0
LINE
8
Edge.Cuts
6
CONTINUOUS
10
112.0625
20
-39.5249999999999986
11
112.0625
21
-52.5249999999999986
0
LINE
8
Edge.Cuts
6
CONTINUOUS
10
126.0625
20
-52.5249999999999986
11
126.0625
21
-39.5249999999999986
0
LINE
8
Edge.Cuts
6
CONTINUOUS
10
125.5625
20
-39.0249999999999986
11
112.5625
21
-39.0249999999999986
0
LINE
8
Edge.Cuts
6
CONTINUOUS
10
112.5625
20
-53.0249999999999986
11
125.5625
21
-53.0249999999999986
0
ARC
8
Edge.Cuts
10
112.5625
20
-39.5249999999999986
40
0.5
50
90.00000000
51
180.00000000
0
ARC
8
Edge.Cuts
10
125.5625
20
-39.5249999999999986
40
0.5
50
0.00000000
51
90.00000000
0
ARC
8
Edge.Cuts
10
125.5625
20
-52.5249999999999986
40
0.5
50
-90.00000000
51
-0.00000000
0
ARC
8
Edge.Cuts
10
112.5625
20
-52.5249999999999986
40
0.5
50
-180.00000000
51
-90.00000000
0
LINE
8
Edge.Cuts
6
CONTINUOUS
10
93.0125000000000028
20
-39.5249999999999986
11
93.0125000000000028
21
-52.5249999999999986
0
LINE
8
Edge.Cuts
6
CONTINUOUS
10
107.0124999999999886
20
-52.5249999999999986
11
107.0124999999999886
21
-39.5249999999999986
0
LINE
8
Edge.Cuts
6
CONTINUOUS
10
106.5124999999999886
20
-39.0249999999999986
11
93.5125000000000028
21
-39.0249999999999986
0
LINE
8
Edge.Cuts
6
CONTINUOUS
10
93.5125000000000028
20
-53.0249999999999986
11
106.5124999999999886
21
-53.0249999999999986
0
ARC
8
Edge.Cuts
10
93.5125000000000028
20
-39.5249999999999986
40
0.5
50
90.00000000
51
180.00000000
0
ARC
8
Edge.Cuts
10
106.5124999999999886
20
-39.5249999999999986
40
0.5
50
0.00000000
51
90.00000000
0
ARC
8
Edge.Cuts
10
106.5124999999999886
20
-52.5249999999999986
40
0.5
50
-90.00000000
51
-0.00000000
0
ARC
8
Edge.Cuts
10
93.5125000000000028
20
-52.5249999999999986
40
0.5
50
-180.00000000
51
-90.00000000
0
LINE
8
Edge.Cuts
6
CONTINUOUS
10
73.9624999999999915
20
-39.5249999999999986
11
73.9624999999999915
21
-52.5249999999999986
0
LINE
8
Edge.Cuts
6
CONTINUOUS
10
87.9624999999999915
20
-52.5249999999999986
11
87.9624999999999915
21
-39.5249999999999986
0
LINE
8
Edge.Cuts
6
CONTINUOUS
10
87.4624999999999915
20
-39.0249999999999986
11
74.4624999999999915
21
-39.0249999999999986
0
LINE
8
Edge.Cuts
6
CONTINUOUS
10
74.4624999999999915
20
-53.0249999999999986
11
87.4624999999999915
21
-53.0249999999999986
0
ARC
8
Edge.Cuts
10
74.4624999999999915
20
-39.5249999999999986
40
0.5
50
90.00000000
51
180.00000000
0
ARC
8
Edge.Cuts
10
87.4624999999999915
20
-39.5249999999999986
40
0.5
50
0.00000000
51
90.00000000
0
ARC
8
Edge.Cuts
10
87.4624999999999915
20
-52.5249999999999986
40
0.5
50
-90.00000000
51
-0.00000000
0
ARC
8
Edge.Cuts
10
74.4624999999999915
20
-52.5249999999999986
40
0.5
50
-180.00000000
51
-90.00000000
0
LINE
8
Edge.Cuts
6
CONTINUOUS
10
54.9124999999999943
20
-39.5249999999999986
11
54.9124999999999943
21
-52.5249999999999986
0
LINE
8
Edge.Cuts
6
CONTINUOUS
10
68.9124999999999943
20
-52.5249999999999986
11
68.9124999999999943
21
-39.5249999999999986
0
LINE
8
Edge.Cuts
6
CONTINUOUS
10
68.4124999999999943
20
-39.0249999999999986
11
55.4124999999999943
21
-39.0249999999999986
0
LINE
8
Edge.Cuts
6
CONTINUOUS
10
55.4124999999999943
20
-53.0249999999999986
11
68.4124999999999943
21
-53.0249999999999986
0
ARC
8
Edge.Cuts
10
55.4124999999999943
20
-39.5249999999999986
40
0.5
50
90.00000000
51
180.00000000
0
ARC
8
Edge.Cuts
10
68.4124999999999943
20
-39.5249999999999986
40
0.5
50
0.00000000
51
90.00000000
0
ARC
8
Edge.Cuts
10
68.4124999999999943
20
-52.5249999999999986
40
0.5
50
-90.00000000
51
-0.00000000
0
ARC
8
Edge.Cuts
10
55.4124999999999943
20
-52.5249999999999986
40
0.5
50
-180.00000000
51
-90.00000000
0
LINE
8
Edge.Cuts
6
CONTINUOUS
10
35.8624999999999972
20
-39.5249999999999986
11
35.8624999999999972
21
-52.5249999999999986
0
LINE
8
Edge.Cuts
6
CONTINUOUS
10
49.8624999999999972
20
-52.5249999999999986
11
49.8624999999999972
21
-39.5249999999999986
0
LINE
8
Edge.Cuts
6
CONTINUOUS
10
49.3624999999999972
20
-39.0249999999999986
11
36.3624999999999972
21
-39.0249999999999986
0
LINE
8
Edge.Cuts
6
CONTINUOUS
10
36.3624999999999972
20
-53.0249999999999986
11
49.3624999999999972
21
-53.0249999999999986
0
ARC
8
Edge.Cuts
10
36.3624999999999972
20
-39.5249999999999986
40
0.5
50
90.00000000
51
180.00000000
0
ARC
8
Edge.Cuts
10
49.3624999999999972
20
-39.5249999999999986
40
0.5
50
0.00000000
51
90.00000000
0
ARC
8
Edge.Cuts
10
49.3624999999999972
20
-52.5249999999999986
40
0.5
50
-90.00000000
51
-0.00000000
0
ARC
8
Edge.Cuts
10
36.3624999999999972
20
-52.5249999999999986
40
0.5
50
-180.00000000
51
-90.00000000
0
LINE
8
Edge.Cuts
6
CONTINUOUS
10
9.6687499999999993
20
-39.5249999999999986
11
9.6687499999999993
21
-52.5249999999999986
0
LINE
8
Edge.Cuts
6
CONTINUOUS
10
23.6687499999999993
20
-52.5249999999999986
11
23.6687499999999993
21
-39.5249999999999986
0
LINE
8
Edge.Cuts
6
CONTINUOUS
10
23.1687499999999993
20
-39.0249999999999986
11
10.1687499999999993
21
-39.0249999999999986
0
LINE
8
Edge.Cuts
6
CONTINUOUS
10
10.1687499999999993
20
-53.0249999999999986
11
23.1687499999999993
21
-53.0249999999999986
0
ARC
8
Edge.Cuts
10
10.1687999999999992
20
-39.5249999999999986
40
0.50005
50
90.00572958
51
180.00000000
0
ARC
8
Edge.Cuts
10
23.1686999999999976
20
-39.5249999999999986
40
0.5000000025
50
0.00000000
51
89.99427042
0
ARC
8
Edge.Cuts
10
23.1686999999999976
20
-52.5249999999999986
40
0.50005
50
-89.99427042
51
-0.00000000
0
ARC
8
Edge.Cuts
10
10.1687999999999992
20
-52.5249999999999986
40
0.5000000025
50
-180.00000000
51
-90.00572958
0
LINE
8
Edge.Cuts
6
CONTINUOUS
10
258.8625000000000114
20
-20.4749999999999979
11
258.8625000000000114
21
-33.4750000000000014
0
LINE
8
Edge.Cuts
6
CONTINUOUS
10
260.8625000000000114
20
-33.4750000000000014
11
260.8625000000000114
21
-20.4749999999999979
0
LINE
8
Edge.Cuts
6
CONTINUOUS
10
260.3625000000000114
20
-19.9749999999999979
11
259.3625000000000114
21
-19.9749999999999979
0
LINE
8
Edge.Cuts
6
CONTINUOUS
10
259.3625000000000114
20
-33.9750000000000014
11
260.3625000000000114
21
-33.9750000000000014
0
ARC
8
Edge.Cuts
10
259.3625000000000114
20
-20.4749999999999979
40
0.5
50
90.00000000
51
180.00000000
0
ARC
8
Edge.Cuts
10
260.3625000000000114
20
-20.4749999999999979
40
0.5
50
0.00000000
51
90.00000000
0
ARC
8
Edge.Cuts
10
260.3625000000000114
20
-33.4750000000000014
40
0.5
50
-90.00000000
51
-0.00000000
0
ARC
8
Edge.Cuts
10
259.3625000000000114
20
-33.4750000000000014
40
0.5
50
-180.00000000
51
-90.00000000
0
LINE
8
Edge.Cuts
6
CONTINUOUS
10
264.4624999999999773
20
-20.4749999999999979
11
264.4624999999999773
21
-33.4750000000000014
0
LINE
8
Edge.Cuts
6
CONTINUOUS
10
278.4624999999999773
20
-33.4750000000000014
11
278.4624999999999773
21
-20.4749999999999979
0
LINE
8
Edge.Cuts
6
CONTINUOUS
10
277.9624999999999773
20
-19.9749999999999979
11
264.9624999999999773
21
-19.9749999999999979
0
LINE
8
Edge.Cuts
6
CONTINUOUS
10
264.9624999999999773
20
-33.9750000000000014
11
277.9624999999999773
21
-33.9750000000000014
0
ARC
8
Edge.Cuts
10
264.9624999999999773
20
-20.4749999999999979
40
0.5
50
90.00000000
51
180.00000000
0
ARC
8
Edge.Cuts
10
277.9624999999999773
20
-20.4749999999999979
40
0.5
50
0.00000000
51
90.00000000
0
ARC
8
Edge.Cuts
10
277.9624999999999773
20
-33.4750000000000014
40
0.5
50
-90.00000000
51
-0.00000000
0
ARC
8
Edge.Cuts
10
264.9624999999999773
20
-33.4750000000000014
40
0.5
50
-180.00000000
51
-90.00000000
0
LINE
8
Edge.Cuts
6
CONTINUOUS
10
240.6499999999999773
20
-20.4749999999999979
11
240.6499999999999773
21
-33.4750000000000014
0
LINE
8
Edge.Cuts
6
CONTINUOUS
10
254.6499999999999773
20
-33.4750000000000014
11
254.6499999999999773
21
-20.4749999999999979
0
LINE
8
Edge.Cuts
6
CONTINUOUS
10
254.1499999999999773
20
-19.9749999999999979
11
241.1499999999999773
21
-19.9749999999999979
0
LINE
8
Edge.Cuts
6
CONTINUOUS
10
241.1499999999999773
20
-33.9750000000000014
11
254.1499999999999773
21
-33.9750000000000014
0
ARC
8
Edge.Cuts
10
241.1499999999999773
20
-20.4749999999999979
40
0.5
50
90.00000000
51
180.00000000
0
ARC
8
Edge.Cuts
10
254.1499999999999773
20
-20.4749999999999979
40
0.5
50
0.00000000
51
90.00000000
0
ARC
8
Edge.Cuts
10
254.1499999999999773
20
-33.4750000000000014
40
0.5
50
-90.00000000
51
-0.00000000
0
ARC
8
Edge.Cuts
10
241.1499999999999773
20
-33.4750000000000014
40
0.5
50
-180.00000000
51
-90.00000000
0
LINE
8
Edge.Cuts
6
CONTINUOUS
10
221.5999999999999943
20
-20.4749999999999979
11
221.5999999999999943
21
-33.4750000000000014
0
LINE
8
Edge.Cuts
6
CONTINUOUS
10
235.5999999999999943
20
-33.4750000000000014
11
235.5999999999999943
21
-20.4749999999999979
0
LINE
8
Edge.Cuts
6
CONTINUOUS
10
235.0999999999999943
20
-19.9749999999999979
11
222.0999999999999943
21
-19.9749999999999979
0
LINE
8
Edge.Cuts
6
CONTINUOUS
10
222.0999999999999943
20
-33.9750000000000014
11
235.0999999999999943
21
-33.9750000000000014
0
ARC
8
Edge.Cuts
10
222.0999999999999943
20
-20.4749999999999979
40
0.5
50
90.00000000
51
180.00000000
0
ARC
8
Edge.Cuts
10
235.0999999999999943
20
-20.4749999999999979
40
0.5
50
0.00000000
51
90.00000000
0
ARC
8
Edge.Cuts
10
235.0999999999999943
20
-33.4750000000000014
40
0.5
50
-90.00000000
51
-0.00000000
0
ARC
8
Edge.Cuts
10
222.0999999999999943
20
-33.4750000000000014
40
0.5
50
-180.00000000
51
-90.00000000
0
LINE
8
Edge.Cuts
6
CONTINUOUS
10
202.5499999999999829
20
-20.4749999999999979
11
202.5499999999999829
21
-33.4750000000000014
0
LINE
8
Edge.Cuts
6
CONTINUOUS
10
216.5499999999999829
20
-33.4750000000000014
11
216.5499999999999829
21
-20.4749999999999979
0
LINE
8
Edge.Cuts
6
CONTINUOUS
10
216.0499999999999829
20
-19.9749999999999979
11
203.0499999999999829
21
-19.9749999999999979
0
LINE
8
Edge.Cuts
6
CONTINUOUS
10
203.0499999999999829
20
-33.9750000000000014
11
216.0499999999999829
21
-33.9750000000000014
0
ARC
8
Edge.Cuts
10
203.0499999999999829
20
-20.4749999999999979
40
0.5
50
90.00000000
51
180.00000000
0
ARC
8
Edge.Cuts
10
216.0499999999999829
20
-20.4749999999999979
40
0.5
50
0.00000000
51
90.00000000
0
ARC
8
Edge.Cuts
10
216.0499999999999829
20
-33.4750000000000014
40
0.5
50
-90.00000000
51
-0.00000000
0
ARC
8
Edge.Cuts
10
203.0499999999999829
20
-33.4750000000000014
40
0.5
50
-180.00000000
51
-90.00000000
0
LINE
8
Edge.Cuts
6
CONTINUOUS
10
183.5
20
-20.4749999999999979
11
183.5
21
-33.4750000000000014
0
LINE
8
Edge.Cuts
6
CONTINUOUS
10
197.5
20
-33.4750000000000014
11
197.5
21
-20.4749999999999979
0
LINE
8
Edge.Cuts
6
CONTINUOUS
10
197.
20
-19.9749999999999979
11
184.
21
-19.9749999999999979
0
LINE
8
Edge.Cuts
6
CONTINUOUS
10
184.
20
-33.9750000000000014
11
197.
21
-33.9750000000000014
0
ARC
8
Edge.Cuts
10
184.
20
-20.4749999999999979
40
0.5
50
90.00000000
51
180.00000000
0
ARC
8
Edge.Cuts
10
197.
20
-20.4749999999999979
40
0.5
50
0.00000000
51
90.00000000
0
ARC
8
Edge.Cuts
10
197.
20
-33.4750000000000014
40
0.5
50
-90.00000000
51
-0.00000000
0
ARC
8
Edge.Cuts
10
184.
20
-33.4750000000000014
40
0.5
50
-180.00000000
51
-90.00000000
0
LINE
8
Edge.Cuts
6
CONTINUOUS
10
164.4499999999999886
20
-20.4749999999999979
11
164.4499999999999886
21
-33.4750000000000014
0
LINE
8
Edge.Cuts
6
CONTINUOUS
10
178.4499999999999886
20
-33.4750000000000014
11
178.4499999999999886
21
-20.4749999999999979
0
LINE
8
Edge.Cuts
6
CONTINUOUS
10
177.9499999999999886
20
-19.9749999999999979
11
164.9499999999999886
21
-19.9749999999999979
0
LINE
8
Edge.Cuts
6
CONTINUOUS
10
164.9499999999999886
20
-33.9750000000000014
11
177.9499999999999886
21
-33.9750000000000014
0
ARC
8
Edge.Cuts
10
164.9499999999999886
20
-20.4749999999999979
40
0.5
50
90.00000000
51
180.00000000
0
ARC
8
Edge.Cuts
10
177.9499999999999886
20
-20.4749999999999979
40
0.5
50
0.00000000
51
90.00000000
0
ARC
8
Edge.Cuts
10
177.9499999999999886
20
-33.4750000000000014
40
0.5
50
-90.00000000
51
-0.00000000
0
ARC
8
Edge.Cuts
10
164.9499999999999886
20
-33.4750000000000014
40
0.5
50
-180.00000000
51
-90.00000000
0
LINE
8
Edge.Cuts
6
CONTINUOUS
10
145.4000000000000057
20
-20.4749999999999979
11
145.4000000000000057
21
-33.4750000000000014
0
LINE
8
Edge.Cuts
6
CONTINUOUS
10
159.4000000000000057
20
-33.4750000000000014
11
159.4000000000000057
21
-20.4749999999999979
0
LINE
8
Edge.Cuts
6
CONTINUOUS
10
158.9000000000000057
20
-19.9749999999999979
11
145.9000000000000057
21
-19.9749999999999979
0
LINE
8
Edge.Cuts
6
CONTINUOUS
10
145.9000000000000057
20
-33.9750000000000014
11
158.9000000000000057
21
-33.9750000000000014
0
ARC
8
Edge.Cuts
10
145.9000000000000057
20
-20.4749999999999979
40
0.5
50
90.00000000
51
180.00000000
0
ARC
8
Edge.Cuts
10
158.9000000000000057
20
-20.4749999999999979
40
0.5
50
0.00000000
51
90.00000000
0
ARC
8
Edge.Cuts
10
158.9000000000000057
20
-33.4750000000000014
40
0.5
50
-90.00000000
51
-0.00000000
0
ARC
8
Edge.Cuts
10
145.9000000000000057
20
-33.4750000000000014
40
0.5
50
-180.00000000
51
-90.00000000
0
LINE
8
Edge.Cuts
6
CONTINUOUS
10
126.3499999999999943
20
-20.4749999999999979
11
126.3499999999999943
21
-33.4750000000000014
0
LINE
8
Edge.Cuts
6
CONTINUOUS
10
140.3499999999999943
20
-33.4750000000000014
11
140.3499999999999943
21
-20.4749999999999979
0
LINE
8
Edge.Cuts
6
CONTINUOUS
10
139.8499999999999943
20
-19.9749999999999979
11
126.8499999999999943
21
-19.9749999999999979
0
LINE
8
Edge.Cuts
6
CONTINUOUS
10
126.8499999999999943
20
-33.9750000000000014
11
139.8499999999999943
21
-33.9750000000000014
0
ARC
8
Edge.Cuts
10
126.8499999999999943
20
-20.4749999999999979
40
0.5
50
90.00000000
51
180.00000000
0
ARC
8
Edge.Cuts
10
139.8499999999999943
20
-20.4749999999999979
40
0.5
50
0.00000000
51
90.00000000
0
ARC
8
Edge.Cuts
10
139.8499999999999943
20
-33.4750000000000014
40
0.5
50
-90.00000000
51
-0.00000000
0
ARC
8
Edge.Cuts
10
126.8499999999999943
20
-33.4750000000000014
40
0.5
50
-180.00000000
51
-90.00000000
0
LINE
8
Edge.Cuts
6
CONTINUOUS
10
107.2999999999999972
20
-20.4749999999999979
11
107.2999999999999972
21
-33.4750000000000014
0
LINE
8
Edge.Cuts
6
CONTINUOUS
10
121.2999999999999972
20
-33.4750000000000014
11
121.2999999999999972
21
-20.4749999999999979
0
LINE
8
Edge.Cuts
6
CONTINUOUS
10
120.7999999999999972
20
-19.9749999999999979
11
107.7999999999999972
21
-19.9749999999999979
0
LINE
8
Edge.Cuts
6
CONTINUOUS
10
107.7999999999999972
20
-33.9750000000000014
11
120.7999999999999972
21
-33.9750000000000014
0
ARC
8
Edge.Cuts
10
107.7999999999999972
20
-20.4749999999999979
40
0.5
50
90.00000000
51
180.00000000
0
ARC
8
Edge.Cuts
10
120.7999999999999972
20
-20.4749999999999979
40
0.5
50
0.00000000
51
90.00000000
0
ARC
8
Edge.Cuts
10
120.7999999999999972
20
-33.4750000000000014
40
0.5
50
-90.00000000
51
-0.00000000
0
ARC
8
Edge.Cuts
10
107.7999999999999972
20
-33.4750000000000014
40
0.5
50
-180.00000000
51
-90.00000000
0
LINE
8
Edge.Cuts
6
CONTINUOUS
10
88.25
20
-20.4749999999999979
11
88.25
21
-33.4750000000000014
0
LINE
8
Edge.Cuts
6
CONTINUOUS
10
102.25
20
-33.4750000000000014
11
102.25
21
-20.4749999999999979
0
LINE
8
Edge.Cuts
6
CONTINUOUS
10
101.75
20
-19.9749999999999979
11
88.75
21
-19.9749999999999979
0
LINE
8
Edge.Cuts
6
CONTINUOUS
10
88.75
20
-33.9750000000000014
11
101.75
21
-33.9750000000000014
0
ARC
8
Edge.Cuts
10
88.75
20
-20.4749999999999979
40
0.5
50
90.00000000
51
180.00000000
0
ARC
8
Edge.Cuts
10
101.75
20
-20.4749999999999979
40
0.5
50
0.00000000
51
90.00000000
0
ARC
8
Edge.Cuts
10
101.75
20
-33.4750000000000014
40
0.5
50
-90.00000000
51
-0.00000000
0
ARC
8
Edge.Cuts
10
88.75
20
-33.4750000000000014
40
0.5
50
-180.00000000
51
-90.00000000
0
LINE
8
Edge.Cuts
6
CONTINUOUS
10
69.2000000000000028
20
-20.4749999999999979
11
69.2000000000000028
21
-33.4750000000000014
0
LINE
8
Edge.Cuts
6
CONTINUOUS
10
83.2000000000000028
20
-33.4750000000000014
11
83.2000000000000028
21
-20.4749999999999979
0
LINE
8
Edge.Cuts
6
CONTINUOUS
10
82.7000000000000028
20
-19.9749999999999979
11
69.7000000000000028
21
-19.9749999999999979
0
LINE
8
Edge.Cuts
6
CONTINUOUS
10
69.7000000000000028
20
-33.9750000000000014
11
82.7000000000000028
21
-33.9750000000000014
0
ARC
8
Edge.Cuts
10
69.7000000000000028
20
-20.4749999999999979
40
0.5
50
90.00000000
51
180.00000000
0
ARC
8
Edge.Cuts
10
82.7000000000000028
20
-20.4749999999999979
40
0.5
50
0.00000000
51
90.00000000
0
ARC
8
Edge.Cuts
10
82.7000000000000028
20
-33.4750000000000014
40
0.5
50
-90.00000000
51
-0.00000000
0
ARC
8
Edge.Cuts
10
69.7000000000000028
20
-33.4750000000000014
40
0.5
50
-180.00000000
51
-90.00000000
0
LINE
8
Edge.Cuts
6
CONTINUOUS
10
50.1499999999999986
20
-20.4749999999999979
11
50.1499999999999986
21
-33.4750000000000014
0
LINE
8
Edge.Cuts
6
CONTINUOUS
10
64.1499999999999915
20
-33.4750000000000014
11
64.1499999999999915
21
-20.4749999999999979
0
LINE
8
Edge.Cuts
6
CONTINUOUS
10
63.6499999999999986
20
-19.9749999999999979
11
50.6499999999999986
21
-19.9749999999999979
0
LINE
8
Edge.Cuts
6
CONTINUOUS
10
50.6499999999999986
20
-33.9750000000000014
11
63.6499999999999986
21
-33.9750000000000014
0
ARC
8
Edge.Cuts
10
50.6499999999999986
20
-20.4749999999999979
40
0.5
50
90.00000000
51
180.00000000
0
ARC
8
Edge.Cuts
10
63.6499999999999986
20
-20.4749999999999979
40
0.5
50
0.00000000
51
90.00000000
0
ARC
8
Edge.Cuts
10
63.6499999999999986
20
-33.4750000000000014
40
0.5
50
-90.00000000
51
-0.00000000
0
ARC
8
Edge.Cuts
10
50.6499999999999986
20
-33.4750000000000014
40
0.5
50
-180.00000000
51
-90.00000000
0
LINE
8
Edge.Cuts
6
CONTINUOUS
10
31.0999999999999979
20
-20.4749999999999979
11
31.0999999999999979
21
-33.4750000000000014
0
LINE
8
Edge.Cuts
6
CONTINUOUS
10
45.1000000000000014
20
-33.4750000000000014
11
45.1000000000000014
21
-20.4749999999999979
0
LINE
8
Edge.Cuts
6
CONTINUOUS
10
44.6000000000000014
20
-19.9749999999999979
11
31.5999999999999979
21
-19.9749999999999979
0
LINE
8
Edge.Cuts
6
CONTINUOUS
10
31.5999999999999979
20
-33.9750000000000014
11
44.6000000000000014
21
-33.9750000000000014
0
ARC
8
Edge.Cuts
10
31.5999999999999979
20
-20.4749999999999979
40
0.5
50
90.00000000
51
180.00000000
0
ARC
8
Edge.Cuts
10
44.6000000000000014
20
-20.4749999999999979
40
0.5
50
0.00000000
51
90.00000000
0
ARC
8
Edge.Cuts
10
44.6000000000000014
20
-33.4750000000000014
40
0.5
50
-90.00000000
51
-0.00000000
0
ARC
8
Edge.Cuts
10
31.5999999999999979
20
-33.4750000000000014
40
0.5
50
-180.00000000
51
-90.00000000
0
LINE
8
Edge.Cuts
6
CONTINUOUS
10
24.8874999999999993
20
-20.4749999999999979
11
24.8874999999999993
21
-33.4750000000000014
0
LINE
8
Edge.Cuts
6
CONTINUOUS
10
26.8874999999999993
20
-33.4750000000000014
11
26.8874999999999993
21
-20.4749999999999979
0
LINE
8
Edge.Cuts
6
CONTINUOUS
10
26.3874999999999993
20
-19.9749999999999979
11
25.3874999999999993
21
-19.9749999999999979
0
LINE
8
Edge.Cuts
6
CONTINUOUS
10
25.3874999999999993
20
-33.9750000000000014
11
26.3874999999999993
21
-33.9750000000000014
0
ARC
8
Edge.Cuts
10
25.3874999999999993
20
-20.4749999999999979
40
0.5
50
90.00000000
51
180.00000000
0
ARC
8
Edge.Cuts
10
26.3874999999999993
20
-20.4749999999999979
40
0.5
50
0.00000000
51
90.00000000
0
ARC
8
Edge.Cuts
10
26.3874999999999993
20
-33.4750000000000014
40
0.5
50
-90.00000000
51
-0.00000000
0
ARC
8
Edge.Cuts
10
25.3874999999999993
20
-33.4750000000000014
40
0.5
50
-180.00000000
51
-90.00000000
0
LINE
8
Edge.Cuts
6
CONTINUOUS
10
1.6875
20
-20.4749999999999979
11
1.6875
21
-33.4750000000000014
0
LINE
8
Edge.Cuts
6
CONTINUOUS
10
3.6875
20
-33.4750000000000014
11
3.6875
21
-20.4749999999999979
0
LINE
8
Edge.Cuts
6
CONTINUOUS
10
3.1875
20
-19.9749999999999979
11
2.1875
21
-19.9749999999999979
0
LINE
8
Edge.Cuts
6
CONTINUOUS
10
2.1875
20
-33.9750000000000014
11
3.1875
21
-33.9750000000000014
0
ARC
8
Edge.Cuts
10
2.1875
20
-20.4749999999999979
40
0.5
50
90.00000000
51
180.00000000
0
ARC
8
Edge.Cuts
10
3.1875
20
-20.4749999999999979
40
0.5
50
0.00000000
51
90.00000000
0
ARC
8
Edge.Cuts
10
3.1875
20
-33.4750000000000014
40
0.5
50
-90.00000000
51
-0.00000000
0
ARC
8
Edge.Cuts
10
2.1875
20
-33.4750000000000014
40
0.5
50
-180.00000000
51
-90.00000000
0
LINE
8
Edge.Cuts
6
CONTINUOUS
10
7.2874999999999996
20
-20.4749999999999979
11
7.2874999999999996
21
-33.4750000000000014
0
LINE
8
Edge.Cuts
6
CONTINUOUS
10
21.2874999999999979
20
-33.4750000000000014
11
21.2874999999999979
21
-20.4749999999999979
0
LINE
8
Edge.Cuts
6
CONTINUOUS
10
20.7874999999999979
20
-19.9749999999999979
11
7.7874999999999996
21
-19.9749999999999979
0
LINE
8
Edge.Cuts
6
CONTINUOUS
10
7.7874999999999996
20
-33.9750000000000014
11
20.7874999999999979
21
-33.9750000000000014
0
ARC
8
Edge.Cuts
10
7.7874999999999996
20
-20.4749999999999979
40
0.5
50
90.00000000
51
180.00000000
0
ARC
8
Edge.Cuts
10
20.7874999999999979
20
-20.4749999999999979
40
0.5
50
0.00000000
51
90.00000000
0
ARC
8
Edge.Cuts
10
20.7874999999999979
20
-33.4750000000000014
40
0.5
50
-90.00000000
51
-0.00000000
0
ARC
8
Edge.Cuts
10
7.7874999999999996
20
-33.4750000000000014
40
0.5
50
-180.00000000
51
-90.00000000
0
LINE
8
Edge.Cuts
6
CONTINUOUS
10
269.2249999999999659
20
-1.425
11
269.2249999999999659
21
-14.4249999999999989
0
LINE
8
Edge.Cuts
6
CONTINUOUS
10
283.2249999999999659
20
-14.4249999999999989
11
283.2249999999999659
21
-1.425
0
LINE
8
Edge.Cuts
6
CONTINUOUS
10
282.7249999999999659
20
-0.9249999999999999
11
269.7249999999999659
21
-0.9249999999999999
0
LINE
8
Edge.Cuts
6
CONTINUOUS
10
269.7249999999999659
20
-14.9249999999999989
11
282.7249999999999659
21
-14.9249999999999989
0
ARC
8
Edge.Cuts
10
269.7249999999999659
20
-1.425
40
0.5
50
90.00000000
51
180.00000000
0
ARC
8
Edge.Cuts
10
282.7249999999999659
20
-1.425
40
0.5
50
0.00000000
51
90.00000000
0
ARC
8
Edge.Cuts
10
282.7249999999999659
20
-14.4249999999999989
40
0.5
50
-90.00000000
51
-0.00000000
0
ARC
8
Edge.Cuts
10
269.7249999999999659
20
-14.4249999999999989
40
0.5
50
-180.00000000
51
-90.00000000
0
LINE
8
Edge.Cuts
6
CONTINUOUS
10
250.1749999999999829
20
-1.425
11
250.1749999999999829
21
-14.4249999999999989
0
LINE
8
Edge.Cuts
6
CONTINUOUS
10
264.1750000000000114
20
-14.4249999999999989
11
264.1750000000000114
21
-1.425
0
LINE
8
Edge.Cuts
6
CONTINUOUS
10
263.6750000000000114
20
-0.9249999999999999
11
250.6749999999999829
21
-0.9249999999999999
0
LINE
8
Edge.Cuts
6
CONTINUOUS
10
250.6749999999999829
20
-14.9249999999999989
11
263.6750000000000114
21
-14.9249999999999989
0
ARC
8
Edge.Cuts
10
250.6749999999999829
20
-1.425
40
0.5
50
90.00000000
51
180.00000000
0
ARC
8
Edge.Cuts
10
263.6750000000000114
20
-1.425
40
0.5
50
0.00000000
51
90.00000000
0
ARC
8
Edge.Cuts
10
263.6750000000000114
20
-14.4249999999999989
40
0.5
50
-90.00000000
51
-0.00000000
0
ARC
8
Edge.Cuts
10
250.6749999999999829
20
-14.4249999999999989
40
0.5
50
-180.00000000
51
-90.00000000
0
LINE
8
Edge.Cuts
6
CONTINUOUS
10
231.125
20
-1.425
11
231.125
21
-14.4249999999999989
0
LINE
8
Edge.Cuts
6
CONTINUOUS
10
245.125
20
-14.4249999999999989
11
245.125
21
-1.425
0
LINE
8
Edge.Cuts
6
CONTINUOUS
10
244.625
20
-0.9249999999999999
11
231.625
21
-0.9249999999999999
0
LINE
8
Edge.Cuts
6
CONTINUOUS
10
231.625
20
-14.9249999999999989
11
244.625
21
-14.9249999999999989
0
ARC
8
Edge.Cuts
10
231.625
20
-1.425
40
0.5
50
90.00000000
51
180.00000000
0
ARC
8
Edge.Cuts
10
244.625
20
-1.425
40
0.5
50
0.00000000
51
90.00000000
0
ARC
8
Edge.Cuts
10
244.625
20
-14.4249999999999989
40
0.5
50
-90.00000000
51
-0.00000000
0
ARC
8
Edge.Cuts
10
231.625
20
-14.4249999999999989
40
0.5
50
-180.00000000
51
-90.00000000
0
LINE
8
Edge.Cuts
6
CONTINUOUS
10
212.0749999999999886
20
-1.425
11
212.0749999999999886
21
-14.4249999999999989
0
LINE
8
Edge.Cuts
6
CONTINUOUS
10
226.0749999999999886
20
-14.4249999999999989
11
226.0749999999999886
21
-1.425
0
LINE
8
Edge.Cuts
6
CONTINUOUS
10
225.5749999999999886
20
-0.9249999999999999
11
212.5749999999999886
21
-0.9249999999999999
0
LINE
8
Edge.Cuts
6
CONTINUOUS
10
212.5749999999999886
20
-14.9249999999999989
11
225.5749999999999886
21
-14.9249999999999989
0
ARC
8
Edge.Cuts
10
212.5749999999999886
20
-1.425
40
0.5
50
90.00000000
51
180.00000000
0
ARC
8
Edge.Cuts
10
225.5749999999999886
20
-1.425
40
0.5
50
0.00000000
51
90.00000000
0
ARC
8
Edge.Cuts
10
225.5749999999999886
20
-14.4249999999999989
40
0.5
50
-90.00000000
51
-0.00000000
0
ARC
8
Edge.Cuts
10
212.5749999999999886
20
-14.4249999999999989
40
0.5
50
-180.00000000
51
-90.00000000
0
LINE
8
Edge.Cuts
6
CONTINUOUS
10
193.0249999999999773
20
-1.425
11
193.0249999999999773
21
-14.4249999999999989
0
LINE
8
Edge.Cuts
6
CONTINUOUS
10
207.0249999999999773
20
-14.4249999999999989
11
207.0249999999999773
21
-1.425
0
LINE
8
Edge.Cuts
6
CONTINUOUS
10
206.5249999999999773
20
-0.9249999999999999
11
193.5249999999999773
21
-0.9249999999999999
0
LINE
8
Edge.Cuts
6
CONTINUOUS
10
193.5249999999999773
20
-14.9249999999999989
11
206.5249999999999773
21
-14.9249999999999989
0
ARC
8
Edge.Cuts
10
193.5249999999999773
20
-1.425
40
0.5
50
90.00000000
51
180.00000000
0
ARC
8
Edge.Cuts
10
206.5249999999999773
20
-1.425
40
0.5
50
0.00000000
51
90.00000000
0
ARC
8
Edge.Cuts
10
206.5249999999999773
20
-14.4249999999999989
40
0.5
50
-90.00000000
51
-0.00000000
0
ARC
8
Edge.Cuts
10
193.5249999999999773
20
-14.4249999999999989
40
0.5
50
-180.00000000
51
-90.00000000
0
LINE
8
Edge.Cuts
6
CONTINUOUS
10
173.9749999999999943
20
-1.425
11
173.9749999999999943
21
-14.4249999999999989
0
LINE
8
Edge.Cuts
6
CONTINUOUS
10
187.9749999999999943
20
-14.4249999999999989
11
187.9749999999999943
21
-1.425
0
LINE
8
Edge.Cuts
6
CONTINUOUS
10
187.4749999999999943
20
-0.9249999999999999
11
174.4749999999999943
21
-0.9249999999999999
0
LINE
8
Edge.Cuts
6
CONTINUOUS
10
174.4749999999999943
20
-14.9249999999999989
11
187.4749999999999943
21
-14.9249999999999989
0
ARC
8
Edge.Cuts
10
174.4749999999999943
20
-1.425
40
0.5
50
90.00000000
51
180.00000000
0
ARC
8
Edge.Cuts
10
187.4749999999999943
20
-1.425
40
0.5
50
0.00000000
51
90.00000000
0
ARC
8
Edge.Cuts
10
187.4749999999999943
20
-14.4249999999999989
40
0.5
50
-90.00000000
51
-0.00000000
0
ARC
8
Edge.Cuts
10
174.4749999999999943
20
-14.4249999999999989
40
0.5
50
-180.00000000
51
-90.00000000
0
LINE
8
Edge.Cuts
6
CONTINUOUS
10
154.9249999999999829
20
-1.425
11
154.9249999999999829
21
-14.4249999999999989
0
LINE
8
Edge.Cuts
6
CONTINUOUS
10
168.9249999999999829
20
-14.4249999999999989
11
168.9249999999999829
21
-1.425
0
LINE
8
Edge.Cuts
6
CONTINUOUS
10
168.4249999999999829
20
-0.9249999999999999
11
155.4249999999999829
21
-0.9249999999999999
0
LINE
8
Edge.Cuts
6
CONTINUOUS
10
155.4249999999999829
20
-14.9249999999999989
11
168.4249999999999829
21
-14.9249999999999989
0
ARC
8
Edge.Cuts
10
155.4249999999999829
20
-1.425
40
0.5
50
90.00000000
51
180.00000000
0
ARC
8
Edge.Cuts
10
168.4249999999999829
20
-1.425
40
0.5
50
0.00000000
51
90.00000000
0
ARC
8
Edge.Cuts
10
168.4249999999999829
20
-14.4249999999999989
40
0.5
50
-90.00000000
51
-0.00000000
0
ARC
8
Edge.Cuts
10
155.4249999999999829
20
-14.4249999999999989
40
0.5
50
-180.00000000
51
-90.00000000
0
LINE
8
Edge.Cuts
6
CONTINUOUS
10
135.875
20
-1.425
11
135.875
21
-14.4249999999999989
0
LINE
8
Edge.Cuts
6
CONTINUOUS
10
149.875
20
-14.4249999999999989
11
149.875
21
-1.425
0
LINE
8
Edge.Cuts
6
CONTINUOUS
10
149.375
20
-0.9249999999999999
11
136.375
21
-0.9249999999999999
0
LINE
8
Edge.Cuts
6
CONTINUOUS
10
136.375
20
-14.9249999999999989
11
149.375
21
-14.9249999999999989
0
ARC
8
Edge.Cuts
10
136.375
20
-1.425
40
0.5
50
90.00000000
51
180.00000000
0
ARC
8
Edge.Cuts
10
149.375
20
-1.425
40
0.5
50
0.00000000
51
90.00000000
0
ARC
8
Edge.Cuts
10
149.375
20
-14.4249999999999989
40
0.5
50
-90.00000000
51
-0.00000000
0
ARC
8
Edge.Cuts
10
136.375
20
-14.4249999999999989
40
0.5
50
-180.00000000
51
-90.00000000
0
LINE
8
Edge.Cuts
6
CONTINUOUS
10
116.8249999999999886
20
-1.425
11
116.8249999999999886
21
-14.4249999999999989
0
LINE
8
Edge.Cuts
6
CONTINUOUS
10
130.8249999999999886
20
-14.4249999999999989
11
130.8249999999999886
21
-1.425
0
LINE
8
Edge.Cuts
6
CONTINUOUS
10
130.3249999999999886
20
-0.9249999999999999
11
117.3249999999999886
21
-0.9249999999999999
0
LINE
8
Edge.Cuts
6
CONTINUOUS
10
117.3249999999999886
20
-14.9249999999999989
11
130.3249999999999886
21
-14.9249999999999989
0
ARC
8
Edge.Cuts
10
117.3249999999999886
20
-1.425
40
0.5
50
90.00000000
51
180.00000000
0
ARC
8
Edge.Cuts
10
130.3249999999999886
20
-1.425
40
0.5
50
0.00000000
51
90.00000000
0
ARC
8
Edge.Cuts
10
130.3249999999999886
20
-14.4249999999999989
40
0.5
50
-90.00000000
51
-0.00000000
0
ARC
8
Edge.Cuts
10
117.3249999999999886
20
-14.4249999999999989
40
0.5
50
-180.00000000
51
-90.00000000
0
LINE
8
Edge.Cuts
6
CONTINUOUS
10
97.7749999999999915
20
-1.425
11
97.7749999999999915
21
-14.4249999999999989
0
LINE
8
Edge.Cuts
6
CONTINUOUS
10
111.7749999999999915
20
-14.4249999999999989
11
111.7749999999999915
21
-1.425
0
LINE
8
Edge.Cuts
6
CONTINUOUS
10
111.2749999999999915
20
-0.9249999999999999
11
98.2749999999999915
21
-0.9249999999999999
0
LINE
8
Edge.Cuts
6
CONTINUOUS
10
98.2749999999999915
20
-14.9249999999999989
11
111.2749999999999915
21
-14.9249999999999989
0
ARC
8
Edge.Cuts
10
98.2749999999999915
20
-1.425
40
0.5
50
90.00000000
51
180.00000000
0
ARC
8
Edge.Cuts
10
111.2749999999999915
20
-1.425
40
0.5
50
0.00000000
51
90.00000000
0
ARC
8
Edge.Cuts
10
111.2749999999999915
20
-14.4249999999999989
40
0.5
50
-90.00000000
51
-0.00000000
0
ARC
8
Edge.Cuts
10
98.2749999999999915
20
-14.4249999999999989
40
0.5
50
-180.00000000
51
-90.00000000
0
LINE
8
Edge.Cuts
6
CONTINUOUS
10
78.7249999999999943
20
-1.425
11
78.7249999999999943
21
-14.4249999999999989
0
LINE
8
Edge.Cuts
6
CONTINUOUS
10
92.7249999999999943
20
-14.4249999999999989
11
92.7249999999999943
21
-1.425
0
LINE
8
Edge.Cuts
6
CONTINUOUS
10
92.2249999999999943
20
-0.9249999999999999
11
79.2249999999999943
21
-0.9249999999999999
0
LINE
8
Edge.Cuts
6
CONTINUOUS
10
79.2249999999999943
20
-14.9249999999999989
11
92.2249999999999943
21
-14.9249999999999989
0
ARC
8
Edge.Cuts
10
79.2249999999999943
20
-1.425
40
0.5
50
90.00000000
51
180.00000000
0
ARC
8
Edge.Cuts
10
92.2249999999999943
20
-1.425
40
0.5
50
0.00000000
51
90.00000000
0
ARC
8
Edge.Cuts
10
92.2249999999999943
20
-14.4249999999999989
40
0.5
50
-90.00000000
51
-0.00000000
0
ARC
8
Edge.Cuts
10
79.2249999999999943
20
-14.4249999999999989
40
0.5
50
-180.00000000
51
-90.00000000
0
LINE
8
Edge.Cuts
6
CONTINUOUS
10
59.6749999999999972
20
-1.425
11
59.6749999999999972
21
-14.4249999999999989
0
LINE
8
Edge.Cuts
6
CONTINUOUS
10
73.6749999999999972
20
-14.4249999999999989
11
73.6749999999999972
21
-1.425
0
LINE
8
Edge.Cuts
6
CONTINUOUS
10
73.1749999999999972
20
-0.9249999999999999
11
60.1749999999999972
21
-0.9249999999999999
0
LINE
8
Edge.Cuts
6
CONTINUOUS
10
60.1749999999999972
20
-14.9249999999999989
11
73.1749999999999972
21
-14.9249999999999989
0
ARC
8
Edge.Cuts
10
60.1749999999999972
20
-1.425
40
0.5
50
90.00000000
51
180.00000000
0
ARC
8
Edge.Cuts
10
73.1749999999999972
20
-1.425
40
0.5
50
0.00000000
51
90.00000000
0
ARC
8
Edge.Cuts
10
73.1749999999999972
20
-14.4249999999999989
40
0.5
50
-90.00000000
51
-0.00000000
0
ARC
8
Edge.Cuts
10
60.1749999999999972
20
-14.4249999999999989
40
0.5
50
-180.00000000
51
-90.00000000
0
LINE
8
Edge.Cuts
6
CONTINUOUS
10
40.625
20
-1.425
11
40.625
21
-14.4249999999999989
0
LINE
8
Edge.Cuts
6
CONTINUOUS
10
54.625
20
-14.4249999999999989
11
54.625
21
-1.425
0
LINE
8
Edge.Cuts
6
CONTINUOUS
10
54.125
20
-0.9249999999999999
11
41.125
21
-0.9249999999999999
0
LINE
8
Edge.Cuts
6
CONTINUOUS
10
41.125
20
-14.9249999999999989
11
54.125
21
-14.9249999999999989
0
ARC
8
Edge.Cuts
10
41.125
20
-1.425
40
0.5
50
90.00000000
51
180.00000000
0
ARC
8
Edge.Cuts
10
54.125
20
-1.425
40
0.5
50
0.00000000
51
90.00000000
0
ARC
8
Edge.Cuts
10
54.125
20
-14.4249999999999989
40
0.5
50
-90.00000000
51
-0.00000000
0
ARC
8
Edge.Cuts
10
41.125
20
-14.4249999999999989
40
0.5
50
-180.00000000
51
-90.00000000
0
LINE
8
Edge.Cuts
6
CONTINUOUS
10
21.5749999999999993
20
-1.425
11
21.5749999999999993
21
-14.4249999999999989
0
LINE
8
Edge.Cuts
6
CONTINUOUS
10
35.5749999999999957
20
-14.4249999999999989
11
35.5749999999999957
21
-1.425
0
LINE
8
Edge.Cuts
6
CONTINUOUS
10
35.0749999999999957
20
-0.9249999999999999
11
22.0749999999999993
21
-0.9249999999999999
0
LINE
8
Edge.Cuts
6
CONTINUOUS
10
22.0749999999999993
20
-14.9249999999999989
11
35.0749999999999957
21
-14.9249999999999989
0
ARC
8
Edge.Cuts
10
22.0749999999999993
20
-1.425
40
0.5
50
90.00000000
51
180.00000000
0
ARC
8
Edge.Cuts
10
35.0749999999999957
20
-1.425
40
0.5
50
0.00000000
51
90.00000000
0
ARC
8
Edge.Cuts
10
35.0749999999999957
20
-14.4249999999999989
40
0.5
50
-90.00000000
51
-0.00000000
0
ARC
8
Edge.Cuts
10
22.0749999999999993
20
-14.4249999999999989
40
0.5
50
-180.00000000
51
-90.00000000
0
LINE
8
Edge.Cuts
6
CONTINUOUS
10
2.5249999999999999
20
-1.425
11
2.5249999999999999
21
-14.4249999999999989
0
LINE
8
Edge.Cuts
6
CONTINUOUS
10
16.5249999999999986
20
-14.4249999999999989
11
16.5249999999999986
21
-1.425
0
LINE
8
Edge.Cuts
6
CONTINUOUS
10
16.0249999999999986
20
-0.9249999999999999
11
3.0249999999999999
21
-0.9249999999999999
0
LINE
8
Edge.Cuts
6
CONTINUOUS
10
3.0249999999999999
20
-14.9249999999999989
11
16.0249999999999986
21
-14.9249999999999989
0
ARC
8
Edge.Cuts
10
3.0249999999999999
20
-1.425
40
0.5
50
90.00000000
51
180.00000000
0
ARC
8
Edge.Cuts
10
16.0249999999999986
20
-1.425
40
0.5
50
0.00000000
51
90.00000000
0
ARC
8
Edge.Cuts
10
16.0249999999999986
20
-14.4249999999999989
40
0.5
50
-90.00000000
51
-0.00000000
0
ARC
8
Edge.Cuts
10
3.0249999999999999
20
-14.4249999999999989
40
0.5
50
-180.00000000
51
-90.00000000
0
LINE
8
Edge.Cuts
6
CONTINUOUS
10
168.4450819999999851
20
-90.1499999999999915
11
176.4450999999999965
21
-90.1499999999999915
0
ARC
8
Edge.Cuts
10
176.4450999999999965
20
-90.649799999999999
40
0.4998
50
69.43790358
51
90.00000000
0
LINE
8
Edge.Cuts
6
CONTINUOUS
10
176.6206430000000012
20
-90.1818349999999924
11
180.6206599999999867
21
-91.6818409999999915
0
ARC
8
Edge.Cuts
10
180.4450999999999965
20
-92.1499999999999915
40
0.4999941628469276
50
-110.55804362
51
69.44391454
0
LINE
8
Edge.Cuts
6
CONTINUOUS
10
180.26952
20
-92.6181649999999905
11
176.3544139999999913
21
-91.1499999999999915
0
LINE
8
Edge.Cuts
6
CONTINUOUS
10
176.3544139999999913
20
-91.1499999999999915
11
168.5357489999999814
21
-91.1499999999999915
0
LINE
8
Edge.Cuts
6
CONTINUOUS
10
168.5357489999999814
20
-91.1499999999999915
11
164.6206599999999867
21
-92.6181589999999915
0
ARC
8
Edge.Cuts
10
164.4450999999999965
20
-92.1499999999999915
40
0.4999941628469276
50
-249.44391454
51
-69.44391454
0
LINE
8
Edge.Cuts
6
CONTINUOUS
10
164.269535999999988
20
-91.6818289999999934
11
168.2695139999999867
21
-90.1818370000000016
0
ARC
8
Edge.Cuts
10
168.4449999999999932
20
-90.649799999999999
40
0.4997846591933369
50
89.99059945
51
110.55603180
0
ARC
8
Edge.Cuts
10
205.5499999999999829
20
-77.3417999999999921
40
0.4999921691836783
50
-0.00126053
51
46.88517285
0
LINE
8
Edge.Cuts
6
CONTINUOUS
10
205.8917259999999771
20
-76.9768129999999928
11
203.4973279999999818
21
-74.7350110000000001
0
ARC
8
Edge.Cuts
10
203.1555999999999926
20
-75.0999999999999943
40
0.5
50
46.88522451
51
90.00000000
0
LINE
8
Edge.Cuts
6
CONTINUOUS
10
203.1555999999999926
20
-74.5999999999999943
11
196.5249999999999773
21
-74.5999999999999943
0
ARC
8
Edge.Cuts
10
196.5249999999999773
20
-74.0999999999999943
40
0.5
50
-270.00000000
51
-90.00000000
0
LINE
8
Edge.Cuts
6
CONTINUOUS
10
196.5249999999999773
20
-73.5999999999999943
11
209.9968999999999824
21
-73.5999999999999943
0
ARC
8
Edge.Cuts
10
209.9968999999999824
20
-74.100200000000001
40
0.5002
50
49.27878660
51
90.00000000
0
LINE
8
Edge.Cuts
6
CONTINUOUS
10
210.323204000000004
20
-73.7211209999999966
11
214.1371340000000032
21
-76.9753680000000031
0
LINE
8
Edge.Cuts
6
CONTINUOUS
10
213.8125
20
-89.5999999999999943
11
206.5499999999999829
21
-89.5999999999999943
0
ARC
8
Edge.Cuts
10
206.5499999999999829
20
-89.0999999999999943
40
0.5
50
-180.00000000
51
-90.00000000
0
LINE
8
Edge.Cuts
6
CONTINUOUS
10
206.0499999999999829
20
-89.0999999999999943
11
206.0499999999999829
21
-77.3418109999999928
0
LINE
8
Edge.Cuts
6
CONTINUOUS
10
186.8777999999999793
20
-88.125
11
158.8777999999999793
21
-88.125
0
ARC
8
Edge.Cuts
10
158.8777999999999793
20
-84.125
40
4.
50
-270.00000000
51
-90.00000000
0
LINE
8
Edge.Cuts
6
CONTINUOUS
10
158.8777999999999793
20
-80.125
11
186.8777999999999793
21
-80.125
0
ARC
8
Edge.Cuts
10
186.8777999999999793
20
-84.125
40
4.
50
-90.00000000
51
90.00000000
0
LINE
8
Edge.Cuts
6
CONTINUOUS
10
174.2887000000000057
20
-78.125
11
167.4499999999999886
21
-78.125
0
ARC
8
Edge.Cuts
10
167.4499999999999886
20
-77.625
40
0.5
50
-270.00000000
51
-90.00000000
0
LINE
8
Edge.Cuts
6
CONTINUOUS
10
167.4499999999999886
20
-77.125
11
173.330112999999983
21
-77.125
0
ARC
8
Edge.Cuts
10
173.3134000000000015
20
-75.1248999999999967
40
2.0001908872827614
50
-89.52124793
51
-14.47905882
0
ARC
8
Edge.Cuts
10
177.1865999999999985
20
-76.125
40
2.0000438876107194
50
89.73415242
51
165.52281244
0
LINE
8
Edge.Cuts
6
CONTINUOUS
10
177.1958799999999883
20
-74.125
11
180.9499999999999886
21
-74.125
0
ARC
8
Edge.Cuts
10
180.9499999999999886
20
-72.125
40
1.9999995929784584
50
-90.00000000
51
-66.44353854
0
ARC
8
Edge.Cuts
10
183.3478999999999814
20
-77.625
40
3.9999941078599104
50
89.99977082
51
113.55625878
0
LINE
8
Edge.Cuts
6
CONTINUOUS
10
183.3479159999999979
20
-73.625
11
191.4749999999999943
21
-73.625
0
ARC
8
Edge.Cuts
10
191.4749999999999943
20
-74.125
40
0.5
50
-90.00000000
51
90.00000000
0
LINE
8
Edge.Cuts
6
CONTINUOUS
10
191.4749999999999943
20
-74.625
11
184.3149999999999977
21
-74.625
0
ARC
8
Edge.Cuts
10
184.3229999999999791
20
-76.625
40
2.0000158084535231
50
90.22918190
51
165.52260475
0
ARC
8
Edge.Cuts
10
180.4499999999999886
20
-75.625
40
2.0000003165159748
50
-90.00000000
51
-14.47750984
0
LINE
8
Edge.Cuts
6
CONTINUOUS
10
180.4499999999999886
20
-77.625
11
176.6795730000000049
21
-77.625
0
ARC
8
Edge.Cuts
10
176.6864999999999952
20
-79.6247999999999934
40
1.999795595293929
50
90.19846457
51
113.55732187
0
ARC
8
Edge.Cuts
10
174.2887000000000057
20
-74.1252999999999957
40
3.999699807655194
50
-90.00000000
51
-66.44262204
0
ARC
8
Edge.Cuts
10
79.2000000000000028
20
-89.0999999999999943
40
0.5
50
-90.00000000
51
-0.00000000
0
LINE
8
Edge.Cuts
6
CONTINUOUS
10
79.7000000000000028
20
-89.0999999999999943
11
79.7000000000000028
21
-77.3417999999999921
0
ARC
8
Edge.Cuts
10
80.2000000000000028
20
-77.3417999999999921
40
0.5
50
132.79078111
51
180.00000000
0
LINE
8
Edge.Cuts
6
CONTINUOUS
10
79.8603379999999987
20
-76.9748799999999989
11
82.2526719999999898
21
-74.7350110000000001
0
ARC
8
Edge.Cuts
10
82.5943999999999932
20
-75.0999999999999943
40
0.4999949960799607
50
89.99908326
51
133.11483782
0
LINE
8
Edge.Cuts
6
CONTINUOUS
10
82.5944080000000014
20
-74.5999999999999943
11
89.2249999999999943
21
-74.5999999999999943
0
ARC
8
Edge.Cuts
10
89.2249999999999943
20
-74.0999999999999943
40
0.5
50
-90.00000000
51
90.00000000
0
LINE
8
Edge.Cuts
6
CONTINUOUS
10
89.2249999999999943
20
-73.5999999999999943
11
75.753073999999998
21
-73.5999999999999943
0
ARC
8
Edge.Cuts
10
75.7530000000000001
20
-74.099899999999991
40
0.4998762838343103
50
89.99151812
51
130.47262048
0
LINE
8
Edge.Cuts
6
CONTINUOUS
10
75.4285380000000032
20
-73.7196359999999942
11
71.608744999999999
21
-76.9788849999999911
0
ARC
8
Edge.Cuts
10
71.9378999999999991
20
-77.3558000000000021
40
0.5004
50
131.13031319
51
180.00000000
0
LINE
8
Edge.Cuts
6
CONTINUOUS
10
71.4375
20
-77.3558000000000021
11
71.4375
21
-89.0999999999999943
0
ARC
8
Edge.Cuts
10
71.9375
20
-89.0999999999999943
40
0.5
50
-180.00000000
51
-90.00000000
0
LINE
8
Edge.Cuts
6
CONTINUOUS
10
71.9375
20
-89.5999999999999943
11
79.2000000000000028
21
-89.5999999999999943
0
ARC
8
Edge.Cuts
10
117.3048999999999893
20
-90.6503000000000014
40
0.5003
50
69.70401786
51
90.00000000
0
LINE
8
Edge.Cuts
6
CONTINUOUS
10
117.3048999999999893
20
-90.1499999999999915
11
109.3049180000000007
21
-90.1499999999999915
0
ARC
8
Edge.Cuts
10
109.3048999999999893
20
-90.6501999999999981
40
0.5001808434766369
50
89.99793810
51
110.55601841
0
LINE
8
Edge.Cuts
6
CONTINUOUS
10
109.1292749999999927
20
-90.1818659999999994
11
105.1259649999999937
21
-91.6831069999999926
0
ARC
8
Edge.Cuts
10
105.3048999999999893
20
-92.1499999999999915
40
0.5000068032907152
50
-249.03085605
51
-69.44396819
0
LINE
8
Edge.Cuts
6
CONTINUOUS
10
105.4804639999999978
20
-92.6181709999999896
11
109.3955859999999944
21
-91.1499999999999915
0
LINE
8
Edge.Cuts
6
CONTINUOUS
10
109.3955859999999944
20
-91.1499999999999915
11
117.2142509999999902
21
-91.1499999999999915
0
LINE
8
Edge.Cuts
6
CONTINUOUS
10
117.2142509999999902
20
-91.1499999999999915
11
121.1325829999999968
21
-92.6193749999999909
0
ARC
8
Edge.Cuts
10
121.3048999999999893
20
-92.1499999999999915
40
0.5000068032907152
50
-110.15916183
51
69.44396819
0
LINE
8
Edge.Cuts
6
CONTINUOUS
10
121.4804639999999978
20
-91.6818289999999934
11
117.4784359999999879
21
-90.1810689999999937
0
ARC
8
Edge.Cuts
10
126.8722299999999876
20
-84.125
40
4.
50
-90.00000000
51
90.00000000
0
ARC
8
Edge.Cuts
10
94.2749999999999915
20
-74.125
40
0.5
50
-270.00000000
51
-90.00000000
0
LINE
8
Edge.Cuts
6
CONTINUOUS
10
94.2749999999999915
20
-74.625
11
101.4269999999999925
21
-74.625
0
ARC
8
Edge.Cuts
10
101.4269999999999925
20
-76.625
40
2.
50
14.47739173
51
90.00000000
0
ARC
8
Edge.Cuts
10
105.2999999999999972
20
-75.625
40
2.
50
-165.52249016
51
-90.00000000
0
LINE
8
Edge.Cuts
6
CONTINUOUS
10
105.2999999999999972
20
-77.625
11
109.0634000000000015
21
-77.625
0
ARC
8
Edge.Cuts
10
109.0634000000000015
20
-79.6255000000000024
40
2.0004999999999997
50
66.44806956
51
90.00000000
0
ARC
8
Edge.Cuts
10
111.4613999999999976
20
-74.1246000000000009
40
4.0004
50
-113.55467847
51
-90.00000000
0
LINE
8
Edge.Cuts
6
CONTINUOUS
10
111.4613999999999976
20
-78.125
11
118.2999999999999972
21
-78.125
0
ARC
8
Edge.Cuts
10
118.2999999999999972
20
-77.625
40
0.5
50
-90.00000000
51
90.00000000
0
LINE
8
Edge.Cuts
6
CONTINUOUS
10
118.2999999999999972
20
-77.125
11
112.4363999999999919
21
-77.125
0
ARC
8
Edge.Cuts
10
112.4363999999999919
20
-75.1251000000000033
40
1.9999
50
-165.52505981
51
-90.00000000
0
ARC
8
Edge.Cuts
10
108.5634000000000015
20
-76.1251000000000033
40
2.0000999999999998
50
14.47996830
51
90.00000000
0
LINE
8
Edge.Cuts
6
CONTINUOUS
10
108.5634000000000015
20
-74.125
11
104.7999999999999972
21
-74.125
0
ARC
8
Edge.Cuts
10
104.7999999999999972
20
-72.125
40
2.
50
-113.55646146
51
-90.00000000
0
ARC
8
Edge.Cuts
10
102.4020999999999901
20
-77.6248999999999967
40
3.9998999999999998
50
66.44317043
51
90.00000000
0
LINE
8
Edge.Cuts
6
CONTINUOUS
10
102.4020999999999901
20
-73.625
11
94.2749999999999915
21
-73.625
0
CIRCLE
8
Edge.Cuts
10
4.7625000000000002
20
-17.9499999999999993
40
1.0999999999999999
0
CIRCLE
8
Edge.Cuts
10
142.875
20
-17.9499999999999993
40
1.0999999999999999
0
CIRCLE
8
Edge.Cuts
10
281.9875000000000114
20
-22.2124999999999986
40
1.0999999999999999
0
CIRCLE
8
Edge.Cuts
10
24.8125
20
-84.125
40
1.0999999999999999
0
CIRCLE
8
Edge.Cuts
10
96.25
20
-84.125
40
1.0999999999999999
0
CIRCLE
8
Edge.Cuts
10
260.9375
20
-84.125
40
1.0999999999999999
0
LINE
8
Edge.Cuts
6
CONTINUOUS
10
102.8722300000000018
20
-88.1172559999999976
11
126.8722299999999876
21
-88.125
0
LINE
8
Edge.Cuts
6
CONTINUOUS
10
126.8722299999999876
20
-80.125
11
102.8722300000000018
21
-80.1250059999999991
0
ARC
8
Edge.Cuts
10
102.8683599999999956
20
-84.1211299999999937
40
3.9961260000001251
50
-269.99998566
51
-90.00001434
0
CIRCLE
8
Edge.Cuts
10
66.6749999999999972
20
-36.
40
1.0999999999999999
0
CIRCLE
8
Edge.Cuts
10
219.0749999999999886
20
-36.
40
1.0999999999999999
0
LINE
8
Edge.Cuts
6
CONTINUOUS
10
214.3125
20
-77.3613429999999909
11
214.3125
21
-89.0999999999999943
0
ARC
8
Edge.Cuts
10
213.8125
20
-77.3556999999999988
40
0.5000396626068776
50
-0.64660237
51
49.51744459
0
ARC
8
Edge.Cuts
10
213.8125
20
-89.0999999999999943
40
0.5
50
-90.00000000
51
-0.00000000
  0
ENDSEC
  0
EOF
